customer_state,year_week,month,revenue,order_count,population,gdp_per_capita,week_of_year,month_sin,month_cos,week_sin,week_cos,revenue_growth_1w,revenue_growth_4w,revenue_lag_1,revenue_lag_2,revenue_lag_4,revenue_lag_8,revenue_rolling_4,revenue_rolling_8,revenue_rolling_12,target_next_revenue
AC,2017-01-16/2017-01-22,1,2,2,1000000,50000,3,0.49999999999999994,0.8660254037844387,0.3546048870425356,0.9350162426854148,0.0,0.0,,,,,,,,1.0
AC,2017-02-06/2017-02-12,2,1,1,1000000,50000,6,0.8660254037844386,0.5000000000000001,0.6631226582407952,0.7485107481711011,-0.5,0.0,2.0,,,,,,,1.0
AC,2017-02-13/2017-02-19,2,1,1,1000000,50000,7,0.8660254037844386,0.5000000000000001,0.7485107481711011,0.6631226582407953,0.0,0.0,1.0,2.0,,,1.5,1.5,1.5,1.0
AC,2017-02-20/2017-02-26,2,1,1,1000000,50000,8,0.8660254037844386,0.5000000000000001,0.8229838658936564,0.5680647467311559,0.0,0.0,1.0,1.0,,,1.3333333333333333,1.3333333333333333,1.3333333333333333,2.0
AC,2017-02-27/2017-03-05,3,2,2,1000000,50000,9,1.0,6.123233995736766e-17,0.8854560256532099,0.4647231720437686,1.0,0.0,1.0,1.0,2.0,,1.25,1.25,1.25,2.0
AC,2017-04-03/2017-04-09,4,2,2,1000000,50000,14,0.8660254037844387,-0.4999999999999998,0.992708874098054,-0.12053668025532288,0.0,1.0,2.0,1.0,1.0,,1.25,1.4,1.4,3.0
AC,2017-04-17/2017-04-23,4,3,3,1000000,50000,16,0.8660254037844387,-0.4999999999999998,0.9350162426854148,-0.35460488704253545,0.5,2.0,2.0,2.0,1.0,,1.5,1.5,1.5,2.0
AC,2017-05-01/2017-05-07,5,2,2,1000000,50000,18,0.49999999999999994,-0.8660254037844387,0.8229838658936565,-0.5680647467311557,-0.33333333333333337,1.0,3.0,2.0,1.0,,2.0,1.7142857142857142,1.7142857142857142,3.0
AC,2017-05-08/2017-05-14,5,3,3,1000000,50000,19,0.49999999999999994,-0.8660254037844387,0.7485107481711013,-0.663122658240795,0.5,0.5,2.0,3.0,2.0,2.0,2.25,1.75,1.75,2.0
AC,2017-05-22/2017-05-28,5,2,2,1000000,50000,21,0.49999999999999994,-0.8660254037844387,0.5680647467311558,-0.8229838658936564,-0.33333333333333337,0.0,3.0,2.0,2.0,1.0,2.5,1.875,1.8888888888888888,1.0
AC,2017-05-29/2017-06-04,5,1,1,1000000,50000,22,0.49999999999999994,-0.8660254037844387,0.46472317204376906,-0.8854560256532096,-0.5,-0.6666666666666667,2.0,3.0,3.0,1.0,2.5,2.0,1.9,1.0
AC,2017-05-29/2017-06-04,6,1,1,1000000,50000,22,1.2246467991473532e-16,-1.0,0.46472317204376906,-0.8854560256532096,0.0,-0.5,1.0,2.0,2.0,1.0,2.0,2.0,1.8181818181818181,1.0
AC,2017-06-12/2017-06-18,6,1,1,1000000,50000,24,1.2246467991473532e-16,-1.0,0.23931566428755768,-0.970941817426052,0.0,-0.6666666666666667,1.0,1.0,3.0,2.0,1.75,2.0,1.75,2.0
AC,2017-06-19/2017-06-25,6,2,2,1000000,50000,25,1.2246467991473532e-16,-1.0,0.12053668025532308,-0.992708874098054,1.0,0.0,1.0,1.0,2.0,2.0,1.25,1.875,1.6666666666666667,1.0
AC,2017-07-03/2017-07-09,7,1,1,1000000,50000,27,-0.4999999999999997,-0.8660254037844388,-0.12053668025532283,-0.992708874098054,-0.5,0.0,2.0,1.0,1.0,3.0,1.25,1.875,1.75,1.0
AC,2017-07-10/2017-07-16,7,1,1,1000000,50000,28,-0.4999999999999997,-0.8660254037844388,-0.23931566428755743,-0.9709418174260521,0.0,0.0,1.0,2.0,1.0,2.0,1.25,1.625,1.75,2.0
AC,2017-07-17/2017-07-23,7,2,2,1000000,50000,29,-0.4999999999999997,-0.8660254037844388,-0.3546048870425356,-0.9350162426854148,1.0,1.0,1.0,1.0,1.0,3.0,1.25,1.5,1.75,1.0
AC,2017-07-24/2017-07-30,7,1,1,1000000,50000,30,-0.4999999999999997,-0.8660254037844388,-0.46472317204376806,-0.8854560256532101,-0.5,-0.5,2.0,1.0,2.0,2.0,1.5,1.375,1.75,2.0
AC,2017-07-31/2017-08-06,8,2,2,1000000,50000,31,-0.8660254037844384,-0.5000000000000004,-0.5680647467311556,-0.8229838658936565,1.0,1.0,1.0,2.0,1.0,1.0,1.25,1.25,1.6666666666666667,1.0
AC,2017-08-14/2017-08-20,8,1,1,1000000,50000,33,-0.8660254037844384,-0.5000000000000004,-0.7485107481711011,-0.6631226582407952,-0.5,0.0,2.0,1.0,1.0,1.0,1.5,1.375,1.5833333333333333,1.0
AC,2017-08-21/2017-08-27,8,1,1,1000000,50000,34,-0.8660254037844384,-0.5000000000000004,-0.8229838658936564,-0.5680647467311559,0.0,-0.5,1.0,2.0,2.0,1.0,1.5,1.375,1.5,2.0
AC,2017-08-28/2017-09-03,9,2,2,1000000,50000,35,-1.0,-1.8369701987210297e-16,-0.8854560256532096,-0.4647231720437691,1.0,1.0,1.0,1.0,1.0,2.0,1.25,1.375,1.3333333333333333,1.0
AC,2017-09-11/2017-09-17,9,1,1,1000000,50000,37,-1.0,-1.8369701987210297e-16,-0.970941817426052,-0.23931566428755774,-0.5,-0.5,2.0,1.0,2.0,1.0,1.5,1.375,1.3333333333333333,2.0
AC,2017-09-18/2017-09-24,9,2,2,1000000,50000,38,-1.0,-1.8369701987210297e-16,-0.992708874098054,-0.12053668025532357,1.0,1.0,1.0,2.0,1.0,1.0,1.25,1.375,1.3333333333333333,1.0
AC,2017-09-25/2017-10-01,10,1,1,1000000,50000,39,-0.8660254037844386,0.5000000000000001,-1.0,-1.8369701987210297e-16,-0.5,0.0,2.0,1.0,1.0,2.0,1.5,1.5,1.4166666666666667,1.0
AC,2017-10-02/2017-10-08,10,1,1,1000000,50000,40,-0.8660254037844386,0.5000000000000001,-0.992708874098054,0.1205366802553232,0.0,-0.5,1.0,2.0,2.0,1.0,1.5,1.375,1.4166666666666667,2.0
AC,2017-10-09/2017-10-15,10,2,2,1000000,50000,41,-0.8660254037844386,0.5000000000000001,-0.9709418174260521,0.23931566428755738,1.0,1.0,1.0,1.0,1.0,2.0,1.25,1.375,1.3333333333333333,1.0
AC,2017-10-16/2017-10-22,10,1,1,1000000,50000,42,-0.8660254037844386,0.5000000000000001,-0.9350162426854148,0.35460488704253557,-0.5,-0.5,2.0,1.0,2.0,1.0,1.5,1.375,1.4166666666666667,1.0
AC,2017-11-06/2017-11-12,11,1,1,1000000,50000,45,-0.5000000000000004,0.8660254037844384,-0.7485107481711011,0.6631226582407952,0.0,0.0,1.0,2.0,1.0,1.0,1.25,1.375,1.4166666666666667,2.0
AC,2017-11-13/2017-11-19,11,2,2,1000000,50000,46,-0.5000000000000004,0.8660254037844384,-0.6631226582407955,0.7485107481711007,1.0,1.0,1.0,1.0,1.0,2.0,1.25,1.375,1.3333333333333333,1.0
AC,2017-11-20/2017-11-26,11,1,1,1000000,50000,47,-0.5000000000000004,0.8660254037844384,-0.5680647467311559,0.8229838658936564,-0.5,-0.5,2.0,1.0,2.0,1.0,1.5,1.375,1.4166666666666667,1.0
AC,2017-11-27/2017-12-03,11,1,1,1000000,50000,48,-0.5000000000000004,0.8660254037844384,-0.4647231720437684,0.88545602565321,0.0,0.0,1.0,2.0,1.0,2.0,1.25,1.375,1.3333333333333333,1.0
AC,2017-12-04/2017-12-10,12,1,1,1000000,50000,49,-2.4492935982947064e-16,1.0,-0.35460488704253595,0.9350162426854147,0.0,0.0,1.0,1.0,1.0,1.0,1.25,1.25,1.3333333333333333,1.0
AC,2017-12-11/2017-12-17,12,1,1,1000000,50000,50,-2.4492935982947064e-16,1.0,-0.2393156642875578,0.970941817426052,0.0,-0.5,1.0,1.0,2.0,1.0,1.25,1.25,1.3333333333333333,2.0
AC,2017-12-18/2017-12-24,12,2,2,1000000,50000,51,-2.4492935982947064e-16,1.0,-0.12053668025532363,0.992708874098054,1.0,1.0,1.0,1.0,1.0,2.0,1.0,1.25,1.25,1.0
AC,2017-12-25/2017-12-31,12,1,1,1000000,50000,52,-2.4492935982947064e-16,1.0,6.432490598706546e-16,1.0,-0.5,0.0,2.0,1.0,1.0,1.0,1.25,1.25,1.3333333333333333,4.0
AC,2018-01-08/2018-01-14,1,4,4,1000000,50000,2,0.49999999999999994,0.8660254037844387,0.23931566428755774,0.970941817426052,3.0,3.0,1.0,2.0,1.0,1.0,1.25,1.25,1.25,1.0
AC,2018-01-15/2018-01-21,1,1,1,1000000,50000,3,0.49999999999999994,0.8660254037844387,0.3546048870425356,0.9350162426854148,-0.75,0.0,4.0,1.0,1.0,2.0,2.0,1.625,1.5,1.0
AC,2018-01-29/2018-02-04,1,1,1,1000000,50000,5,0.49999999999999994,0.8660254037844387,0.5680647467311558,0.8229838658936564,0.0,-0.5,1.0,4.0,2.0,1.0,2.0,1.5,1.5,1.0
AC,2018-02-05/2018-02-11,2,1,1,1000000,50000,6,0.8660254037844386,0.5000000000000001,0.6631226582407952,0.7485107481711011,0.0,0.0,1.0,1.0,1.0,1.0,1.75,1.5,1.4166666666666667,1.0
AC,2018-02-12/2018-02-18,2,1,1,1000000,50000,7,0.8660254037844386,0.5000000000000001,0.7485107481711011,0.6631226582407953,0.0,-0.75,1.0,1.0,4.0,1.0,1.75,1.5,1.4166666666666667,1.0
AC,2018-02-19/2018-02-25,2,1,1,1000000,50000,8,0.8660254037844386,0.5000000000000001,0.8229838658936564,0.5680647467311559,0.0,0.0,1.0,1.0,1.0,1.0,1.0,1.5,1.4166666666666667,2.0
AC,2018-02-26/2018-03-04,3,2,2,1000000,50000,9,1.0,6.123233995736766e-17,0.8854560256532099,0.4647231720437686,1.0,1.0,1.0,1.0,1.0,2.0,1.0,1.5,1.3333333333333333,2.0
AC,2018-04-09/2018-04-15,4,2,2,1000000,50000,15,0.8660254037844387,-0.4999999999999998,0.9709418174260521,-0.2393156642875575,0.0,1.0,2.0,1.0,1.0,1.0,1.25,1.5,1.4166666666666667,1.0
AC,2018-04-16/2018-04-22,4,1,1,1000000,50000,16,0.8660254037844387,-0.4999999999999998,0.9350162426854148,-0.35460488704253545,-0.5,0.0,2.0,2.0,1.0,4.0,1.5,1.625,1.5,1.0
AC,2018-04-23/2018-04-29,4,1,1,1000000,50000,17,0.8660254037844387,-0.4999999999999998,0.8854560256532099,-0.4647231720437685,0.0,0.0,1.0,2.0,1.0,1.0,1.5,1.25,1.5,1.0
AC,2018-04-30/2018-05-06,5,1,1,1000000,50000,18,0.49999999999999994,-0.8660254037844387,0.8229838658936565,-0.5680647467311557,0.0,-0.5,1.0,1.0,2.0,1.0,1.5,1.25,1.5,1.0
AC,2018-05-28/2018-06-03,5,1,1,1000000,50000,22,0.49999999999999994,-0.8660254037844387,0.46472317204376906,-0.8854560256532096,0.0,-0.5,1.0,1.0,2.0,1.0,1.25,1.25,1.4166666666666667,1.0
AC,2018-06-11/2018-06-17,6,1,1,1000000,50000,24,1.2246467991473532e-16,-1.0,0.23931566428755768,-0.970941817426052,0.0,0.0,1.0,1.0,1.0,1.0,1.0,1.25,1.4166666666666667,2.0
AC,2018-06-25/2018-07-01,6,2,2,1000000,50000,26,1.2246467991473532e-16,-1.0,-3.216245299353273e-16,-1.0,1.0,1.0,1.0,1.0,1.0,1.0,1.0,1.25,1.1666666666666667,4.0
AC,2018-07-23/2018-07-29,7,4,4,1000000,50000,30,-0.4999999999999997,-0.8660254037844388,-0.46472317204376806,-0.8854560256532101,1.0,3.0,2.0,1.0,1.0,2.0,1.25,1.375,1.25,2.0
AC,2018-08-06/2018-08-12,8,2,2,1000000,50000,32,-0.8660254037844384,-0.5000000000000004,-0.663122658240795,-0.7485107481711013,-0.5,1.0,4.0,2.0,1.0,2.0,2.0,1.625,1.5,1.0
AL,2016-10-03/2016-10-09,10,1,1,1000000,50000,40,-0.8660254037844386,0.5000000000000001,-0.992708874098054,0.1205366802553232,0.0,0.0,,,,,,,,1.0
AL,2017-01-23/2017-01-29,1,1,1,1000000,50000,4,0.49999999999999994,0.8660254037844387,0.4647231720437685,0.8854560256532099,0.0,0.0,1.0,,,,,,,1.0
AL,2017-01-30/2017-02-05,1,1,1,1000000,50000,5,0.49999999999999994,0.8660254037844387,0.5680647467311558,0.8229838658936564,0.0,0.0,1.0,1.0,,,1.0,1.0,1.0,3.0
AL,2017-01-30/2017-02-05,2,3,3,1000000,50000,5,0.8660254037844386,0.5000000000000001,0.5680647467311558,0.8229838658936564,2.0,0.0,1.0,1.0,,,1.0,1.0,1.0,5.0
AL,2017-02-06/2017-02-12,2,5,5,1000000,50000,6,0.8660254037844386,0.5000000000000001,0.6631226582407952,0.7485107481711011,0.6666666666666667,4.0,3.0,1.0,1.0,,1.5,1.5,1.5,1.0
AL,2017-02-13/2017-02-19,2,1,1,1000000,50000,7,0.8660254037844386,0.5000000000000001,0.7485107481711011,0.6631226582407953,-0.8,0.0,5.0,3.0,1.0,,2.5,2.2,2.2,2.0
AL,2017-02-20/2017-02-26,2,2,2,1000000,50000,8,0.8660254037844386,0.5000000000000001,0.8229838658936564,0.5680647467311559,1.0,1.0,1.0,5.0,1.0,,2.5,2.0,2.0,1.0
AL,2017-02-27/2017-03-05,2,1,1,1000000,50000,9,0.8660254037844386,0.5000000000000001,0.8854560256532099,0.4647231720437686,-0.5,-0.6666666666666667,2.0,1.0,3.0,,2.75,2.0,2.0,1.0
AL,2017-02-27/2017-03-05,3,1,1,1000000,50000,9,1.0,6.123233995736766e-17,0.8854560256532099,0.4647231720437686,0.0,-0.8,1.0,2.0,5.0,1.0,2.25,1.875,1.875,3.0
AL,2017-03-13/2017-03-19,3,3,3,1000000,50000,11,1.0,6.123233995736766e-17,0.970941817426052,0.23931566428755804,2.0,2.0,1.0,1.0,1.0,1.0,1.25,1.875,1.7777777777777777,3.0
AL,2017-03-20/2017-03-26,3,3,3,1000000,50000,12,1.0,6.123233995736766e-17,0.992708874098054,0.120536680255323,0.0,0.5,3.0,1.0,2.0,1.0,1.75,2.125,1.9,3.0
AL,2017-03-27/2017-04-02,3,3,3,1000000,50000,13,1.0,6.123233995736766e-17,1.0,-1.6081226496766364e-16,0.0,2.0,3.0,3.0,1.0,3.0,2.0,2.375,2.0,1.0
AL,2017-03-27/2017-04-02,4,1,1,1000000,50000,13,0.8660254037844387,-0.4999999999999998,1.0,-1.6081226496766364e-16,-0.6666666666666667,0.0,3.0,3.0,1.0,5.0,2.5,2.375,2.0833333333333335,5.0
AL,2017-04-03/2017-04-09,4,5,5,1000000,50000,14,0.8660254037844387,-0.4999999999999998,0.992708874098054,-0.12053668025532288,4.0,0.6666666666666667,1.0,3.0,3.0,1.0,2.5,1.875,2.0833333333333335,5.0
AL,2017-04-10/2017-04-16,4,5,5,1000000,50000,15,0.8660254037844387,-0.4999999999999998,0.9709418174260521,-0.2393156642875575,0.0,0.6666666666666667,5.0,1.0,3.0,2.0,3.0,2.375,2.4166666666666665,6.0
AL,2017-04-17/2017-04-23,4,6,6,1000000,50000,16,0.8660254037844387,-0.4999999999999998,0.9350162426854148,-0.35460488704253545,0.19999999999999996,1.0,5.0,5.0,3.0,1.0,3.5,2.75,2.75,4.0
AL,2017-04-24/2017-04-30,4,4,4,1000000,50000,17,0.8660254037844387,-0.4999999999999998,0.8854560256532099,-0.4647231720437685,-0.33333333333333337,3.0,6.0,5.0,1.0,1.0,4.25,3.375,3.0,8.0
AL,2017-05-01/2017-05-07,5,8,8,1000000,50000,18,0.49999999999999994,-0.8660254037844387,0.8229838658936565,-0.5680647467311557,1.0,0.6000000000000001,4.0,6.0,5.0,3.0,5.0,3.75,2.9166666666666665,3.0
AL,2017-05-08/2017-05-14,5,3,3,1000000,50000,19,0.49999999999999994,-0.8660254037844387,0.7485107481711013,-0.663122658240795,-0.625,-0.4,8.0,4.0,5.0,3.0,5.75,4.375,3.5,7.0
AL,2017-05-15/2017-05-21,5,7,7,1000000,50000,20,0.49999999999999994,-0.8660254037844387,0.6631226582407952,-0.7485107481711012,1.3333333333333335,0.16666666666666674,3.0,8.0,6.0,3.0,5.25,4.375,3.5833333333333335,6.0
AL,2017-05-22/2017-05-28,5,6,6,1000000,50000,21,0.49999999999999994,-0.8660254037844387,0.5680647467311558,-0.8229838658936564,-0.1428571428571429,0.5,7.0,3.0,4.0,1.0,5.5,4.875,4.083333333333333,2.0
AL,2017-05-29/2017-06-04,5,2,2,1000000,50000,22,0.49999999999999994,-0.8660254037844387,0.46472317204376906,-0.8854560256532096,-0.6666666666666667,-0.75,6.0,7.0,8.0,5.0,6.0,5.5,4.5,5.0
AL,2017-06-05/2017-06-11,6,5,5,1000000,50000,23,1.2246467991473532e-16,-1.0,0.35460488704253584,-0.9350162426854147,1.5,0.6666666666666667,2.0,6.0,3.0,5.0,4.5,5.125,4.416666666666667,1.0
AL,2017-06-12/2017-06-18,6,1,1,1000000,50000,24,1.2246467991473532e-16,-1.0,0.23931566428755768,-0.970941817426052,-0.8,-0.8571428571428572,5.0,2.0,7.0,6.0,5.0,5.125,4.583333333333333,1.0
AL,2017-06-19/2017-06-25,6,1,1,1000000,50000,25,1.2246467991473532e-16,-1.0,0.12053668025532308,-0.992708874098054,0.0,-0.8333333333333334,1.0,5.0,6.0,4.0,3.5,4.5,4.416666666666667,3.0
AL,2017-06-26/2017-07-02,6,3,3,1000000,50000,26,1.2246467991473532e-16,-1.0,-3.216245299353273e-16,-1.0,2.0,0.5,1.0,1.0,2.0,8.0,2.25,4.125,4.416666666666667,2.0
AL,2017-07-03/2017-07-09,7,2,2,1000000,50000,27,-0.4999999999999997,-0.8660254037844388,-0.12053668025532283,-0.992708874098054,-0.33333333333333337,-0.6,3.0,1.0,5.0,3.0,2.5,3.5,4.25,4.0
AL,2017-07-10/2017-07-16,7,4,4,1000000,50000,28,-0.4999999999999997,-0.8660254037844388,-0.23931566428755743,-0.9709418174260521,1.0,3.0,2.0,3.0,1.0,7.0,1.75,3.375,4.0,5.0
AL,2017-07-17/2017-07-23,7,5,5,1000000,50000,29,-0.4999999999999997,-0.8660254037844388,-0.3546048870425356,-0.9350162426854148,0.25,4.0,4.0,2.0,1.0,6.0,2.5,3.0,3.8333333333333335,3.0
AL,2017-07-24/2017-07-30,7,3,3,1000000,50000,30,-0.4999999999999997,-0.8660254037844388,-0.46472317204376806,-0.8854560256532101,-0.4,0.0,5.0,4.0,3.0,2.0,3.5,2.875,3.9166666666666665,1.0
AL,2017-07-31/2017-08-06,7,1,1,1000000,50000,31,-0.4999999999999997,-0.8660254037844388,-0.5680647467311556,-0.8229838658936565,-0.6666666666666667,-0.5,3.0,5.0,2.0,5.0,3.5,3.0,3.5,2.0
AL,2017-07-31/2017-08-06,8,2,2,1000000,50000,31,-0.8660254037844384,-0.5000000000000004,-0.5680647467311556,-0.8229838658936565,1.0,-0.5,1.0,3.0,4.0,1.0,3.25,2.5,3.3333333333333335,2.0
AL,2017-08-07/2017-08-13,8,2,2,1000000,50000,32,-0.8660254037844384,-0.5000000000000004,-0.663122658240795,-0.7485107481711013,0.0,-0.6,2.0,1.0,5.0,1.0,2.75,2.625,2.9166666666666665,5.0
AL,2017-08-14/2017-08-20,8,5,5,1000000,50000,33,-0.8660254037844384,-0.5000000000000004,-0.7485107481711011,-0.6631226582407952,1.5,0.6666666666666667,2.0,2.0,3.0,3.0,2.0,2.75,2.5833333333333335,4.0
AL,2017-08-21/2017-08-27,8,4,4,1000000,50000,34,-0.8660254037844384,-0.5000000000000004,-0.8229838658936564,-0.5680647467311559,-0.19999999999999996,3.0,5.0,2.0,1.0,2.0,2.5,3.0,2.8333333333333335,4.0
AL,2017-08-28/2017-09-03,8,4,4,1000000,50000,35,-0.8660254037844384,-0.5000000000000004,-0.8854560256532096,-0.4647231720437691,0.0,1.0,4.0,5.0,2.0,4.0,3.25,3.25,2.75,3.0
AL,2017-08-28/2017-09-03,9,3,3,1000000,50000,35,-1.0,-1.8369701987210297e-16,-0.8854560256532096,-0.4647231720437691,-0.25,0.5,4.0,4.0,2.0,5.0,3.75,3.25,3.0,3.0
AL,2017-09-04/2017-09-10,9,3,3,1000000,50000,36,-1.0,-1.8369701987210297e-16,-0.9350162426854147,-0.3546048870425359,0.0,-0.4,3.0,4.0,5.0,3.0,4.0,3.0,3.1666666666666665,7.0
AL,2017-09-11/2017-09-17,9,7,7,1000000,50000,37,-1.0,-1.8369701987210297e-16,-0.970941817426052,-0.23931566428755774,1.3333333333333335,0.75,3.0,3.0,4.0,1.0,3.5,3.0,3.1666666666666665,5.0
AL,2017-09-18/2017-09-24,9,5,5,1000000,50000,38,-1.0,-1.8369701987210297e-16,-0.992708874098054,-0.12053668025532357,-0.2857142857142857,0.25,7.0,3.0,4.0,2.0,4.25,3.75,3.5833333333333335,1.0
AL,2017-09-25/2017-10-01,9,1,1,1000000,50000,39,-1.0,-1.8369701987210297e-16,-1.0,-1.8369701987210297e-16,-0.8,-0.6666666666666667,5.0,7.0,3.0,2.0,4.5,4.125,3.6666666666666665,1.0
AL,2017-09-25/2017-10-01,10,1,1,1000000,50000,39,-0.8660254037844386,0.5000000000000001,-1.0,-1.8369701987210297e-16,0.0,-0.6666666666666667,1.0,5.0,3.0,5.0,4.0,4.0,3.3333333333333335,7.0
AL,2017-10-02/2017-10-08,10,7,7,1000000,50000,40,-0.8660254037844386,0.5000000000000001,-0.992708874098054,0.1205366802553232,6.0,0.0,1.0,1.0,7.0,4.0,3.5,3.5,3.1666666666666665,4.0
AL,2017-10-09/2017-10-15,10,4,4,1000000,50000,41,-0.8660254037844386,0.5000000000000001,-0.9709418174260521,0.23931566428755738,-0.4285714285714286,-0.19999999999999996,7.0,1.0,5.0,4.0,3.5,3.875,3.6666666666666665,8.0
AL,2017-10-16/2017-10-22,10,8,8,1000000,50000,42,-0.8660254037844386,0.5000000000000001,-0.9350162426854148,0.35460488704253557,1.0,7.0,4.0,7.0,1.0,3.0,3.25,3.875,3.8333333333333335,5.0
AL,2017-10-23/2017-10-29,10,5,5,1000000,50000,43,-0.8660254037844386,0.5000000000000001,-0.8854560256532101,0.464723172043768,-0.375,4.0,8.0,4.0,1.0,3.0,5.0,4.5,4.333333333333333,3.0
AL,2017-10-30/2017-11-05,10,3,3,1000000,50000,44,-0.8660254037844386,0.5000000000000001,-0.822983865893657,0.5680647467311548,-0.4,-0.5714285714285714,5.0,8.0,7.0,7.0,6.0,4.75,4.333333333333333,5.0
AL,2017-10-30/2017-11-05,11,5,5,1000000,50000,44,-0.5000000000000004,0.8660254037844384,-0.822983865893657,0.5680647467311548,0.6666666666666667,0.25,3.0,5.0,4.0,5.0,5.0,4.25,4.25,1.0
AL,2017-11-06/2017-11-12,11,1,1,1000000,50000,45,-0.5000000000000004,0.8660254037844384,-0.7485107481711011,0.6631226582407952,-0.8,-0.875,5.0,3.0,8.0,1.0,5.25,4.25,4.333333333333333,4.0
AL,2017-11-13/2017-11-19,11,4,4,1000000,50000,46,-0.5000000000000004,0.8660254037844384,-0.6631226582407955,0.7485107481711007,3.0,-0.19999999999999996,1.0,5.0,5.0,1.0,3.5,4.25,4.166666666666667,14.0
AL,2017-11-20/2017-11-26,11,14,14,1000000,50000,47,-0.5000000000000004,0.8660254037844384,-0.5680647467311559,0.8229838658936564,2.5,3.666666666666667,4.0,1.0,3.0,7.0,3.25,4.625,4.25,2.0
AL,2017-11-27/2017-12-03,11,2,2,1000000,50000,48,-0.5000000000000004,0.8660254037844384,-0.4647231720437684,0.88545602565321,-0.8571428571428572,-0.6,14.0,4.0,5.0,4.0,6.0,5.5,4.833333333333333,4.0
AL,2017-11-27/2017-12-03,12,4,4,1000000,50000,48,-2.4492935982947064e-16,1.0,-0.4647231720437684,0.88545602565321,1.0,3.0,2.0,14.0,1.0,8.0,5.25,5.25,4.583333333333333,3.0
AL,2017-12-04/2017-12-10,12,3,3,1000000,50000,49,-2.4492935982947064e-16,1.0,-0.35460488704253595,0.9350162426854147,-0.25,-0.25,4.0,2.0,4.0,5.0,6.0,4.75,4.833333333333333,2.0
AL,2017-12-11/2017-12-17,12,2,2,1000000,50000,50,-2.4492935982947064e-16,1.0,-0.2393156642875578,0.970941817426052,-0.33333333333333337,-0.8571428571428572,3.0,4.0,14.0,3.0,5.75,4.5,5.0,1.0
AL,2017-12-18/2017-12-24,12,1,1,1000000,50000,51,-2.4492935982947064e-16,1.0,-0.12053668025532363,0.992708874098054,-0.5,-0.5,2.0,3.0,2.0,5.0,2.75,4.375,4.583333333333333,2.0
AL,2017-12-25/2017-12-31,12,2,2,1000000,50000,52,-2.4492935982947064e-16,1.0,6.432490598706546e-16,1.0,1.0,-0.5,1.0,2.0,4.0,1.0,2.5,3.875,4.333333333333333,5.0
AL,2018-01-01/2018-01-07,1,5,5,1000000,50000,1,0.49999999999999994,0.8660254037844387,0.12053668025532305,0.992708874098054,1.5,0.6666666666666667,2.0,1.0,3.0,4.0,2.0,4.0,3.8333333333333335,8.0
AL,2018-01-08/2018-01-14,1,8,8,1000000,50000,2,0.49999999999999994,0.8660254037844387,0.23931566428755774,0.970941817426052,0.6000000000000001,3.0,5.0,2.0,2.0,14.0,2.5,4.125,3.8333333333333335,9.0
AL,2018-01-15/2018-01-21,1,9,9,1000000,50000,3,0.49999999999999994,0.8660254037844387,0.3546048870425356,0.9350162426854148,0.125,8.0,8.0,5.0,1.0,2.0,4.0,3.375,4.25,12.0
AL,2018-01-22/2018-01-28,1,12,12,1000000,50000,4,0.49999999999999994,0.8660254037844387,0.4647231720437685,0.8854560256532099,0.33333333333333326,5.0,9.0,8.0,2.0,4.0,6.0,4.25,4.583333333333333,2.0
AL,2018-01-29/2018-02-04,1,2,2,1000000,50000,5,0.49999999999999994,0.8660254037844387,0.5680647467311558,0.8229838658936564,-0.8333333333333334,-0.6,12.0,9.0,5.0,3.0,8.5,5.25,5.5,2.0
AL,2018-01-29/2018-02-04,2,2,2,1000000,50000,5,0.8660254037844386,0.5000000000000001,0.5680647467311558,0.8229838658936564,0.0,-0.75,2.0,12.0,8.0,2.0,7.75,5.125,5.333333333333333,5.0
AL,2018-02-05/2018-02-11,2,5,5,1000000,50000,6,0.8660254037844386,0.5000000000000001,0.6631226582407952,0.7485107481711011,1.5,-0.4444444444444444,2.0,2.0,9.0,1.0,6.25,5.125,4.333333333333333,7.0
AL,2018-02-12/2018-02-18,2,7,7,1000000,50000,7,0.8660254037844386,0.5000000000000001,0.7485107481711011,0.6631226582407953,0.3999999999999999,-0.41666666666666663,5.0,2.0,12.0,2.0,5.25,5.625,4.583333333333333,10.0
AL,2018-02-19/2018-02-25,2,10,10,1000000,50000,8,0.8660254037844386,0.5000000000000001,0.8229838658936564,0.5680647467311559,0.4285714285714286,4.0,7.0,5.0,2.0,5.0,4.0,6.25,4.833333333333333,3.0
AL,2018-02-26/2018-03-04,2,3,3,1000000,50000,9,0.8660254037844386,0.5000000000000001,0.8854560256532099,0.4647231720437686,-0.7,0.5,10.0,7.0,2.0,8.0,6.0,6.875,5.416666666666667,1.0
AL,2018-02-26/2018-03-04,3,1,1,1000000,50000,9,1.0,6.123233995736766e-17,0.8854560256532099,0.4647231720437686,-0.6666666666666667,-0.8,3.0,10.0,5.0,9.0,6.25,6.25,5.5,9.0
AL,2018-03-05/2018-03-11,3,9,9,1000000,50000,10,1.0,6.123233995736766e-17,0.9350162426854148,0.35460488704253557,8.0,0.2857142857142858,1.0,3.0,7.0,12.0,5.25,5.25,5.5,1.0
AL,2018-03-12/2018-03-18,3,1,1,1000000,50000,11,1.0,6.123233995736766e-17,0.970941817426052,0.23931566428755804,-0.8888888888888888,-0.9,9.0,1.0,10.0,2.0,5.75,4.875,6.083333333333333,9.0
AL,2018-03-19/2018-03-25,3,9,9,1000000,50000,12,1.0,6.123233995736766e-17,0.992708874098054,0.120536680255323,8.0,2.0,1.0,9.0,3.0,2.0,3.5,4.75,5.75,7.0
AL,2018-03-26/2018-04-01,3,7,7,1000000,50000,13,1.0,6.123233995736766e-17,1.0,-1.6081226496766364e-16,-0.2222222222222222,6.0,9.0,1.0,1.0,5.0,5.0,5.625,5.833333333333333,8.0
AL,2018-04-02/2018-04-08,4,8,8,1000000,50000,14,0.8660254037844387,-0.4999999999999998,0.992708874098054,-0.12053668025532288,0.1428571428571428,-0.11111111111111116,7.0,9.0,9.0,7.0,6.5,5.875,5.666666666666667,1.0
AL,2018-04-09/2018-04-15,4,1,1,1000000,50000,15,0.8660254037844387,-0.4999999999999998,0.9709418174260521,-0.2393156642875575,-0.875,0.0,8.0,7.0,1.0,10.0,6.25,6.0,5.333333333333333,11.0
AL,2018-04-16/2018-04-22,4,11,11,1000000,50000,16,0.8660254037844387,-0.4999999999999998,0.9350162426854148,-0.35460488704253545,10.0,0.22222222222222232,1.0,8.0,9.0,3.0,6.25,4.875,5.25,6.0
AL,2018-04-23/2018-04-29,4,6,6,1000000,50000,17,0.8660254037844387,-0.4999999999999998,0.8854560256532099,-0.4647231720437685,-0.4545454545454546,-0.1428571428571429,11.0,1.0,7.0,1.0,6.75,5.875,6.0,1.0
AL,2018-04-30/2018-05-06,4,1,1,1000000,50000,18,0.8660254037844387,-0.4999999999999998,0.8229838658936565,-0.5680647467311557,-0.8333333333333334,-0.875,6.0,11.0,8.0,9.0,6.5,6.5,6.083333333333333,3.0
AL,2018-04-30/2018-05-06,5,3,3,1000000,50000,18,0.49999999999999994,-0.8660254037844387,0.8229838658936565,-0.5680647467311557,2.0,2.0,1.0,6.0,1.0,1.0,4.75,5.5,5.583333333333333,8.0
AL,2018-05-07/2018-05-13,5,8,8,1000000,50000,19,0.49999999999999994,-0.8660254037844387,0.7485107481711013,-0.663122658240795,1.6666666666666665,-0.2727272727272727,3.0,1.0,11.0,9.0,5.25,5.75,5.0,3.0
AL,2018-05-14/2018-05-20,5,3,3,1000000,50000,20,0.49999999999999994,-0.8660254037844387,0.6631226582407952,-0.7485107481711012,-0.625,-0.5,8.0,3.0,6.0,7.0,4.5,5.625,5.416666666666667,2.0
AL,2018-05-21/2018-05-27,5,2,2,1000000,50000,21,0.49999999999999994,-0.8660254037844387,0.5680647467311558,-0.8229838658936564,-0.33333333333333337,1.0,3.0,8.0,1.0,8.0,3.75,5.125,5.583333333333333,3.0
AL,2018-05-28/2018-06-03,5,3,3,1000000,50000,22,0.49999999999999994,-0.8660254037844387,0.46472317204376906,-0.8854560256532096,0.5,0.0,2.0,3.0,3.0,1.0,4.0,4.375,5.0,4.0
AL,2018-05-28/2018-06-03,6,4,4,1000000,50000,22,1.2246467991473532e-16,-1.0,0.46472317204376906,-0.8854560256532096,0.33333333333333326,-0.5,3.0,2.0,8.0,11.0,4.0,4.625,5.166666666666667,5.0
AL,2018-06-04/2018-06-10,6,5,5,1000000,50000,23,1.2246467991473532e-16,-1.0,0.35460488704253584,-0.9350162426854147,0.25,0.6666666666666667,4.0,3.0,3.0,6.0,3.0,3.75,4.75,6.0
AL,2018-06-11/2018-06-17,6,6,6,1000000,50000,24,1.2246467991473532e-16,-1.0,0.23931566428755768,-0.970941817426052,0.19999999999999996,2.0,5.0,4.0,2.0,1.0,3.5,3.625,4.583333333333333,3.0
AL,2018-06-18/2018-06-24,6,3,3,1000000,50000,25,1.2246467991473532e-16,-1.0,0.12053668025532308,-0.992708874098054,-0.5,0.0,6.0,5.0,3.0,3.0,4.5,4.25,4.416666666666667,6.0
AL,2018-06-25/2018-07-01,6,6,6,1000000,50000,26,1.2246467991473532e-16,-1.0,-3.216245299353273e-16,-1.0,1.0,0.5,3.0,6.0,4.0,8.0,4.5,4.25,4.583333333333333,5.0
AL,2018-07-02/2018-07-08,7,5,5,1000000,50000,27,-0.4999999999999997,-0.8660254037844388,-0.12053668025532283,-0.992708874098054,-0.16666666666666663,0.0,6.0,3.0,5.0,3.0,5.0,4.0,4.166666666666667,6.0
AL,2018-07-09/2018-07-15,7,6,6,1000000,50000,28,-0.4999999999999997,-0.8660254037844388,-0.23931566428755743,-0.9709418174260521,0.19999999999999996,0.0,5.0,6.0,6.0,2.0,5.0,4.25,4.083333333333333,8.0
AL,2018-07-16/2018-07-22,7,8,8,1000000,50000,29,-0.4999999999999997,-0.8660254037844388,-0.3546048870425356,-0.9350162426854148,0.33333333333333326,1.6666666666666665,6.0,5.0,3.0,3.0,5.0,4.75,4.5,2.0
AL,2018-07-23/2018-07-29,7,2,2,1000000,50000,30,-0.4999999999999997,-0.8660254037844388,-0.46472317204376806,-0.8854560256532101,-0.75,-0.6666666666666667,8.0,6.0,6.0,4.0,6.25,5.375,4.916666666666667,1.0
AL,2018-07-30/2018-08-05,7,1,1,1000000,50000,31,-0.4999999999999997,-0.8660254037844388,-0.5680647467311556,-0.8229838658936565,-0.5,-0.8,2.0,8.0,5.0,5.0,5.25,5.125,4.416666666666667,5.0
AL,2018-07-30/2018-08-05,8,5,5,1000000,50000,31,-0.8660254037844384,-0.5000000000000004,-0.5680647467311556,-0.8229838658936565,4.0,-0.16666666666666663,1.0,2.0,6.0,6.0,4.25,4.625,4.25,10.0
AL,2018-08-06/2018-08-12,8,10,10,1000000,50000,32,-0.8660254037844384,-0.5000000000000004,-0.663122658240795,-0.7485107481711013,1.0,0.25,5.0,1.0,8.0,3.0,4.0,4.5,4.5,1.0
AM,2017-01-30/2017-02-05,2,2,2,1000000,50000,5,0.8660254037844386,0.5000000000000001,0.5680647467311558,0.8229838658936564,0.0,0.0,,,,,,,,4.0
AM,2017-02-06/2017-02-12,2,4,4,1000000,50000,6,0.8660254037844386,0.5000000000000001,0.6631226582407952,0.7485107481711011,1.0,0.0,2.0,,,,,,,2.0
AM,2017-02-13/2017-02-19,2,2,2,1000000,50000,7,0.8660254037844386,0.5000000000000001,0.7485107481711011,0.6631226582407953,-0.5,0.0,4.0,2.0,,,3.0,3.0,3.0,2.0
AM,2017-03-06/2017-03-12,3,2,2,1000000,50000,10,1.0,6.123233995736766e-17,0.9350162426854148,0.35460488704253557,0.0,0.0,2.0,4.0,,,2.6666666666666665,2.6666666666666665,2.6666666666666665,1.0
AM,2017-03-13/2017-03-19,3,1,1,1000000,50000,11,1.0,6.123233995736766e-17,0.970941817426052,0.23931566428755804,-0.5,-0.5,2.0,2.0,2.0,,2.5,2.5,2.5,1.0
AM,2017-03-20/2017-03-26,3,1,1,1000000,50000,12,1.0,6.123233995736766e-17,0.992708874098054,0.120536680255323,0.0,-0.75,1.0,2.0,4.0,,2.25,2.2,2.2,1.0
AM,2017-03-27/2017-04-02,3,1,1,1000000,50000,13,1.0,6.123233995736766e-17,1.0,-1.6081226496766364e-16,0.0,-0.5,1.0,1.0,2.0,,1.5,2.0,2.0,1.0
AM,2017-03-27/2017-04-02,4,1,1,1000000,50000,13,0.8660254037844387,-0.4999999999999998,1.0,-1.6081226496766364e-16,0.0,-0.5,1.0,1.0,2.0,,1.25,1.8571428571428572,1.8571428571428572,3.0
AM,2017-04-03/2017-04-09,4,3,3,1000000,50000,14,0.8660254037844387,-0.4999999999999998,0.992708874098054,-0.12053668025532288,2.0,2.0,1.0,1.0,1.0,2.0,1.0,1.75,1.75,1.0
AM,2017-04-10/2017-04-16,4,1,1,1000000,50000,15,0.8660254037844387,-0.4999999999999998,0.9709418174260521,-0.2393156642875575,-0.6666666666666667,0.0,3.0,1.0,1.0,4.0,1.5,1.875,1.8888888888888888,3.0
AM,2017-04-17/2017-04-23,4,3,3,1000000,50000,16,0.8660254037844387,-0.4999999999999998,0.9350162426854148,-0.35460488704253545,2.0,2.0,1.0,3.0,1.0,2.0,1.5,1.5,1.8,5.0
AM,2017-04-24/2017-04-30,4,5,5,1000000,50000,17,0.8660254037844387,-0.4999999999999998,0.8854560256532099,-0.4647231720437685,0.6666666666666667,4.0,3.0,1.0,1.0,2.0,2.0,1.625,1.9090909090909092,1.0
AM,2017-05-01/2017-05-07,5,1,1,1000000,50000,18,0.49999999999999994,-0.8660254037844387,0.8229838658936565,-0.5680647467311557,-0.8,-0.6666666666666667,5.0,3.0,3.0,1.0,3.0,2.0,2.1666666666666665,2.0
AM,2017-05-08/2017-05-14,5,2,2,1000000,50000,19,0.49999999999999994,-0.8660254037844387,0.7485107481711013,-0.663122658240795,1.0,1.0,1.0,5.0,1.0,1.0,2.5,2.0,2.0833333333333335,1.0
AM,2017-05-15/2017-05-21,5,1,1,1000000,50000,20,0.49999999999999994,-0.8660254037844387,0.6631226582407952,-0.7485107481711012,-0.5,-0.6666666666666667,2.0,1.0,3.0,1.0,2.75,2.125,1.9166666666666667,2.0
AM,2017-05-22/2017-05-28,5,2,2,1000000,50000,21,0.49999999999999994,-0.8660254037844387,0.5680647467311558,-0.8229838658936564,1.0,-0.6,1.0,2.0,5.0,1.0,2.25,2.125,1.8333333333333333,2.0
AM,2017-05-29/2017-06-04,5,2,2,1000000,50000,22,0.49999999999999994,-0.8660254037844387,0.46472317204376906,-0.8854560256532096,0.0,1.0,2.0,1.0,1.0,3.0,1.5,2.25,1.8333333333333333,1.0
AM,2017-06-19/2017-06-25,6,1,1,1000000,50000,25,1.2246467991473532e-16,-1.0,0.12053668025532308,-0.992708874098054,-0.5,-0.5,2.0,2.0,2.0,1.0,1.75,2.125,1.9166666666666667,1.0
AM,2017-06-26/2017-07-02,7,1,1,1000000,50000,26,-0.4999999999999997,-0.8660254037844388,-3.216245299353273e-16,-1.0,0.0,0.0,1.0,2.0,1.0,3.0,1.5,2.125,1.9166666666666667,1.0
AM,2017-07-03/2017-07-09,7,1,1,1000000,50000,27,-0.4999999999999997,-0.8660254037844388,-0.12053668025532283,-0.992708874098054,0.0,-0.5,1.0,1.0,2.0,5.0,1.5,1.875,1.9166666666666667,2.0
AM,2017-07-17/2017-07-23,7,2,2,1000000,50000,29,-0.4999999999999997,-0.8660254037844388,-0.3546048870425356,-0.9350162426854148,1.0,0.0,1.0,1.0,2.0,1.0,1.25,1.375,1.9166666666666667,1.0
AM,2017-07-24/2017-07-30,7,1,1,1000000,50000,30,-0.4999999999999997,-0.8660254037844388,-0.46472317204376806,-0.8854560256532101,-0.5,0.0,2.0,1.0,1.0,2.0,1.25,1.5,1.8333333333333333,2.0
AM,2017-08-07/2017-08-13,8,2,2,1000000,50000,32,-0.8660254037844384,-0.5000000000000004,-0.663122658240795,-0.7485107481711013,1.0,1.0,1.0,2.0,1.0,1.0,1.25,1.375,1.8333333333333333,1.0
AM,2017-08-14/2017-08-20,8,1,1,1000000,50000,33,-0.8660254037844384,-0.5000000000000004,-0.7485107481711011,-0.6631226582407952,-0.5,0.0,2.0,1.0,1.0,2.0,1.5,1.5,1.75,2.0
AM,2017-08-21/2017-08-27,8,2,2,1000000,50000,34,-0.8660254037844384,-0.5000000000000004,-0.8229838658936564,-0.5680647467311559,1.0,0.0,1.0,2.0,2.0,2.0,1.5,1.375,1.4166666666666667,3.0
AM,2017-09-11/2017-09-17,9,3,3,1000000,50000,37,-1.0,-1.8369701987210297e-16,-0.970941817426052,-0.23931566428755774,0.5,2.0,2.0,1.0,1.0,1.0,1.5,1.375,1.5,3.0
AM,2017-09-18/2017-09-24,9,3,3,1000000,50000,38,-1.0,-1.8369701987210297e-16,-0.992708874098054,-0.12053668025532357,0.0,0.5,3.0,2.0,2.0,1.0,2.0,1.625,1.5833333333333333,3.0
AM,2017-09-25/2017-10-01,9,3,3,1000000,50000,39,-1.0,-1.8369701987210297e-16,-1.0,-1.8369701987210297e-16,0.0,2.0,3.0,3.0,1.0,1.0,2.25,1.875,1.75,1.0
AM,2017-10-02/2017-10-08,10,1,1,1000000,50000,40,-0.8660254037844386,0.5000000000000001,-0.992708874098054,0.1205366802553232,-0.6666666666666667,-0.5,3.0,3.0,2.0,2.0,2.75,2.125,1.8333333333333333,1.0
AM,2017-10-16/2017-10-22,10,1,1,1000000,50000,42,-0.8660254037844386,0.5000000000000001,-0.9350162426854148,0.35460488704253557,0.0,-0.6666666666666667,1.0,3.0,3.0,1.0,2.5,2.0,1.75,1.0
AM,2017-10-23/2017-10-29,10,1,1,1000000,50000,43,-0.8660254037844386,0.5000000000000001,-0.8854560256532101,0.464723172043768,0.0,-0.6666666666666667,1.0,1.0,3.0,2.0,2.0,2.0,1.75,1.0
AM,2017-10-30/2017-11-05,11,1,1,1000000,50000,44,-0.5000000000000004,0.8660254037844384,-0.822983865893657,0.5680647467311548,0.0,-0.6666666666666667,1.0,1.0,3.0,1.0,1.5,1.875,1.75,2.0
AM,2017-11-06/2017-11-12,11,2,2,1000000,50000,45,-0.5000000000000004,0.8660254037844384,-0.7485107481711011,0.6631226582407952,1.0,1.0,1.0,1.0,1.0,2.0,1.0,1.875,1.75,1.0
AM,2017-11-13/2017-11-19,11,1,1,1000000,50000,46,-0.5000000000000004,0.8660254037844384,-0.6631226582407955,0.7485107481711007,-0.5,0.0,2.0,1.0,1.0,3.0,1.25,1.875,1.75,3.0
AM,2017-11-20/2017-11-26,11,3,3,1000000,50000,47,-0.5000000000000004,0.8660254037844384,-0.5680647467311559,0.8229838658936564,2.0,2.0,1.0,2.0,1.0,3.0,1.25,1.625,1.75,3.0
AM,2017-11-27/2017-12-03,11,3,3,1000000,50000,48,-0.5000000000000004,0.8660254037844384,-0.4647231720437684,0.88545602565321,0.0,2.0,3.0,1.0,1.0,3.0,1.75,1.625,1.8333333333333333,1.0
AM,2017-11-27/2017-12-03,12,1,1,1000000,50000,48,-2.4492935982947064e-16,1.0,-0.4647231720437684,0.88545602565321,-0.6666666666666667,-0.5,3.0,3.0,2.0,1.0,2.25,1.625,2.0,1.0
AM,2017-12-04/2017-12-10,12,1,1,1000000,50000,49,-2.4492935982947064e-16,1.0,-0.35460488704253595,0.9350162426854147,0.0,0.0,1.0,3.0,1.0,1.0,2.0,1.625,1.9166666666666667,2.0
AM,2017-12-11/2017-12-17,12,2,2,1000000,50000,50,-2.4492935982947064e-16,1.0,-0.2393156642875578,0.970941817426052,1.0,-0.33333333333333337,1.0,1.0,3.0,1.0,2.0,1.625,1.75,1.0
AM,2017-12-18/2017-12-24,12,1,1,1000000,50000,51,-2.4492935982947064e-16,1.0,-0.12053668025532363,0.992708874098054,-0.5,-0.6666666666666667,2.0,1.0,3.0,1.0,1.75,1.75,1.6666666666666667,1.0
AM,2017-12-25/2017-12-31,12,1,1,1000000,50000,52,-2.4492935982947064e-16,1.0,6.432490598706546e-16,1.0,0.0,0.0,1.0,2.0,1.0,2.0,1.25,1.75,1.5,1.0
AM,2018-01-01/2018-01-07,1,1,1,1000000,50000,1,0.49999999999999994,0.8660254037844387,0.12053668025532305,0.992708874098054,0.0,0.0,1.0,1.0,1.0,1.0,1.25,1.625,1.5,3.0
AM,2018-01-08/2018-01-14,1,3,3,1000000,50000,2,0.49999999999999994,0.8660254037844387,0.23931566428755774,0.970941817426052,2.0,0.5,1.0,1.0,2.0,3.0,1.25,1.625,1.5,4.0
AM,2018-01-15/2018-01-21,1,4,4,1000000,50000,3,0.49999999999999994,0.8660254037844387,0.3546048870425356,0.9350162426854148,0.33333333333333326,3.0,3.0,1.0,1.0,3.0,1.5,1.625,1.6666666666666667,3.0
AM,2018-01-22/2018-01-28,1,3,3,1000000,50000,4,0.49999999999999994,0.8660254037844387,0.4647231720437685,0.8854560256532099,-0.25,2.0,4.0,3.0,1.0,1.0,2.25,1.75,1.9166666666666667,1.0
AM,2018-01-29/2018-02-04,1,1,1,1000000,50000,5,0.49999999999999994,0.8660254037844387,0.5680647467311558,0.8229838658936564,-0.6666666666666667,0.0,3.0,4.0,1.0,1.0,2.75,2.0,2.0,3.0
AM,2018-02-12/2018-02-18,2,3,3,1000000,50000,7,0.8660254037844386,0.5000000000000001,0.7485107481711011,0.6631226582407953,2.0,0.0,1.0,3.0,3.0,2.0,2.75,2.0,2.0,4.0
AM,2018-02-19/2018-02-25,2,4,4,1000000,50000,8,0.8660254037844386,0.5000000000000001,0.8229838658936564,0.5680647467311559,0.33333333333333326,0.0,3.0,1.0,4.0,1.0,2.75,2.125,2.0,1.0
AM,2018-02-26/2018-03-04,2,1,1,1000000,50000,9,0.8660254037844386,0.5000000000000001,0.8854560256532099,0.4647231720437686,-0.75,-0.6666666666666667,4.0,3.0,3.0,1.0,2.75,2.5,2.0833333333333335,2.0
AM,2018-02-26/2018-03-04,3,2,2,1000000,50000,9,1.0,6.123233995736766e-17,0.8854560256532099,0.4647231720437686,1.0,1.0,1.0,4.0,1.0,1.0,2.25,2.5,2.0833333333333335,4.0
AM,2018-03-12/2018-03-18,3,4,4,1000000,50000,11,1.0,6.123233995736766e-17,0.970941817426052,0.23931566428755804,1.0,0.33333333333333326,2.0,1.0,3.0,3.0,2.5,2.625,2.1666666666666665,2.0
AM,2018-03-26/2018-04-01,3,2,2,1000000,50000,13,1.0,6.123233995736766e-17,1.0,-1.6081226496766364e-16,-0.5,-0.5,4.0,2.0,4.0,4.0,2.75,2.75,2.3333333333333335,2.0
AM,2018-04-02/2018-04-08,4,2,2,1000000,50000,14,0.8660254037844387,-0.4999999999999998,0.992708874098054,-0.12053668025532288,0.0,1.0,2.0,4.0,1.0,3.0,2.25,2.5,2.4166666666666665,2.0
AM,2018-04-09/2018-04-15,4,2,2,1000000,50000,15,0.8660254037844387,-0.4999999999999998,0.9709418174260521,-0.2393156642875575,0.0,0.0,2.0,2.0,2.0,1.0,2.5,2.375,2.5,1.0
AM,2018-04-16/2018-04-22,4,1,1,1000000,50000,16,0.8660254037844387,-0.4999999999999998,0.9350162426854148,-0.35460488704253545,-0.5,-0.75,2.0,2.0,4.0,3.0,2.5,2.5,2.5833333333333335,1.0
AM,2018-04-23/2018-04-29,4,1,1,1000000,50000,17,0.8660254037844387,-0.4999999999999998,0.8854560256532099,-0.4647231720437685,0.0,-0.5,1.0,2.0,2.0,4.0,1.75,2.25,2.4166666666666665,4.0
AM,2018-04-30/2018-05-06,5,4,4,1000000,50000,18,0.49999999999999994,-0.8660254037844387,0.8229838658936565,-0.5680647467311557,3.0,1.0,1.0,1.0,2.0,1.0,1.5,1.875,2.1666666666666665,2.0
AM,2018-05-07/2018-05-13,5,2,2,1000000,50000,19,0.49999999999999994,-0.8660254037844387,0.7485107481711013,-0.663122658240795,-0.5,0.0,4.0,1.0,2.0,2.0,2.0,2.25,2.25,2.0
AM,2018-05-14/2018-05-20,5,2,2,1000000,50000,20,0.49999999999999994,-0.8660254037844387,0.6631226582407952,-0.7485107481711012,0.0,1.0,2.0,4.0,1.0,4.0,2.0,2.25,2.3333333333333335,1.0
AM,2018-05-28/2018-06-03,5,1,1,1000000,50000,22,0.49999999999999994,-0.8660254037844387,0.46472317204376906,-0.8854560256532096,-0.5,0.0,2.0,2.0,1.0,2.0,2.25,2.0,2.25,1.0
AM,2018-05-28/2018-06-03,6,1,1,1000000,50000,22,1.2246467991473532e-16,-1.0,0.46472317204376906,-0.8854560256532096,0.0,-0.75,1.0,2.0,4.0,2.0,2.25,1.875,2.0,4.0
AM,2018-06-04/2018-06-10,6,4,4,1000000,50000,23,1.2246467991473532e-16,-1.0,0.35460488704253584,-0.9350162426854147,3.0,1.0,1.0,1.0,2.0,2.0,1.5,1.75,2.0,1.0
AM,2018-06-11/2018-06-17,6,1,1,1000000,50000,24,1.2246467991473532e-16,-1.0,0.23931566428755768,-0.970941817426052,-0.75,-0.5,4.0,1.0,2.0,1.0,2.0,2.0,2.1666666666666665,1.0
AM,2018-06-18/2018-06-24,6,1,1,1000000,50000,25,1.2246467991473532e-16,-1.0,0.12053668025532308,-0.992708874098054,0.0,0.0,1.0,4.0,1.0,1.0,1.75,2.0,1.9166666666666667,2.0
AM,2018-06-25/2018-07-01,7,2,2,1000000,50000,26,-0.4999999999999997,-0.8660254037844388,-3.216245299353273e-16,-1.0,1.0,1.0,1.0,1.0,1.0,4.0,1.75,2.0,1.8333333333333333,1.0
AM,2018-07-02/2018-07-08,7,1,1,1000000,50000,27,-0.4999999999999997,-0.8660254037844388,-0.12053668025532283,-0.992708874098054,-0.5,-0.75,2.0,1.0,4.0,2.0,2.0,1.75,1.8333333333333333,4.0
AM,2018-07-09/2018-07-15,7,4,4,1000000,50000,28,-0.4999999999999997,-0.8660254037844388,-0.23931566428755743,-0.9709418174260521,3.0,3.0,1.0,2.0,1.0,2.0,1.25,1.625,1.75,4.0
AM,2018-07-16/2018-07-22,7,4,4,1000000,50000,29,-0.4999999999999997,-0.8660254037844388,-0.3546048870425356,-0.9350162426854148,0.0,3.0,4.0,1.0,1.0,1.0,2.0,1.875,2.0,7.0
AM,2018-07-23/2018-07-29,7,7,7,1000000,50000,30,-0.4999999999999997,-0.8660254037844388,-0.46472317204376806,-0.8854560256532101,0.75,2.5,4.0,4.0,2.0,1.0,2.75,2.25,2.25,3.0
AM,2018-07-30/2018-08-05,8,3,3,1000000,50000,31,-0.8660254037844384,-0.5000000000000004,-0.5680647467311556,-0.8229838658936565,-0.5714285714285714,2.0,7.0,4.0,1.0,4.0,4.0,3.0,2.5,1.0
AP,2017-01-30/2017-02-05,2,1,1,1000000,50000,5,0.8660254037844386,0.5000000000000001,0.5680647467311558,0.8229838658936564,0.0,0.0,,,,,,,,1.0
AP,2017-02-27/2017-03-05,2,1,1,1000000,50000,9,0.8660254037844386,0.5000000000000001,0.8854560256532099,0.4647231720437686,0.0,0.0,1.0,,,,,,,1.0
AP,2017-03-13/2017-03-19,3,1,1,1000000,50000,11,1.0,6.123233995736766e-17,0.970941817426052,0.23931566428755804,0.0,0.0,1.0,1.0,,,1.0,1.0,1.0,2.0
AP,2017-03-20/2017-03-26,3,2,2,1000000,50000,12,1.0,6.123233995736766e-17,0.992708874098054,0.120536680255323,1.0,0.0,1.0,1.0,,,1.0,1.0,1.0,1.0
AP,2017-05-01/2017-05-07,5,1,1,1000000,50000,18,0.49999999999999994,-0.8660254037844387,0.8229838658936565,-0.5680647467311557,-0.5,0.0,2.0,1.0,1.0,,1.25,1.25,1.25,2.0
AP,2017-05-08/2017-05-14,5,2,2,1000000,50000,19,0.49999999999999994,-0.8660254037844387,0.7485107481711013,-0.663122658240795,1.0,1.0,1.0,2.0,1.0,,1.25,1.2,1.2,1.0
AP,2017-05-22/2017-05-28,5,1,1,1000000,50000,21,0.49999999999999994,-0.8660254037844387,0.5680647467311558,-0.8229838658936564,-0.5,0.0,2.0,1.0,1.0,,1.5,1.3333333333333333,1.3333333333333333,1.0
AP,2017-06-05/2017-06-11,6,1,1,1000000,50000,23,1.2246467991473532e-16,-1.0,0.35460488704253584,-0.9350162426854147,0.0,-0.5,1.0,2.0,2.0,,1.5,1.2857142857142858,1.2857142857142858,1.0
AP,2017-06-12/2017-06-18,6,1,1,1000000,50000,24,1.2246467991473532e-16,-1.0,0.23931566428755768,-0.970941817426052,0.0,0.0,1.0,1.0,1.0,1.0,1.25,1.25,1.25,1.0
AP,2017-07-03/2017-07-09,7,1,1,1000000,50000,27,-0.4999999999999997,-0.8660254037844388,-0.12053668025532283,-0.992708874098054,0.0,-0.5,1.0,1.0,2.0,1.0,1.25,1.25,1.2222222222222223,2.0
AP,2017-08-07/2017-08-13,8,2,2,1000000,50000,32,-0.8660254037844384,-0.5000000000000004,-0.663122658240795,-0.7485107481711013,1.0,1.0,1.0,1.0,1.0,1.0,1.0,1.25,1.2,1.0
AP,2017-08-14/2017-08-20,8,1,1,1000000,50000,33,-0.8660254037844384,-0.5000000000000004,-0.7485107481711011,-0.6631226582407952,-0.5,0.0,2.0,1.0,1.0,2.0,1.25,1.375,1.2727272727272727,1.0
AP,2017-08-28/2017-09-03,9,1,1,1000000,50000,35,-1.0,-1.8369701987210297e-16,-0.8854560256532096,-0.4647231720437691,0.0,0.0,1.0,2.0,1.0,1.0,1.25,1.25,1.25,1.0
AP,2017-09-11/2017-09-17,9,1,1,1000000,50000,37,-1.0,-1.8369701987210297e-16,-0.970941817426052,-0.23931566428755774,0.0,0.0,1.0,1.0,1.0,2.0,1.25,1.25,1.25,1.0
AP,2017-09-25/2017-10-01,10,1,1,1000000,50000,39,-0.8660254037844386,0.5000000000000001,-1.0,-1.8369701987210297e-16,0.0,-0.5,1.0,1.0,2.0,1.0,1.25,1.125,1.25,2.0
AP,2017-10-23/2017-10-29,10,2,2,1000000,50000,43,-0.8660254037844386,0.5000000000000001,-0.8854560256532101,0.464723172043768,1.0,1.0,1.0,1.0,1.0,1.0,1.0,1.125,1.25,1.0
AP,2017-10-30/2017-11-05,11,1,1,1000000,50000,44,-0.5000000000000004,0.8660254037844384,-0.822983865893657,0.5680647467311548,-0.5,0.0,2.0,1.0,1.0,1.0,1.25,1.25,1.25,2.0
AP,2017-11-20/2017-11-26,11,2,2,1000000,50000,47,-0.5000000000000004,0.8660254037844384,-0.5680647467311559,0.8229838658936564,1.0,1.0,1.0,2.0,1.0,1.0,1.25,1.25,1.25,1.0
AP,2017-11-27/2017-12-03,11,1,1,1000000,50000,48,-0.5000000000000004,0.8660254037844384,-0.4647231720437684,0.88545602565321,-0.5,0.0,2.0,1.0,1.0,2.0,1.5,1.375,1.25,2.0
AP,2017-12-04/2017-12-10,12,2,2,1000000,50000,49,-2.4492935982947064e-16,1.0,-0.35460488704253595,0.9350162426854147,1.0,0.0,1.0,2.0,2.0,1.0,1.5,1.25,1.25,1.0
AP,2017-12-11/2017-12-17,12,1,1,1000000,50000,50,-2.4492935982947064e-16,1.0,-0.2393156642875578,0.970941817426052,-0.5,0.0,2.0,1.0,1.0,1.0,1.5,1.375,1.3333333333333333,1.0
AP,2017-12-25/2017-12-31,12,1,1,1000000,50000,52,-2.4492935982947064e-16,1.0,6.432490598706546e-16,1.0,0.0,-0.5,1.0,2.0,2.0,1.0,1.5,1.375,1.3333333333333333,4.0
AP,2018-01-01/2018-01-07,1,4,4,1000000,50000,1,0.49999999999999994,0.8660254037844387,0.12053668025532305,0.992708874098054,3.0,3.0,1.0,1.0,1.0,1.0,1.25,1.375,1.3333333333333333,1.0
AP,2018-01-08/2018-01-14,1,1,1,1000000,50000,2,0.49999999999999994,0.8660254037844387,0.23931566428755774,0.970941817426052,-0.75,-0.5,4.0,1.0,2.0,2.0,2.0,1.75,1.5,4.0
AP,2018-01-15/2018-01-21,1,4,4,1000000,50000,3,0.49999999999999994,0.8660254037844387,0.3546048870425356,0.9350162426854148,3.0,3.0,1.0,4.0,1.0,1.0,1.75,1.625,1.5,2.0
AP,2018-01-22/2018-01-28,1,2,2,1000000,50000,4,0.49999999999999994,0.8660254037844387,0.4647231720437685,0.8854560256532099,-0.5,1.0,4.0,1.0,1.0,2.0,2.5,2.0,1.75,2.0
AP,2018-01-29/2018-02-04,2,2,2,1000000,50000,5,0.8660254037844386,0.5000000000000001,0.5680647467311558,0.8229838658936564,0.0,-0.5,2.0,4.0,4.0,1.0,2.75,2.0,1.8333333333333333,1.0
AP,2018-03-05/2018-03-11,3,1,1,1000000,50000,10,1.0,6.123233995736766e-17,0.9350162426854148,0.35460488704253557,-0.5,0.0,2.0,2.0,1.0,2.0,2.25,2.125,1.9166666666666667,2.0
AP,2018-03-12/2018-03-18,3,2,2,1000000,50000,11,1.0,6.123233995736766e-17,0.970941817426052,0.23931566428755804,1.0,-0.5,1.0,2.0,4.0,1.0,2.25,2.0,1.8333333333333333,2.0
AP,2018-03-19/2018-03-25,3,2,2,1000000,50000,12,1.0,6.123233995736766e-17,0.992708874098054,0.120536680255323,0.0,0.0,2.0,1.0,2.0,1.0,1.75,2.125,1.9166666666666667,1.0
AP,2018-03-26/2018-04-01,4,1,1,1000000,50000,13,0.8660254037844387,-0.4999999999999998,1.0,-1.6081226496766364e-16,-0.5,-0.5,2.0,2.0,2.0,4.0,1.75,2.25,1.9166666666666667,1.0
AP,2018-04-02/2018-04-08,4,1,1,1000000,50000,14,0.8660254037844387,-0.4999999999999998,0.992708874098054,-0.12053668025532288,0.0,0.0,1.0,2.0,1.0,1.0,1.5,1.875,1.9166666666666667,3.0
AP,2018-04-09/2018-04-15,4,3,3,1000000,50000,15,0.8660254037844387,-0.4999999999999998,0.9709418174260521,-0.2393156642875575,2.0,0.5,1.0,1.0,2.0,4.0,1.5,1.875,1.8333333333333333,1.0
AP,2018-04-30/2018-05-06,5,1,1,1000000,50000,18,0.49999999999999994,-0.8660254037844387,0.8229838658936565,-0.5680647467311557,-0.6666666666666667,-0.5,3.0,1.0,2.0,2.0,1.75,1.75,2.0,3.0
AP,2018-05-07/2018-05-13,5,3,3,1000000,50000,19,0.49999999999999994,-0.8660254037844387,0.7485107481711013,-0.663122658240795,2.0,2.0,1.0,3.0,1.0,2.0,1.5,1.625,2.0,1.0
AP,2018-05-14/2018-05-20,5,1,1,1000000,50000,20,0.49999999999999994,-0.8660254037844387,0.6631226582407952,-0.7485107481711012,-0.6666666666666667,0.0,3.0,1.0,1.0,1.0,2.0,1.75,1.9166666666666667,1.0
AP,2018-05-28/2018-06-03,5,1,1,1000000,50000,22,0.49999999999999994,-0.8660254037844387,0.46472317204376906,-0.8854560256532096,0.0,-0.6666666666666667,1.0,3.0,3.0,2.0,2.0,1.75,1.9166666666666667,1.0
AP,2018-06-04/2018-06-10,6,1,1,1000000,50000,23,1.2246467991473532e-16,-1.0,0.35460488704253584,-0.9350162426854147,0.0,0.0,1.0,1.0,1.0,2.0,1.5,1.625,1.6666666666666667,1.0
AP,2018-06-25/2018-07-01,6,1,1,1000000,50000,26,1.2246467991473532e-16,-1.0,-3.216245299353273e-16,-1.0,0.0,-0.6666666666666667,1.0,1.0,3.0,1.0,1.5,1.5,1.5833333333333333,2.0
AP,2018-07-02/2018-07-08,7,2,2,1000000,50000,27,-0.4999999999999997,-0.8660254037844388,-0.12053668025532283,-0.992708874098054,1.0,1.0,1.0,1.0,1.0,1.0,1.0,1.5,1.5,4.0
AP,2018-07-09/2018-07-15,7,4,4,1000000,50000,28,-0.4999999999999997,-0.8660254037844388,-0.23931566428755743,-0.9709418174260521,1.0,3.0,2.0,1.0,1.0,3.0,1.25,1.625,1.5833333333333333,1.0
AP,2018-08-06/2018-08-12,8,1,1,1000000,50000,32,-0.8660254037844384,-0.5000000000000004,-0.663122658240795,-0.7485107481711013,-0.75,0.0,4.0,2.0,1.0,1.0,2.0,1.75,1.75,1.0
BA,2016-10-03/2016-10-09,10,2,2,1000000,50000,40,-0.8660254037844386,0.5000000000000001,-0.992708874098054,0.1205366802553232,0.0,0.0,,,,,,,,1.0
BA,2016-10-10/2016-10-16,10,1,1,1000000,50000,41,-0.8660254037844386,0.5000000000000001,-0.9709418174260521,0.23931566428755738,-0.5,0.0,2.0,,,,,,,1.0
BA,2017-01-02/2017-01-08,1,1,1,1000000,50000,1,0.49999999999999994,0.8660254037844387,0.12053668025532305,0.992708874098054,0.0,0.0,1.0,2.0,,,1.5,1.5,1.5,1.0
BA,2017-01-09/2017-01-15,1,1,1,1000000,50000,2,0.49999999999999994,0.8660254037844387,0.23931566428755774,0.970941817426052,0.0,0.0,1.0,1.0,,,1.3333333333333333,1.3333333333333333,1.3333333333333333,3.0
BA,2017-01-16/2017-01-22,1,3,3,1000000,50000,3,0.49999999999999994,0.8660254037844387,0.3546048870425356,0.9350162426854148,2.0,0.5,1.0,1.0,2.0,,1.25,1.25,1.25,16.0
BA,2017-01-23/2017-01-29,1,16,16,1000000,50000,4,0.49999999999999994,0.8660254037844387,0.4647231720437685,0.8854560256532099,4.333333333333333,15.0,3.0,1.0,1.0,,1.5,1.6,1.6,3.0
BA,2017-01-30/2017-02-05,1,3,3,1000000,50000,5,0.49999999999999994,0.8660254037844387,0.5680647467311558,0.8229838658936564,-0.8125,2.0,16.0,3.0,1.0,,5.25,4.0,4.0,17.0
BA,2017-01-30/2017-02-05,2,17,17,1000000,50000,5,0.8660254037844386,0.5000000000000001,0.5680647467311558,0.8229838658936564,4.666666666666667,16.0,3.0,16.0,1.0,,5.75,3.857142857142857,3.857142857142857,8.0
BA,2017-02-06/2017-02-12,2,8,8,1000000,50000,6,0.8660254037844386,0.5000000000000001,0.6631226582407952,0.7485107481711011,-0.5294117647058824,1.6666666666666665,17.0,3.0,3.0,2.0,9.75,5.5,5.5,16.0
BA,2017-02-13/2017-02-19,2,16,16,1000000,50000,7,0.8660254037844386,0.5000000000000001,0.7485107481711011,0.6631226582407953,1.0,0.0,8.0,17.0,16.0,1.0,11.0,6.25,5.777777777777778,15.0
BA,2017-02-20/2017-02-26,2,15,15,1000000,50000,8,0.8660254037844386,0.5000000000000001,0.8229838658936564,0.5680647467311559,-0.0625,4.0,16.0,8.0,3.0,1.0,11.0,8.125,6.8,2.0
BA,2017-02-27/2017-03-05,2,2,2,1000000,50000,9,0.8660254037844386,0.5000000000000001,0.8854560256532099,0.4647231720437686,-0.8666666666666667,-0.8823529411764706,15.0,16.0,17.0,1.0,14.0,9.875,7.545454545454546,16.0
BA,2017-02-27/2017-03-05,3,16,16,1000000,50000,9,1.0,6.123233995736766e-17,0.8854560256532099,0.4647231720437686,7.0,1.0,2.0,15.0,8.0,3.0,10.25,10.0,7.083333333333333,19.0
BA,2017-03-06/2017-03-12,3,19,19,1000000,50000,10,1.0,6.123233995736766e-17,0.9350162426854148,0.35460488704253557,0.1875,0.1875,16.0,2.0,16.0,16.0,12.25,11.625,8.25,19.0
BA,2017-03-13/2017-03-19,3,19,19,1000000,50000,11,1.0,6.123233995736766e-17,0.970941817426052,0.23931566428755804,0.0,0.2666666666666666,19.0,16.0,15.0,3.0,13.0,12.0,9.75,23.0
BA,2017-03-20/2017-03-26,3,23,23,1000000,50000,12,1.0,6.123233995736766e-17,0.992708874098054,0.120536680255323,0.21052631578947367,10.5,19.0,19.0,2.0,17.0,14.0,14.0,11.25,10.0
BA,2017-03-27/2017-04-02,3,10,10,1000000,50000,13,1.0,6.123233995736766e-17,1.0,-1.6081226496766364e-16,-0.5652173913043479,-0.375,23.0,19.0,16.0,8.0,19.25,14.75,13.083333333333334,4.0
BA,2017-03-27/2017-04-02,4,4,4,1000000,50000,13,0.8660254037844387,-0.4999999999999998,1.0,-1.6081226496766364e-16,-0.6,-0.7894736842105263,10.0,23.0,19.0,16.0,17.75,15.0,13.666666666666666,22.0
BA,2017-04-03/2017-04-09,4,22,22,1000000,50000,14,0.8660254037844387,-0.4999999999999998,0.992708874098054,-0.12053668025532288,4.5,0.1578947368421053,4.0,10.0,19.0,15.0,14.0,13.5,12.666666666666666,20.0
BA,2017-04-10/2017-04-16,4,20,20,1000000,50000,15,0.8660254037844387,-0.4999999999999998,0.9709418174260521,-0.2393156642875575,-0.09090909090909094,-0.13043478260869568,22.0,4.0,23.0,2.0,14.75,14.375,14.25,15.0
BA,2017-04-17/2017-04-23,4,15,15,1000000,50000,16,0.8660254037844387,-0.4999999999999998,0.9350162426854148,-0.35460488704253545,-0.25,0.5,20.0,22.0,10.0,16.0,14.0,16.625,14.5,23.0
BA,2017-04-24/2017-04-30,4,23,23,1000000,50000,17,0.8660254037844387,-0.4999999999999998,0.8854560256532099,-0.4647231720437685,0.5333333333333334,4.75,15.0,20.0,4.0,19.0,15.25,16.5,15.083333333333334,22.0
BA,2017-05-01/2017-05-07,5,22,22,1000000,50000,18,0.49999999999999994,-0.8660254037844387,0.8229838658936565,-0.5680647467311557,-0.04347826086956519,0.0,23.0,15.0,22.0,19.0,20.0,17.0,15.666666666666666,31.0
BA,2017-05-08/2017-05-14,5,31,31,1000000,50000,19,0.49999999999999994,-0.8660254037844387,0.7485107481711013,-0.663122658240795,0.40909090909090917,0.55,22.0,23.0,20.0,23.0,20.0,17.375,16.25,27.0
BA,2017-05-15/2017-05-21,5,27,27,1000000,50000,20,0.49999999999999994,-0.8660254037844387,0.6631226582407952,-0.7485107481711012,-0.12903225806451613,0.8,31.0,22.0,15.0,10.0,22.75,18.375,18.666666666666668,24.0
BA,2017-05-22/2017-05-28,5,24,24,1000000,50000,21,0.49999999999999994,-0.8660254037844387,0.5680647467311558,-0.8229838658936564,-0.11111111111111116,0.04347826086956519,27.0,31.0,23.0,4.0,25.75,20.5,19.583333333333332,15.0
BA,2017-05-29/2017-06-04,5,15,15,1000000,50000,22,0.49999999999999994,-0.8660254037844387,0.46472317204376906,-0.8854560256532096,-0.375,-0.31818181818181823,24.0,27.0,22.0,22.0,26.0,23.0,20.0,16.0
BA,2017-05-29/2017-06-04,6,16,16,1000000,50000,22,1.2246467991473532e-16,-1.0,0.46472317204376906,-0.8854560256532096,0.06666666666666665,-0.4838709677419355,15.0,24.0,31.0,20.0,24.25,22.125,19.666666666666668,20.0
BA,2017-06-05/2017-06-11,6,20,20,1000000,50000,23,1.2246467991473532e-16,-1.0,0.35460488704253584,-0.9350162426854147,0.25,-0.2592592592592593,16.0,15.0,27.0,15.0,20.5,21.625,19.083333333333332,31.0
BA,2017-06-12/2017-06-18,6,31,31,1000000,50000,24,1.2246467991473532e-16,-1.0,0.23931566428755768,-0.970941817426052,0.55,0.29166666666666674,20.0,16.0,24.0,23.0,18.75,22.25,19.916666666666668,17.0
BA,2017-06-19/2017-06-25,6,17,17,1000000,50000,25,1.2246467991473532e-16,-1.0,0.12053668025532308,-0.992708874098054,-0.4516129032258065,0.1333333333333333,31.0,20.0,15.0,22.0,20.5,23.25,22.166666666666668,19.0
BA,2017-06-26/2017-07-02,6,19,19,1000000,50000,26,1.2246467991473532e-16,-1.0,-3.216245299353273e-16,-1.0,0.11764705882352944,0.1875,17.0,31.0,16.0,31.0,21.0,22.625,21.75,4.0
BA,2017-06-26/2017-07-02,7,4,4,1000000,50000,26,-0.4999999999999997,-0.8660254037844388,-3.216245299353273e-16,-1.0,-0.7894736842105263,-0.8,19.0,17.0,20.0,27.0,21.75,21.125,21.666666666666668,24.0
BA,2017-07-03/2017-07-09,7,24,24,1000000,50000,27,-0.4999999999999997,-0.8660254037844388,-0.12053668025532283,-0.992708874098054,5.0,-0.22580645161290325,4.0,19.0,31.0,24.0,17.75,18.25,20.75,42.0
BA,2017-07-10/2017-07-16,7,42,42,1000000,50000,28,-0.4999999999999997,-0.8660254037844388,-0.23931566428755743,-0.9709418174260521,0.75,1.4705882352941178,24.0,4.0,17.0,15.0,16.0,18.25,20.833333333333332,42.0
BA,2017-07-17/2017-07-23,7,42,42,1000000,50000,29,-0.4999999999999997,-0.8660254037844388,-0.3546048870425356,-0.9350162426854148,0.0,1.210526315789474,42.0,24.0,19.0,16.0,22.25,21.625,22.5,32.0
BA,2017-07-24/2017-07-30,7,32,32,1000000,50000,30,-0.4999999999999997,-0.8660254037844388,-0.46472317204376806,-0.8854560256532101,-0.23809523809523814,7.0,42.0,42.0,4.0,20.0,28.0,24.875,23.416666666666668,30.0
BA,2017-07-31/2017-08-06,8,30,30,1000000,50000,31,-0.8660254037844384,-0.5000000000000004,-0.5680647467311556,-0.8229838658936565,-0.0625,0.25,32.0,42.0,24.0,31.0,35.0,26.375,23.833333333333332,26.0
BA,2017-08-07/2017-08-13,8,26,26,1000000,50000,32,-0.8660254037844384,-0.5000000000000004,-0.663122658240795,-0.7485107481711013,-0.1333333333333333,-0.38095238095238093,30.0,32.0,42.0,17.0,36.5,26.25,24.333333333333332,35.0
BA,2017-08-14/2017-08-20,8,35,35,1000000,50000,33,-0.8660254037844384,-0.5000000000000004,-0.7485107481711011,-0.6631226582407952,0.34615384615384626,-0.16666666666666663,26.0,30.0,42.0,19.0,32.5,27.375,25.25,34.0
BA,2017-08-21/2017-08-27,8,34,34,1000000,50000,34,-0.8660254037844384,-0.5000000000000004,-0.8229838658936564,-0.5680647467311559,-0.02857142857142858,0.0625,35.0,26.0,32.0,4.0,30.75,29.375,26.833333333333332,27.0
BA,2017-08-28/2017-09-03,8,27,27,1000000,50000,35,-0.8660254037844384,-0.5000000000000004,-0.8854560256532096,-0.4647231720437691,-0.20588235294117652,-0.09999999999999998,34.0,35.0,30.0,24.0,31.25,33.125,28.0,15.0
BA,2017-08-28/2017-09-03,9,15,15,1000000,50000,35,-1.0,-1.8369701987210297e-16,-0.8854560256532096,-0.4647231720437691,-0.4444444444444444,-0.42307692307692313,27.0,34.0,26.0,42.0,30.5,33.5,27.666666666666668,37.0
BA,2017-09-04/2017-09-10,9,37,37,1000000,50000,36,-1.0,-1.8369701987210297e-16,-0.9350162426854147,-0.3546048870425359,1.4666666666666668,0.05714285714285716,15.0,27.0,35.0,42.0,27.75,30.125,27.5,54.0
BA,2017-09-11/2017-09-17,9,54,54,1000000,50000,37,-1.0,-1.8369701987210297e-16,-0.970941817426052,-0.23931566428755774,0.45945945945945943,0.588235294117647,37.0,15.0,34.0,32.0,28.25,29.5,29.0,32.0
BA,2017-09-18/2017-09-24,9,32,32,1000000,50000,38,-1.0,-1.8369701987210297e-16,-0.992708874098054,-0.12053668025532357,-0.40740740740740744,0.18518518518518512,54.0,37.0,27.0,30.0,33.25,32.25,33.166666666666664,29.0
BA,2017-09-25/2017-10-01,9,29,29,1000000,50000,39,-1.0,-1.8369701987210297e-16,-1.0,-1.8369701987210297e-16,-0.09375,0.9333333333333333,32.0,54.0,15.0,26.0,34.5,32.5,33.833333333333336,5.0
BA,2017-09-25/2017-10-01,10,5,5,1000000,50000,39,-0.8660254037844386,0.5000000000000001,-1.0,-1.8369701987210297e-16,-0.8275862068965517,-0.8648648648648649,29.0,32.0,37.0,35.0,38.0,32.875,32.75,40.0
BA,2017-10-02/2017-10-08,10,40,40,1000000,50000,40,-0.8660254037844386,0.5000000000000001,-0.992708874098054,0.1205366802553232,7.0,-0.2592592592592593,5.0,29.0,54.0,34.0,30.0,29.125,29.666666666666668,44.0
BA,2017-10-09/2017-10-15,10,44,44,1000000,50000,41,-0.8660254037844386,0.5000000000000001,-0.9709418174260521,0.23931566428755738,0.10000000000000009,0.375,40.0,5.0,32.0,27.0,26.5,29.875,30.333333333333332,36.0
BA,2017-10-16/2017-10-22,10,36,36,1000000,50000,42,-0.8660254037844386,0.5000000000000001,-0.9350162426854148,0.35460488704253557,-0.18181818181818177,0.24137931034482762,44.0,40.0,29.0,15.0,29.5,32.0,31.5,27.0
BA,2017-10-23/2017-10-29,10,27,27,1000000,50000,43,-0.8660254037844386,0.5000000000000001,-0.8854560256532101,0.464723172043768,-0.25,4.4,36.0,44.0,5.0,37.0,31.25,34.625,32.333333333333336,6.0
BA,2017-10-30/2017-11-05,10,6,6,1000000,50000,44,-0.8660254037844386,0.5000000000000001,-0.822983865893657,0.5680647467311548,-0.7777777777777778,-0.85,27.0,36.0,40.0,54.0,36.75,33.375,31.666666666666668,20.0
BA,2017-10-30/2017-11-05,11,20,20,1000000,50000,44,-0.5000000000000004,0.8660254037844384,-0.822983865893657,0.5680647467311548,2.3333333333333335,-0.5454545454545454,6.0,27.0,44.0,32.0,28.25,27.375,29.333333333333332,31.0
BA,2017-11-06/2017-11-12,11,31,31,1000000,50000,45,-0.5000000000000004,0.8660254037844384,-0.7485107481711011,0.6631226582407952,0.55,-0.13888888888888884,20.0,6.0,36.0,29.0,22.25,25.875,28.75,45.0
BA,2017-11-13/2017-11-19,11,45,45,1000000,50000,46,-0.5000000000000004,0.8660254037844384,-0.6631226582407955,0.7485107481711007,0.4516129032258065,0.6666666666666667,31.0,20.0,27.0,5.0,21.0,26.125,30.083333333333332,109.0
BA,2017-11-20/2017-11-26,11,109,109,1000000,50000,47,-0.5000000000000004,0.8660254037844384,-0.5680647467311559,0.8229838658936564,1.422222222222222,17.166666666666668,45.0,31.0,6.0,40.0,25.5,31.125,30.75,38.0
BA,2017-11-27/2017-12-03,11,38,38,1000000,50000,48,-0.5000000000000004,0.8660254037844384,-0.4647231720437684,0.88545602565321,-0.6513761467889908,0.8999999999999999,109.0,45.0,20.0,44.0,51.25,39.75,35.333333333333336,25.0
BA,2017-11-27/2017-12-03,12,25,25,1000000,50000,48,-2.4492935982947064e-16,1.0,-0.4647231720437684,0.88545602565321,-0.3421052631578947,-0.19354838709677424,38.0,109.0,31.0,36.0,55.75,39.0,35.833333333333336,48.0
BA,2017-12-04/2017-12-10,12,48,48,1000000,50000,49,-2.4492935982947064e-16,1.0,-0.35460488704253595,0.9350162426854147,0.9199999999999999,0.06666666666666665,25.0,38.0,45.0,27.0,54.25,37.625,35.5,49.0
BA,2017-12-11/2017-12-17,12,49,49,1000000,50000,50,-2.4492935982947064e-16,1.0,-0.2393156642875578,0.970941817426052,0.02083333333333326,-0.5504587155963303,48.0,25.0,109.0,6.0,55.0,40.25,39.083333333333336,38.0
BA,2017-12-18/2017-12-24,12,38,38,1000000,50000,51,-2.4492935982947064e-16,1.0,-0.12053668025532363,0.992708874098054,-0.22448979591836737,0.0,49.0,48.0,38.0,20.0,40.0,45.625,39.833333333333336,28.0
BA,2017-12-25/2017-12-31,12,28,28,1000000,50000,52,-2.4492935982947064e-16,1.0,6.432490598706546e-16,1.0,-0.26315789473684215,0.1200000000000001,38.0,49.0,25.0,31.0,40.0,47.875,39.333333333333336,50.0
BA,2018-01-01/2018-01-07,1,50,50,1000000,50000,1,0.49999999999999994,0.8660254037844387,0.12053668025532305,0.992708874098054,0.7857142857142858,0.04166666666666674,28.0,38.0,48.0,45.0,40.75,47.5,38.666666666666664,62.0
BA,2018-01-08/2018-01-14,1,62,62,1000000,50000,2,0.49999999999999994,0.8660254037844387,0.23931566428755774,0.970941817426052,0.24,0.26530612244897966,50.0,28.0,49.0,109.0,41.25,48.125,40.583333333333336,57.0
BA,2018-01-15/2018-01-21,1,57,57,1000000,50000,3,0.49999999999999994,0.8660254037844387,0.3546048870425356,0.9350162426854148,-0.08064516129032262,0.5,62.0,50.0,38.0,38.0,44.5,42.25,45.25,41.0
BA,2018-01-22/2018-01-28,1,41,41,1000000,50000,4,0.49999999999999994,0.8660254037844387,0.4647231720437685,0.8854560256532099,-0.2807017543859649,0.4642857142857142,57.0,62.0,28.0,25.0,49.25,44.625,48.333333333333336,18.0
BA,2018-01-29/2018-02-04,1,18,18,1000000,50000,5,0.49999999999999994,0.8660254037844387,0.5680647467311558,0.8229838658936564,-0.5609756097560976,-0.64,41.0,57.0,50.0,48.0,52.5,46.625,49.166666666666664,28.0
BA,2018-01-29/2018-02-04,2,28,28,1000000,50000,5,0.8660254037844386,0.5000000000000001,0.5680647467311558,0.8229838658936564,0.5555555555555556,-0.5483870967741935,18.0,41.0,62.0,49.0,44.5,42.875,46.916666666666664,42.0
BA,2018-02-05/2018-02-11,2,42,42,1000000,50000,6,0.8660254037844386,0.5000000000000001,0.6631226582407952,0.7485107481711011,0.5,-0.26315789473684215,28.0,18.0,57.0,38.0,36.0,40.25,40.166666666666664,47.0
BA,2018-02-12/2018-02-18,2,47,47,1000000,50000,7,0.8660254037844386,0.5000000000000001,0.7485107481711011,0.6631226582407953,0.11904761904761907,0.14634146341463405,42.0,28.0,41.0,28.0,32.25,40.75,40.5,60.0
BA,2018-02-19/2018-02-25,2,60,60,1000000,50000,8,0.8660254037844386,0.5000000000000001,0.8229838658936564,0.5680647467311559,0.27659574468085113,2.3333333333333335,47.0,42.0,18.0,50.0,33.75,43.125,42.333333333333336,31.0
BA,2018-02-26/2018-03-04,2,31,31,1000000,50000,9,0.8660254037844386,0.5000000000000001,0.8854560256532099,0.4647231720437686,-0.4833333333333333,0.1071428571428572,60.0,47.0,28.0,62.0,44.25,44.375,43.333333333333336,31.0
BA,2018-02-26/2018-03-04,3,31,31,1000000,50000,9,1.0,6.123233995736766e-17,0.8854560256532099,0.4647231720437686,0.0,-0.26190476190476186,31.0,60.0,42.0,57.0,45.0,40.5,41.833333333333336,58.0
BA,2018-03-05/2018-03-11,3,58,58,1000000,50000,10,1.0,6.123233995736766e-17,0.9350162426854148,0.35460488704253557,0.8709677419354838,0.23404255319148937,31.0,31.0,47.0,41.0,42.25,37.25,41.25,60.0
BA,2018-03-12/2018-03-18,3,60,60,1000000,50000,11,1.0,6.123233995736766e-17,0.970941817426052,0.23931566428755804,0.034482758620689724,0.0,58.0,31.0,60.0,18.0,45.0,39.375,43.75,47.0
BA,2018-03-19/2018-03-25,3,47,47,1000000,50000,12,1.0,6.123233995736766e-17,0.992708874098054,0.120536680255323,-0.21666666666666667,0.5161290322580645,60.0,58.0,31.0,28.0,45.0,44.625,44.583333333333336,39.0
BA,2018-03-26/2018-04-01,3,39,39,1000000,50000,13,1.0,6.123233995736766e-17,1.0,-1.6081226496766364e-16,-0.17021276595744683,0.25806451612903225,47.0,60.0,31.0,42.0,49.0,47.0,43.333333333333336,8.0
BA,2018-03-26/2018-04-01,4,8,8,1000000,50000,13,0.8660254037844387,-0.4999999999999998,1.0,-1.6081226496766364e-16,-0.7948717948717949,-0.8620689655172413,39.0,47.0,58.0,47.0,51.0,46.625,41.833333333333336,54.0
BA,2018-04-02/2018-04-08,4,54,54,1000000,50000,14,0.8660254037844387,-0.4999999999999998,0.992708874098054,-0.12053668025532288,5.75,-0.09999999999999998,8.0,39.0,60.0,60.0,38.5,41.75,39.083333333333336,46.0
BA,2018-04-09/2018-04-15,4,46,46,1000000,50000,15,0.8660254037844387,-0.4999999999999998,0.9709418174260521,-0.2393156642875575,-0.14814814814814814,-0.021276595744680882,54.0,8.0,47.0,31.0,37.0,41.0,42.083333333333336,41.0
BA,2018-04-16/2018-04-22,4,41,41,1000000,50000,16,0.8660254037844387,-0.4999999999999998,0.9350162426854148,-0.35460488704253545,-0.10869565217391308,0.05128205128205132,46.0,54.0,39.0,31.0,36.75,42.875,43.583333333333336,57.0
BA,2018-04-23/2018-04-29,4,57,57,1000000,50000,17,0.8660254037844387,-0.4999999999999998,0.8854560256532099,-0.4647231720437685,0.3902439024390243,6.125,41.0,46.0,8.0,58.0,37.25,44.125,43.5,10.0
BA,2018-04-30/2018-05-06,4,10,10,1000000,50000,18,0.8660254037844387,-0.4999999999999998,0.8229838658936565,-0.5680647467311557,-0.8245614035087719,-0.8148148148148149,57.0,41.0,54.0,60.0,49.5,44.0,44.333333333333336,71.0
BA,2018-04-30/2018-05-06,5,71,71,1000000,50000,18,0.49999999999999994,-0.8660254037844387,0.8229838658936565,-0.5680647467311557,6.1,0.5434782608695652,10.0,57.0,46.0,47.0,38.5,37.75,40.166666666666664,70.0
BA,2018-05-07/2018-05-13,5,70,70,1000000,50000,19,0.49999999999999994,-0.8660254037844387,0.7485107481711013,-0.663122658240795,-0.014084507042253502,0.7073170731707317,71.0,10.0,41.0,39.0,44.75,40.75,43.5,46.0
BA,2018-05-14/2018-05-20,5,46,46,1000000,50000,20,0.49999999999999994,-0.8660254037844387,0.6631226582407952,-0.7485107481711012,-0.34285714285714286,-0.19298245614035092,70.0,71.0,57.0,8.0,52.0,44.625,46.75,19.0
BA,2018-05-21/2018-05-27,5,19,19,1000000,50000,21,0.49999999999999994,-0.8660254037844387,0.5680647467311558,-0.8229838658936564,-0.5869565217391304,0.8999999999999999,46.0,70.0,10.0,54.0,49.25,49.375,45.75,31.0
BA,2018-05-28/2018-06-03,5,31,31,1000000,50000,22,0.49999999999999994,-0.8660254037844387,0.46472317204376906,-0.8854560256532096,0.631578947368421,-0.5633802816901409,19.0,46.0,71.0,46.0,51.5,45.0,42.333333333333336,21.0
BA,2018-05-28/2018-06-03,6,21,21,1000000,50000,22,1.2246467991473532e-16,-1.0,0.46472317204376906,-0.8854560256532096,-0.32258064516129037,-0.7,31.0,19.0,70.0,41.0,41.5,43.125,41.0,50.0
BA,2018-06-04/2018-06-10,6,50,50,1000000,50000,23,1.2246467991473532e-16,-1.0,0.35460488704253584,-0.9350162426854147,1.380952380952381,0.08695652173913038,21.0,31.0,46.0,57.0,29.25,40.625,39.5,51.0
BA,2018-06-11/2018-06-17,6,51,51,1000000,50000,24,1.2246467991473532e-16,-1.0,0.23931566428755768,-0.970941817426052,0.020000000000000018,1.6842105263157894,50.0,21.0,19.0,10.0,30.25,39.75,43.0,37.0
BA,2018-06-18/2018-06-24,6,37,37,1000000,50000,25,1.2246467991473532e-16,-1.0,0.12053668025532308,-0.992708874098054,-0.27450980392156865,0.19354838709677424,51.0,50.0,31.0,71.0,38.25,44.875,42.75,39.0
BA,2018-06-25/2018-07-01,6,39,39,1000000,50000,26,1.2246467991473532e-16,-1.0,-3.216245299353273e-16,-1.0,0.054054054054053946,0.8571428571428572,37.0,51.0,21.0,70.0,39.75,40.625,42.0,5.0
BA,2018-06-25/2018-07-01,7,5,5,1000000,50000,26,-0.4999999999999997,-0.8660254037844388,-3.216245299353273e-16,-1.0,-0.8717948717948718,-0.9,39.0,37.0,50.0,46.0,44.25,36.75,41.833333333333336,34.0
BA,2018-07-02/2018-07-08,7,34,34,1000000,50000,27,-0.4999999999999997,-0.8660254037844388,-0.12053668025532283,-0.992708874098054,5.8,-0.33333333333333337,5.0,39.0,51.0,19.0,33.0,31.625,37.5,50.0
BA,2018-07-09/2018-07-15,7,50,50,1000000,50000,28,-0.4999999999999997,-0.8660254037844388,-0.23931566428755743,-0.9709418174260521,0.47058823529411775,0.3513513513513513,34.0,5.0,37.0,31.0,28.75,33.5,39.5,61.0
BA,2018-07-16/2018-07-22,7,61,61,1000000,50000,29,-0.4999999999999997,-0.8660254037844388,-0.3546048870425356,-0.9350162426854148,0.21999999999999997,0.5641025641025641,50.0,34.0,39.0,21.0,32.0,35.875,37.75,76.0
BA,2018-07-23/2018-07-29,7,76,76,1000000,50000,30,-0.4999999999999997,-0.8660254037844388,-0.46472317204376806,-0.8854560256532101,0.24590163934426235,14.2,61.0,50.0,5.0,50.0,37.5,40.875,37.0,19.0
BA,2018-07-30/2018-08-05,7,19,19,1000000,50000,31,-0.4999999999999997,-0.8660254037844388,-0.5680647467311556,-0.8229838658936565,-0.75,-0.4411764705882353,76.0,61.0,34.0,51.0,55.25,44.125,39.5,46.0
BA,2018-07-30/2018-08-05,8,46,46,1000000,50000,31,-0.8660254037844384,-0.5000000000000004,-0.5680647467311556,-0.8229838658936565,1.4210526315789473,-0.07999999999999996,19.0,76.0,50.0,37.0,51.5,40.125,39.5,62.0
BA,2018-08-06/2018-08-12,8,62,62,1000000,50000,32,-0.8660254037844384,-0.5000000000000004,-0.663122658240795,-0.7485107481711013,0.34782608695652173,0.016393442622950838,46.0,19.0,61.0,39.0,50.5,41.25,40.75,41.0
BA,2018-08-13/2018-08-19,8,41,41,1000000,50000,33,-0.8660254037844384,-0.5000000000000004,-0.7485107481711011,-0.6631226582407952,-0.33870967741935487,-0.4605263157894737,62.0,46.0,76.0,5.0,50.75,44.125,44.166666666666664,10.0
CE,2016-10-03/2016-10-09,10,6,6,1000000,50000,40,-0.8660254037844386,0.5000000000000001,-0.992708874098054,0.1205366802553232,0.0,0.0,,,,,,,,2.0
CE,2017-01-09/2017-01-15,1,2,2,1000000,50000,2,0.49999999999999994,0.8660254037844387,0.23931566428755774,0.970941817426052,-0.6666666666666667,0.0,6.0,,,,,,,1.0
CE,2017-01-16/2017-01-22,1,1,1,1000000,50000,3,0.49999999999999994,0.8660254037844387,0.3546048870425356,0.9350162426854148,-0.5,0.0,2.0,6.0,,,4.0,4.0,4.0,2.0
CE,2017-01-23/2017-01-29,1,2,2,1000000,50000,4,0.49999999999999994,0.8660254037844387,0.4647231720437685,0.8854560256532099,1.0,0.0,1.0,2.0,,,3.0,3.0,3.0,3.0
CE,2017-01-30/2017-02-05,1,3,3,1000000,50000,5,0.49999999999999994,0.8660254037844387,0.5680647467311558,0.8229838658936564,0.5,-0.5,2.0,1.0,6.0,,2.75,2.75,2.75,3.0
CE,2017-01-30/2017-02-05,2,3,3,1000000,50000,5,0.8660254037844386,0.5000000000000001,0.5680647467311558,0.8229838658936564,0.0,0.5,3.0,2.0,2.0,,2.0,2.8,2.8,3.0
CE,2017-02-06/2017-02-12,2,3,3,1000000,50000,6,0.8660254037844386,0.5000000000000001,0.6631226582407952,0.7485107481711011,0.0,2.0,3.0,3.0,1.0,,2.25,2.8333333333333335,2.8333333333333335,5.0
CE,2017-02-13/2017-02-19,2,5,5,1000000,50000,7,0.8660254037844386,0.5000000000000001,0.7485107481711011,0.6631226582407953,0.6666666666666667,1.5,3.0,3.0,2.0,,2.75,2.857142857142857,2.857142857142857,2.0
CE,2017-02-20/2017-02-26,2,2,2,1000000,50000,8,0.8660254037844386,0.5000000000000001,0.8229838658936564,0.5680647467311559,-0.6,-0.33333333333333337,5.0,3.0,3.0,6.0,3.5,3.125,3.125,6.0
CE,2017-02-27/2017-03-05,3,6,6,1000000,50000,9,1.0,6.123233995736766e-17,0.8854560256532099,0.4647231720437686,2.0,1.0,2.0,5.0,3.0,2.0,3.25,2.625,3.0,7.0
CE,2017-03-06/2017-03-12,3,7,7,1000000,50000,10,1.0,6.123233995736766e-17,0.9350162426854148,0.35460488704253557,0.16666666666666674,1.3333333333333335,6.0,2.0,3.0,1.0,4.0,3.125,3.3,7.0
CE,2017-03-13/2017-03-19,3,7,7,1000000,50000,11,1.0,6.123233995736766e-17,0.970941817426052,0.23931566428755804,0.0,0.3999999999999999,7.0,6.0,5.0,2.0,5.0,3.875,3.6363636363636362,3.0
CE,2017-03-20/2017-03-26,3,3,3,1000000,50000,12,1.0,6.123233995736766e-17,0.992708874098054,0.120536680255323,-0.5714285714285714,0.5,7.0,7.0,2.0,3.0,5.5,4.5,3.9166666666666665,3.0
CE,2017-03-27/2017-04-02,3,3,3,1000000,50000,13,1.0,6.123233995736766e-17,1.0,-1.6081226496766364e-16,0.0,-0.5,3.0,7.0,6.0,3.0,5.75,4.5,3.6666666666666665,1.0
CE,2017-03-27/2017-04-02,4,1,1,1000000,50000,13,0.8660254037844387,-0.4999999999999998,1.0,-1.6081226496766364e-16,-0.6666666666666667,-0.8571428571428572,3.0,3.0,7.0,3.0,5.0,4.5,3.75,13.0
CE,2017-04-03/2017-04-09,4,13,13,1000000,50000,14,0.8660254037844387,-0.4999999999999998,0.992708874098054,-0.12053668025532288,12.0,0.8571428571428572,1.0,3.0,7.0,5.0,3.5,4.25,3.75,11.0
CE,2017-04-10/2017-04-16,4,11,11,1000000,50000,15,0.8660254037844387,-0.4999999999999998,0.9709418174260521,-0.2393156642875575,-0.15384615384615385,2.6666666666666665,13.0,1.0,3.0,2.0,5.0,5.25,4.666666666666667,8.0
CE,2017-04-17/2017-04-23,4,8,8,1000000,50000,16,0.8660254037844387,-0.4999999999999998,0.9350162426854148,-0.35460488704253545,-0.2727272727272727,1.6666666666666665,11.0,13.0,3.0,6.0,7.0,6.375,5.333333333333333,9.0
CE,2017-04-24/2017-04-30,4,9,9,1000000,50000,17,0.8660254037844387,-0.4999999999999998,0.8854560256532099,-0.4647231720437685,0.125,8.0,8.0,11.0,1.0,7.0,8.25,6.625,5.75,11.0
CE,2017-05-01/2017-05-07,5,11,11,1000000,50000,18,0.49999999999999994,-0.8660254037844387,0.8229838658936565,-0.5680647467311557,0.22222222222222232,-0.15384615384615385,9.0,8.0,13.0,7.0,10.25,6.875,6.25,14.0
CE,2017-05-08/2017-05-14,5,14,14,1000000,50000,19,0.49999999999999994,-0.8660254037844387,0.7485107481711013,-0.663122658240795,0.2727272727272727,0.2727272727272727,11.0,9.0,11.0,3.0,9.75,7.375,6.75,13.0
CE,2017-05-15/2017-05-21,5,13,13,1000000,50000,20,0.49999999999999994,-0.8660254037844387,0.6631226582407952,-0.7485107481711012,-0.0714285714285714,0.625,14.0,11.0,8.0,3.0,10.5,8.75,7.75,20.0
CE,2017-05-22/2017-05-28,5,20,20,1000000,50000,21,0.49999999999999994,-0.8660254037844387,0.5680647467311558,-0.8229838658936564,0.5384615384615385,1.2222222222222223,13.0,14.0,9.0,1.0,11.75,10.0,8.333333333333334,4.0
CE,2017-05-29/2017-06-04,5,4,4,1000000,50000,22,0.49999999999999994,-0.8660254037844387,0.46472317204376906,-0.8854560256532096,-0.8,-0.6363636363636364,20.0,13.0,11.0,13.0,14.5,12.375,9.416666666666666,9.0
CE,2017-05-29/2017-06-04,6,9,9,1000000,50000,22,1.2246467991473532e-16,-1.0,0.46472317204376906,-0.8854560256532096,1.25,-0.3571428571428571,4.0,20.0,14.0,11.0,12.75,11.25,9.166666666666666,9.0
CE,2017-06-05/2017-06-11,6,9,9,1000000,50000,23,1.2246467991473532e-16,-1.0,0.35460488704253584,-0.9350162426854147,0.0,-0.3076923076923077,9.0,4.0,13.0,8.0,11.5,11.0,9.666666666666666,11.0
CE,2017-06-12/2017-06-18,6,11,11,1000000,50000,24,1.2246467991473532e-16,-1.0,0.23931566428755768,-0.970941817426052,0.22222222222222232,-0.44999999999999996,9.0,9.0,20.0,9.0,10.5,11.125,10.166666666666666,8.0
CE,2017-06-19/2017-06-25,6,8,8,1000000,50000,25,1.2246467991473532e-16,-1.0,0.12053668025532308,-0.992708874098054,-0.2727272727272727,1.0,11.0,9.0,4.0,11.0,8.25,11.375,11.0,7.0
CE,2017-06-26/2017-07-02,6,7,7,1000000,50000,26,1.2246467991473532e-16,-1.0,-3.216245299353273e-16,-1.0,-0.125,-0.2222222222222222,8.0,11.0,9.0,14.0,9.25,11.0,10.583333333333334,3.0
CE,2017-06-26/2017-07-02,7,3,3,1000000,50000,26,-0.4999999999999997,-0.8660254037844388,-3.216245299353273e-16,-1.0,-0.5714285714285714,-0.6666666666666667,7.0,8.0,9.0,13.0,8.75,10.125,10.25,9.0
CE,2017-07-03/2017-07-09,7,9,9,1000000,50000,27,-0.4999999999999997,-0.8660254037844388,-0.12053668025532283,-0.992708874098054,2.0,-0.18181818181818177,3.0,7.0,11.0,20.0,7.25,8.875,9.833333333333334,13.0
CE,2017-07-10/2017-07-16,7,13,13,1000000,50000,28,-0.4999999999999997,-0.8660254037844388,-0.23931566428755743,-0.9709418174260521,0.4444444444444444,0.625,9.0,3.0,8.0,4.0,6.75,7.5,9.833333333333334,14.0
CE,2017-07-17/2017-07-23,7,14,14,1000000,50000,29,-0.4999999999999997,-0.8660254037844388,-0.3546048870425356,-0.9350162426854148,0.07692307692307687,1.0,13.0,9.0,7.0,9.0,8.0,8.625,10.0,12.0
CE,2017-07-24/2017-07-30,7,12,12,1000000,50000,30,-0.4999999999999997,-0.8660254037844388,-0.46472317204376806,-0.8854560256532101,-0.1428571428571429,3.0,14.0,13.0,3.0,9.0,9.75,9.25,10.0,2.0
CE,2017-07-31/2017-08-06,7,2,2,1000000,50000,31,-0.4999999999999997,-0.8660254037844388,-0.5680647467311556,-0.8229838658936565,-0.8333333333333334,-0.7777777777777778,12.0,14.0,9.0,11.0,12.0,9.625,9.916666666666666,16.0
CE,2017-07-31/2017-08-06,8,16,16,1000000,50000,31,-0.8660254037844384,-0.5000000000000004,-0.5680647467311556,-0.8229838658936565,7.0,0.23076923076923084,2.0,12.0,13.0,8.0,10.25,8.5,8.416666666666666,13.0
CE,2017-08-07/2017-08-13,8,13,13,1000000,50000,32,-0.8660254037844384,-0.5000000000000004,-0.663122658240795,-0.7485107481711013,-0.1875,-0.0714285714285714,16.0,2.0,14.0,7.0,11.0,9.5,9.416666666666666,22.0
CE,2017-08-14/2017-08-20,8,22,22,1000000,50000,33,-0.8660254037844384,-0.5000000000000004,-0.7485107481711011,-0.6631226582407952,0.6923076923076923,0.8333333333333333,13.0,16.0,12.0,3.0,10.75,10.25,9.75,12.0
CE,2017-08-21/2017-08-27,8,12,12,1000000,50000,34,-0.8660254037844384,-0.5000000000000004,-0.8229838658936564,-0.5680647467311559,-0.4545454545454546,5.0,22.0,13.0,2.0,9.0,13.25,12.625,10.833333333333334,10.0
CE,2017-08-28/2017-09-03,8,10,10,1000000,50000,35,-0.8660254037844384,-0.5000000000000004,-0.8854560256532096,-0.4647231720437691,-0.16666666666666663,-0.375,12.0,22.0,16.0,13.0,15.75,13.0,10.916666666666666,8.0
CE,2017-08-28/2017-09-03,9,8,8,1000000,50000,35,-1.0,-1.8369701987210297e-16,-0.8854560256532096,-0.4647231720437691,-0.19999999999999996,-0.3846153846153846,10.0,12.0,13.0,14.0,14.25,12.625,11.083333333333334,19.0
CE,2017-09-04/2017-09-10,9,19,19,1000000,50000,36,-1.0,-1.8369701987210297e-16,-0.9350162426854147,-0.3546048870425359,1.375,-0.13636363636363635,8.0,10.0,22.0,12.0,13.0,11.875,11.166666666666666,20.0
CE,2017-09-11/2017-09-17,9,20,20,1000000,50000,37,-1.0,-1.8369701987210297e-16,-0.970941817426052,-0.23931566428755774,0.05263157894736836,0.6666666666666667,19.0,8.0,12.0,2.0,12.25,12.75,12.5,14.0
CE,2017-09-18/2017-09-24,9,14,14,1000000,50000,38,-1.0,-1.8369701987210297e-16,-0.992708874098054,-0.12053668025532357,-0.30000000000000004,0.3999999999999999,20.0,19.0,10.0,16.0,14.25,15.0,13.416666666666666,13.0
CE,2017-09-25/2017-10-01,9,13,13,1000000,50000,39,-1.0,-1.8369701987210297e-16,-1.0,-1.8369701987210297e-16,-0.0714285714285714,0.625,14.0,20.0,8.0,13.0,15.25,14.75,13.5,3.0
CE,2017-09-25/2017-10-01,10,3,3,1000000,50000,39,-0.8660254037844386,0.5000000000000001,-1.0,-1.8369701987210297e-16,-0.7692307692307692,-0.8421052631578947,13.0,14.0,19.0,22.0,16.5,14.75,13.416666666666666,12.0
CE,2017-10-02/2017-10-08,10,12,12,1000000,50000,40,-0.8660254037844386,0.5000000000000001,-0.992708874098054,0.1205366802553232,3.0,-0.4,3.0,13.0,20.0,12.0,12.5,12.375,12.666666666666666,13.0
CE,2017-10-09/2017-10-15,10,13,13,1000000,50000,41,-0.8660254037844386,0.5000000000000001,-0.9709418174260521,0.23931566428755738,0.08333333333333326,-0.0714285714285714,12.0,3.0,14.0,10.0,10.5,12.375,13.5,17.0
CE,2017-10-16/2017-10-22,10,17,17,1000000,50000,42,-0.8660254037844386,0.5000000000000001,-0.9350162426854148,0.35460488704253557,0.3076923076923077,0.3076923076923077,13.0,12.0,13.0,8.0,10.25,12.75,13.25,14.0
CE,2017-10-23/2017-10-29,10,14,14,1000000,50000,43,-0.8660254037844386,0.5000000000000001,-0.8854560256532101,0.464723172043768,-0.17647058823529416,3.666666666666667,17.0,13.0,3.0,19.0,11.25,13.875,13.583333333333334,4.0
CE,2017-10-30/2017-11-05,10,4,4,1000000,50000,44,-0.8660254037844386,0.5000000000000001,-0.822983865893657,0.5680647467311548,-0.7142857142857143,-0.6666666666666667,14.0,17.0,12.0,20.0,14.0,13.25,12.916666666666666,11.0
CE,2017-10-30/2017-11-05,11,11,11,1000000,50000,44,-0.5000000000000004,0.8660254037844384,-0.822983865893657,0.5680647467311548,1.75,-0.15384615384615385,4.0,14.0,13.0,14.0,12.0,11.25,12.25,20.0
CE,2017-11-06/2017-11-12,11,20,20,1000000,50000,45,-0.5000000000000004,0.8660254037844384,-0.7485107481711011,0.6631226582407952,0.8181818181818181,0.17647058823529416,11.0,4.0,17.0,13.0,11.5,10.875,12.333333333333334,19.0
CE,2017-11-13/2017-11-19,11,19,19,1000000,50000,46,-0.5000000000000004,0.8660254037844384,-0.6631226582407955,0.7485107481711007,-0.050000000000000044,0.3571428571428572,20.0,11.0,14.0,3.0,12.25,11.75,13.333333333333334,43.0
CE,2017-11-20/2017-11-26,11,43,43,1000000,50000,47,-0.5000000000000004,0.8660254037844384,-0.5680647467311559,0.8229838658936564,1.263157894736842,9.75,19.0,20.0,4.0,12.0,13.5,13.75,13.333333333333334,10.0
CE,2017-11-27/2017-12-03,11,10,10,1000000,50000,48,-0.5000000000000004,0.8660254037844384,-0.4647231720437684,0.88545602565321,-0.7674418604651163,-0.09090909090909094,43.0,19.0,11.0,13.0,23.25,17.625,15.25,10.0
CE,2017-11-27/2017-12-03,12,10,10,1000000,50000,48,-2.4492935982947064e-16,1.0,-0.4647231720437684,0.88545602565321,0.0,-0.5,10.0,43.0,20.0,17.0,23.0,17.25,14.916666666666666,18.0
CE,2017-12-04/2017-12-10,12,18,18,1000000,50000,49,-2.4492935982947064e-16,1.0,-0.35460488704253595,0.9350162426854147,0.8,-0.052631578947368474,10.0,10.0,19.0,14.0,20.5,16.375,14.666666666666666,18.0
CE,2017-12-11/2017-12-17,12,18,18,1000000,50000,50,-2.4492935982947064e-16,1.0,-0.2393156642875578,0.970941817426052,0.0,-0.5813953488372092,18.0,10.0,43.0,4.0,20.25,16.875,15.916666666666666,15.0
CE,2017-12-18/2017-12-24,12,15,15,1000000,50000,51,-2.4492935982947064e-16,1.0,-0.12053668025532363,0.992708874098054,-0.16666666666666663,0.5,18.0,18.0,10.0,11.0,14.0,18.625,16.416666666666668,18.0
CE,2017-12-25/2017-12-31,12,18,18,1000000,50000,52,-2.4492935982947064e-16,1.0,6.432490598706546e-16,1.0,0.19999999999999996,0.8,15.0,18.0,10.0,20.0,15.25,19.125,16.583333333333332,19.0
CE,2018-01-01/2018-01-07,1,19,19,1000000,50000,1,0.49999999999999994,0.8660254037844387,0.12053668025532305,0.992708874098054,0.05555555555555558,0.05555555555555558,18.0,15.0,18.0,19.0,17.25,18.875,16.666666666666668,25.0
CE,2018-01-08/2018-01-14,1,25,25,1000000,50000,2,0.49999999999999994,0.8660254037844387,0.23931566428755774,0.970941817426052,0.3157894736842106,0.38888888888888884,19.0,18.0,18.0,43.0,17.5,18.875,17.083333333333332,17.0
CE,2018-01-15/2018-01-21,1,17,17,1000000,50000,3,0.49999999999999994,0.8660254037844387,0.3546048870425356,0.9350162426854148,-0.31999999999999995,0.1333333333333333,25.0,19.0,15.0,10.0,19.25,16.625,18.833333333333332,11.0
CE,2018-01-22/2018-01-28,1,11,11,1000000,50000,4,0.49999999999999994,0.8660254037844387,0.4647231720437685,0.8854560256532099,-0.3529411764705882,-0.38888888888888884,17.0,25.0,18.0,10.0,19.75,17.5,19.333333333333332,5.0
CE,2018-01-29/2018-02-04,1,5,5,1000000,50000,5,0.49999999999999994,0.8660254037844387,0.5680647467311558,0.8229838658936564,-0.5454545454545454,-0.736842105263158,11.0,17.0,19.0,18.0,18.0,17.625,18.583333333333332,7.0
CE,2018-01-29/2018-02-04,2,7,7,1000000,50000,5,0.8660254037844386,0.5000000000000001,0.5680647467311558,0.8229838658936564,0.3999999999999999,-0.72,5.0,11.0,25.0,18.0,14.5,16.0,17.416666666666668,23.0
CE,2018-02-05/2018-02-11,2,23,23,1000000,50000,6,0.8660254037844386,0.5000000000000001,0.6631226582407952,0.7485107481711011,2.2857142857142856,0.3529411764705883,7.0,5.0,17.0,15.0,10.0,14.625,14.416666666666666,15.0
CE,2018-02-12/2018-02-18,2,15,15,1000000,50000,7,0.8660254037844386,0.5000000000000001,0.7485107481711011,0.6631226582407953,-0.34782608695652173,0.36363636363636354,23.0,7.0,11.0,18.0,11.5,15.625,15.5,27.0
CE,2018-02-19/2018-02-25,2,27,27,1000000,50000,8,0.8660254037844386,0.5000000000000001,0.8229838658936564,0.5680647467311559,0.8,4.4,15.0,23.0,5.0,19.0,12.5,15.25,15.916666666666666,12.0
CE,2018-02-26/2018-03-04,2,12,12,1000000,50000,9,0.8660254037844386,0.5000000000000001,0.8854560256532099,0.4647231720437686,-0.5555555555555556,0.7142857142857142,27.0,15.0,7.0,25.0,18.0,16.25,16.666666666666668,12.0
CE,2018-02-26/2018-03-04,3,12,12,1000000,50000,9,1.0,6.123233995736766e-17,0.8854560256532099,0.4647231720437686,0.0,-0.4782608695652174,12.0,27.0,23.0,17.0,19.25,14.625,16.166666666666668,24.0
CE,2018-03-05/2018-03-11,3,24,24,1000000,50000,10,1.0,6.123233995736766e-17,0.9350162426854148,0.35460488704253557,1.0,0.6000000000000001,12.0,12.0,15.0,11.0,16.5,14.0,15.916666666666666,16.0
CE,2018-03-12/2018-03-18,3,16,16,1000000,50000,11,1.0,6.123233995736766e-17,0.970941817426052,0.23931566428755804,-0.33333333333333337,-0.40740740740740744,24.0,12.0,27.0,5.0,18.75,15.625,16.416666666666668,24.0
CE,2018-03-19/2018-03-25,3,24,24,1000000,50000,12,1.0,6.123233995736766e-17,0.992708874098054,0.120536680255323,0.5,1.0,16.0,24.0,12.0,7.0,16.0,17.0,16.166666666666668,17.0
CE,2018-03-26/2018-04-01,3,17,17,1000000,50000,13,1.0,6.123233995736766e-17,1.0,-1.6081226496766364e-16,-0.29166666666666663,0.41666666666666674,24.0,16.0,12.0,23.0,19.0,19.125,16.083333333333332,4.0
CE,2018-03-26/2018-04-01,4,4,4,1000000,50000,13,0.8660254037844387,-0.4999999999999998,1.0,-1.6081226496766364e-16,-0.7647058823529411,-0.8333333333333334,17.0,24.0,24.0,15.0,20.25,18.375,16.083333333333332,25.0
CE,2018-04-02/2018-04-08,4,25,25,1000000,50000,14,0.8660254037844387,-0.4999999999999998,0.992708874098054,-0.12053668025532288,5.25,0.5625,4.0,17.0,16.0,27.0,15.25,17.0,15.5,19.0
CE,2018-04-09/2018-04-15,4,19,19,1000000,50000,15,0.8660254037844387,-0.4999999999999998,0.9709418174260521,-0.2393156642875575,-0.24,-0.20833333333333337,25.0,4.0,24.0,12.0,17.5,16.75,17.166666666666668,26.0
CE,2018-04-16/2018-04-22,4,26,26,1000000,50000,16,0.8660254037844387,-0.4999999999999998,0.9350162426854148,-0.35460488704253545,0.368421052631579,0.5294117647058822,19.0,25.0,17.0,12.0,16.25,17.625,18.166666666666668,18.0
CE,2018-04-23/2018-04-29,4,18,18,1000000,50000,17,0.8660254037844387,-0.4999999999999998,0.8854560256532099,-0.4647231720437685,-0.3076923076923077,3.5,26.0,19.0,4.0,24.0,18.5,19.375,18.416666666666668,4.0
CE,2018-04-30/2018-05-06,4,4,4,1000000,50000,18,0.8660254037844387,-0.4999999999999998,0.8229838658936565,-0.5680647467311557,-0.7777777777777778,-0.84,18.0,26.0,25.0,16.0,22.0,18.625,18.666666666666668,20.0
CE,2018-04-30/2018-05-06,5,20,20,1000000,50000,18,0.49999999999999994,-0.8660254037844387,0.8229838658936565,-0.5680647467311557,4.0,0.05263157894736836,4.0,18.0,19.0,24.0,16.75,17.125,16.75,31.0
CE,2018-05-07/2018-05-13,5,31,31,1000000,50000,19,0.49999999999999994,-0.8660254037844387,0.7485107481711013,-0.663122658240795,0.55,0.1923076923076923,20.0,4.0,26.0,17.0,17.0,16.625,17.416666666666668,13.0
CE,2018-05-14/2018-05-20,5,13,13,1000000,50000,20,0.49999999999999994,-0.8660254037844387,0.6631226582407952,-0.7485107481711012,-0.5806451612903225,-0.2777777777777778,31.0,20.0,18.0,4.0,18.25,18.375,19.0,4.0
CE,2018-05-21/2018-05-27,5,4,4,1000000,50000,21,0.49999999999999994,-0.8660254037844387,0.5680647467311558,-0.8229838658936564,-0.6923076923076923,0.0,13.0,31.0,4.0,25.0,17.0,19.5,18.083333333333332,4.0
CE,2018-05-28/2018-06-03,5,4,4,1000000,50000,22,0.49999999999999994,-0.8660254037844387,0.46472317204376906,-0.8854560256532096,0.0,-0.8,4.0,13.0,20.0,19.0,17.0,16.875,17.083333333333332,11.0
CE,2018-05-28/2018-06-03,6,11,11,1000000,50000,22,1.2246467991473532e-16,-1.0,0.46472317204376906,-0.8854560256532096,1.75,-0.6451612903225806,4.0,4.0,31.0,26.0,13.0,15.0,15.416666666666666,11.0
CE,2018-06-04/2018-06-10,6,11,11,1000000,50000,23,1.2246467991473532e-16,-1.0,0.35460488704253584,-0.9350162426854147,0.0,-0.15384615384615385,11.0,4.0,13.0,18.0,8.0,13.125,14.916666666666666,13.0
CE,2018-06-11/2018-06-17,6,13,13,1000000,50000,24,1.2246467991473532e-16,-1.0,0.23931566428755768,-0.970941817426052,0.18181818181818188,2.25,11.0,11.0,4.0,4.0,7.5,12.25,15.5,18.0
CE,2018-06-18/2018-06-24,6,18,18,1000000,50000,25,1.2246467991473532e-16,-1.0,0.12053668025532308,-0.992708874098054,0.3846153846153846,3.5,13.0,11.0,4.0,20.0,9.75,13.375,14.5,19.0
CE,2018-06-25/2018-07-01,6,19,19,1000000,50000,26,1.2246467991473532e-16,-1.0,-3.216245299353273e-16,-1.0,0.05555555555555558,0.7272727272727273,18.0,13.0,11.0,31.0,13.25,13.125,14.416666666666666,23.0
CE,2018-07-02/2018-07-08,7,23,23,1000000,50000,27,-0.4999999999999997,-0.8660254037844388,-0.12053668025532283,-0.992708874098054,0.21052631578947367,1.0909090909090908,19.0,18.0,11.0,13.0,15.25,11.625,13.833333333333334,21.0
CE,2018-07-09/2018-07-15,7,21,21,1000000,50000,28,-0.4999999999999997,-0.8660254037844388,-0.23931566428755743,-0.9709418174260521,-0.08695652173913049,0.6153846153846154,23.0,19.0,13.0,4.0,18.25,12.875,14.25,12.0
CE,2018-07-16/2018-07-22,7,12,12,1000000,50000,29,-0.4999999999999997,-0.8660254037844388,-0.3546048870425356,-0.9350162426854148,-0.4285714285714286,-0.33333333333333337,21.0,23.0,18.0,4.0,20.25,15.0,15.666666666666666,24.0
CE,2018-07-23/2018-07-29,7,24,24,1000000,50000,30,-0.4999999999999997,-0.8660254037844388,-0.46472317204376806,-0.8854560256532101,1.0,0.26315789473684204,12.0,21.0,19.0,11.0,18.75,16.0,15.0,4.0
CE,2018-07-30/2018-08-05,7,4,4,1000000,50000,31,-0.4999999999999997,-0.8660254037844388,-0.5680647467311556,-0.8229838658936565,-0.8333333333333334,-0.8260869565217391,24.0,12.0,23.0,11.0,20.0,17.625,14.416666666666666,17.0
CE,2018-07-30/2018-08-05,8,17,17,1000000,50000,31,-0.8660254037844384,-0.5000000000000004,-0.5680647467311556,-0.8229838658936565,3.25,-0.19047619047619047,4.0,24.0,21.0,13.0,15.25,16.75,13.666666666666666,25.0
CE,2018-08-06/2018-08-12,8,25,25,1000000,50000,32,-0.8660254037844384,-0.5000000000000004,-0.663122658240795,-0.7485107481711013,0.47058823529411775,1.0833333333333335,17.0,4.0,12.0,18.0,14.25,17.25,14.75,10.0
CE,2018-08-13/2018-08-19,8,10,10,1000000,50000,33,-0.8660254037844384,-0.5000000000000004,-0.7485107481711011,-0.6631226582407952,-0.6,-0.5833333333333333,25.0,17.0,24.0,19.0,17.5,18.125,16.5,3.0
DF,2016-10-03/2016-10-09,10,5,5,1000000,50000,40,-0.8660254037844386,0.5000000000000001,-0.992708874098054,0.1205366802553232,0.0,0.0,,,,,,,,1.0
DF,2016-10-10/2016-10-16,10,1,1,1000000,50000,41,-0.8660254037844386,0.5000000000000001,-0.9709418174260521,0.23931566428755738,-0.8,0.0,5.0,,,,,,,5.0
DF,2017-01-09/2017-01-15,1,5,5,1000000,50000,2,0.49999999999999994,0.8660254037844387,0.23931566428755774,0.970941817426052,4.0,0.0,1.0,5.0,,,3.0,3.0,3.0,4.0
DF,2017-01-16/2017-01-22,1,4,4,1000000,50000,3,0.49999999999999994,0.8660254037844387,0.3546048870425356,0.9350162426854148,-0.19999999999999996,0.0,5.0,1.0,,,3.6666666666666665,3.6666666666666665,3.6666666666666665,4.0
DF,2017-01-23/2017-01-29,1,4,4,1000000,50000,4,0.49999999999999994,0.8660254037844387,0.4647231720437685,0.8854560256532099,0.0,-0.19999999999999996,4.0,5.0,5.0,,3.75,3.75,3.75,3.0
DF,2017-01-30/2017-02-05,2,3,3,1000000,50000,5,0.8660254037844386,0.5000000000000001,0.5680647467311558,0.8229838658936564,-0.25,2.0,4.0,4.0,1.0,,3.5,3.8,3.8,7.0
DF,2017-02-06/2017-02-12,2,7,7,1000000,50000,6,0.8660254037844386,0.5000000000000001,0.6631226582407952,0.7485107481711011,1.3333333333333335,0.3999999999999999,3.0,4.0,5.0,,4.0,3.6666666666666665,3.6666666666666665,6.0
DF,2017-02-13/2017-02-19,2,6,6,1000000,50000,7,0.8660254037844386,0.5000000000000001,0.7485107481711011,0.6631226582407953,-0.1428571428571429,0.5,7.0,3.0,4.0,,4.5,4.142857142857143,4.142857142857143,5.0
DF,2017-02-20/2017-02-26,2,5,5,1000000,50000,8,0.8660254037844386,0.5000000000000001,0.8229838658936564,0.5680647467311559,-0.16666666666666663,0.25,6.0,7.0,4.0,5.0,5.0,4.375,4.375,11.0
DF,2017-02-27/2017-03-05,3,11,11,1000000,50000,9,1.0,6.123233995736766e-17,0.8854560256532099,0.4647231720437686,1.2000000000000002,2.6666666666666665,5.0,6.0,3.0,1.0,5.25,4.375,4.444444444444445,9.0
DF,2017-03-06/2017-03-12,3,9,9,1000000,50000,10,1.0,6.123233995736766e-17,0.9350162426854148,0.35460488704253557,-0.18181818181818177,0.2857142857142858,11.0,5.0,7.0,5.0,7.25,5.625,5.1,12.0
DF,2017-03-13/2017-03-19,3,12,12,1000000,50000,11,1.0,6.123233995736766e-17,0.970941817426052,0.23931566428755804,0.33333333333333326,1.0,9.0,11.0,6.0,4.0,7.75,6.125,5.454545454545454,15.0
DF,2017-03-20/2017-03-26,3,15,15,1000000,50000,12,1.0,6.123233995736766e-17,0.992708874098054,0.120536680255323,0.25,2.0,12.0,9.0,5.0,4.0,9.25,7.125,6.0,7.0
DF,2017-03-27/2017-04-02,3,7,7,1000000,50000,13,1.0,6.123233995736766e-17,1.0,-1.6081226496766364e-16,-0.5333333333333333,-0.36363636363636365,15.0,12.0,11.0,3.0,11.75,8.5,6.833333333333333,4.0
DF,2017-03-27/2017-04-02,4,4,4,1000000,50000,13,0.8660254037844387,-0.4999999999999998,1.0,-1.6081226496766364e-16,-0.4285714285714286,-0.5555555555555556,7.0,15.0,9.0,7.0,10.75,9.0,7.333333333333333,4.0
DF,2017-04-03/2017-04-09,4,4,4,1000000,50000,14,0.8660254037844387,-0.4999999999999998,0.992708874098054,-0.12053668025532288,0.0,-0.6666666666666667,4.0,7.0,12.0,6.0,9.5,8.625,7.25,7.0
DF,2017-04-10/2017-04-16,4,7,7,1000000,50000,15,0.8660254037844387,-0.4999999999999998,0.9709418174260521,-0.2393156642875575,0.75,-0.5333333333333333,4.0,4.0,15.0,5.0,7.5,8.375,7.25,8.0
DF,2017-04-17/2017-04-23,4,8,8,1000000,50000,16,0.8660254037844387,-0.4999999999999998,0.9350162426854148,-0.35460488704253545,0.1428571428571428,0.1428571428571428,7.0,4.0,7.0,11.0,5.5,8.625,7.5,11.0
DF,2017-04-24/2017-04-30,4,11,11,1000000,50000,17,0.8660254037844387,-0.4999999999999998,0.8854560256532099,-0.4647231720437685,0.375,1.75,8.0,7.0,4.0,9.0,5.75,8.25,7.916666666666667,9.0
DF,2017-05-01/2017-05-07,5,9,9,1000000,50000,18,0.49999999999999994,-0.8660254037844387,0.8229838658936565,-0.5680647467311557,-0.18181818181818177,1.25,11.0,8.0,4.0,12.0,7.5,8.5,8.25,12.0
DF,2017-05-08/2017-05-14,5,12,12,1000000,50000,19,0.49999999999999994,-0.8660254037844387,0.7485107481711013,-0.663122658240795,0.33333333333333326,0.7142857142857142,9.0,11.0,7.0,15.0,8.75,8.125,8.5,15.0
DF,2017-05-15/2017-05-21,5,15,15,1000000,50000,20,0.49999999999999994,-0.8660254037844387,0.6631226582407952,-0.7485107481711012,0.25,0.875,12.0,9.0,8.0,7.0,10.0,7.75,9.083333333333334,18.0
DF,2017-05-22/2017-05-28,5,18,18,1000000,50000,21,0.49999999999999994,-0.8660254037844387,0.5680647467311558,-0.8229838658936564,0.19999999999999996,0.6363636363636365,15.0,12.0,11.0,4.0,11.75,8.75,9.416666666666666,6.0
DF,2017-05-29/2017-06-04,5,6,6,1000000,50000,22,0.49999999999999994,-0.8660254037844387,0.46472317204376906,-0.8854560256532096,-0.6666666666666667,-0.33333333333333337,18.0,15.0,9.0,4.0,13.5,10.5,10.166666666666666,9.0
DF,2017-05-29/2017-06-04,6,9,9,1000000,50000,22,1.2246467991473532e-16,-1.0,0.46472317204376906,-0.8854560256532096,0.5,-0.25,6.0,18.0,12.0,7.0,12.75,10.75,9.666666666666666,19.0
DF,2017-06-05/2017-06-11,6,19,19,1000000,50000,23,1.2246467991473532e-16,-1.0,0.35460488704253584,-0.9350162426854147,1.1111111111111112,0.2666666666666666,9.0,6.0,15.0,8.0,12.0,11.0,9.166666666666666,19.0
DF,2017-06-12/2017-06-18,6,19,19,1000000,50000,24,1.2246467991473532e-16,-1.0,0.23931566428755768,-0.970941817426052,0.0,0.05555555555555558,19.0,9.0,18.0,11.0,13.0,12.375,10.166666666666666,13.0
DF,2017-06-19/2017-06-25,6,13,13,1000000,50000,25,1.2246467991473532e-16,-1.0,0.12053668025532308,-0.992708874098054,-0.3157894736842105,1.1666666666666665,19.0,19.0,6.0,9.0,13.25,13.375,11.416666666666666,9.0
DF,2017-06-26/2017-07-02,6,9,9,1000000,50000,26,1.2246467991473532e-16,-1.0,-3.216245299353273e-16,-1.0,-0.3076923076923077,0.0,13.0,19.0,9.0,12.0,15.0,13.875,12.166666666666666,2.0
DF,2017-06-26/2017-07-02,7,2,2,1000000,50000,26,-0.4999999999999997,-0.8660254037844388,-3.216245299353273e-16,-1.0,-0.7777777777777778,-0.8947368421052632,9.0,13.0,19.0,15.0,15.0,13.5,12.333333333333334,19.0
DF,2017-07-03/2017-07-09,7,19,19,1000000,50000,27,-0.4999999999999997,-0.8660254037844388,-0.12053668025532283,-0.992708874098054,8.5,0.0,2.0,9.0,19.0,18.0,10.75,11.875,11.833333333333334,19.0
DF,2017-07-10/2017-07-16,7,19,19,1000000,50000,28,-0.4999999999999997,-0.8660254037844388,-0.23931566428755743,-0.9709418174260521,0.0,0.46153846153846145,19.0,2.0,13.0,6.0,10.75,12.0,12.5,20.0
DF,2017-07-17/2017-07-23,7,20,20,1000000,50000,29,-0.4999999999999997,-0.8660254037844388,-0.3546048870425356,-0.9350162426854148,0.05263157894736836,1.2222222222222223,19.0,19.0,9.0,9.0,12.25,13.625,13.333333333333334,13.0
DF,2017-07-24/2017-07-30,7,13,13,1000000,50000,30,-0.4999999999999997,-0.8660254037844388,-0.46472317204376806,-0.8854560256532101,-0.35,5.5,20.0,19.0,2.0,19.0,15.0,15.0,14.0,2.0
DF,2017-07-31/2017-08-06,7,2,2,1000000,50000,31,-0.4999999999999997,-0.8660254037844388,-0.5680647467311556,-0.8229838658936565,-0.8461538461538461,-0.8947368421052632,13.0,20.0,19.0,19.0,17.75,14.25,13.833333333333334,15.0
DF,2017-07-31/2017-08-06,8,15,15,1000000,50000,31,-0.8660254037844384,-0.5000000000000004,-0.5680647467311556,-0.8229838658936565,6.5,-0.21052631578947367,2.0,13.0,19.0,13.0,13.5,12.125,12.5,19.0
DF,2017-08-07/2017-08-13,8,19,19,1000000,50000,32,-0.8660254037844384,-0.5000000000000004,-0.663122658240795,-0.7485107481711013,0.2666666666666666,-0.050000000000000044,15.0,2.0,20.0,9.0,12.5,12.375,13.25,17.0
DF,2017-08-14/2017-08-20,8,17,17,1000000,50000,33,-0.8660254037844384,-0.5000000000000004,-0.7485107481711011,-0.6631226582407952,-0.10526315789473684,0.3076923076923077,19.0,15.0,13.0,2.0,12.25,13.625,14.083333333333334,20.0
DF,2017-08-21/2017-08-27,8,20,20,1000000,50000,34,-0.8660254037844384,-0.5000000000000004,-0.8229838658936564,-0.5680647467311559,0.17647058823529416,9.0,17.0,19.0,2.0,19.0,13.25,15.5,13.916666666666666,12.0
DF,2017-08-28/2017-09-03,8,12,12,1000000,50000,35,-0.8660254037844384,-0.5000000000000004,-0.8854560256532096,-0.4647231720437691,-0.4,-0.19999999999999996,20.0,17.0,15.0,19.0,17.75,15.625,14.0,13.0
DF,2017-08-28/2017-09-03,9,13,13,1000000,50000,35,-1.0,-1.8369701987210297e-16,-0.8854560256532096,-0.4647231720437691,0.08333333333333326,-0.3157894736842105,12.0,20.0,19.0,20.0,17.0,14.75,13.916666666666666,17.0
DF,2017-09-04/2017-09-10,9,17,17,1000000,50000,36,-1.0,-1.8369701987210297e-16,-0.9350162426854147,-0.3546048870425359,0.3076923076923077,0.0,13.0,12.0,17.0,13.0,15.5,13.875,14.25,30.0
DF,2017-09-11/2017-09-17,9,30,30,1000000,50000,37,-1.0,-1.8369701987210297e-16,-0.970941817426052,-0.23931566428755774,0.7647058823529411,0.5,17.0,13.0,20.0,2.0,15.5,14.375,15.5,16.0
DF,2017-09-18/2017-09-24,9,16,16,1000000,50000,38,-1.0,-1.8369701987210297e-16,-0.992708874098054,-0.12053668025532357,-0.4666666666666667,0.33333333333333326,30.0,17.0,12.0,15.0,18.0,17.875,16.416666666666668,18.0
DF,2017-09-25/2017-10-01,9,18,18,1000000,50000,39,-1.0,-1.8369701987210297e-16,-1.0,-1.8369701987210297e-16,0.125,0.3846153846153846,16.0,30.0,13.0,19.0,19.0,18.0,16.166666666666668,2.0
DF,2017-09-25/2017-10-01,10,2,2,1000000,50000,39,-0.8660254037844386,0.5000000000000001,-1.0,-1.8369701987210297e-16,-0.8888888888888888,-0.8823529411764706,18.0,16.0,17.0,17.0,20.25,17.875,16.0,24.0
DF,2017-10-02/2017-10-08,10,24,24,1000000,50000,40,-0.8660254037844386,0.5000000000000001,-0.992708874098054,0.1205366802553232,11.0,-0.19999999999999996,2.0,18.0,30.0,20.0,16.5,16.0,15.083333333333334,15.0
DF,2017-10-09/2017-10-15,10,15,15,1000000,50000,41,-0.8660254037844386,0.5000000000000001,-0.9709418174260521,0.23931566428755738,-0.375,-0.0625,24.0,2.0,16.0,12.0,15.0,16.5,16.916666666666668,17.0
DF,2017-10-16/2017-10-22,10,17,17,1000000,50000,42,-0.8660254037844386,0.5000000000000001,-0.9350162426854148,0.35460488704253557,0.1333333333333333,-0.05555555555555558,15.0,24.0,18.0,13.0,14.75,16.875,16.916666666666668,22.0
DF,2017-10-23/2017-10-29,10,22,22,1000000,50000,43,-0.8660254037844386,0.5000000000000001,-0.8854560256532101,0.464723172043768,0.2941176470588236,10.0,17.0,15.0,2.0,17.0,14.5,17.375,16.75,12.0
DF,2017-10-30/2017-11-05,10,12,12,1000000,50000,44,-0.8660254037844386,0.5000000000000001,-0.822983865893657,0.5680647467311548,-0.4545454545454546,-0.5,22.0,17.0,24.0,30.0,19.5,18.0,17.166666666666668,12.0
DF,2017-10-30/2017-11-05,11,12,12,1000000,50000,44,-0.5000000000000004,0.8660254037844384,-0.822983865893657,0.5680647467311548,0.0,-0.19999999999999996,12.0,22.0,15.0,16.0,16.5,15.75,16.5,23.0
DF,2017-11-06/2017-11-12,11,23,23,1000000,50000,45,-0.5000000000000004,0.8660254037844384,-0.7485107481711011,0.6631226582407952,0.9166666666666667,0.3529411764705883,12.0,12.0,17.0,18.0,15.75,15.25,16.5,25.0
DF,2017-11-13/2017-11-19,11,25,25,1000000,50000,46,-0.5000000000000004,0.8660254037844384,-0.6631226582407955,0.7485107481711007,0.08695652173913038,0.13636363636363646,23.0,12.0,22.0,2.0,17.25,15.875,17.333333333333332,65.0
DF,2017-11-20/2017-11-26,11,65,65,1000000,50000,47,-0.5000000000000004,0.8660254037844384,-0.5680647467311559,0.8229838658936564,1.6,4.416666666666667,25.0,23.0,12.0,24.0,18.0,18.75,18.0,32.0
DF,2017-11-27/2017-12-03,11,32,32,1000000,50000,48,-0.5000000000000004,0.8660254037844384,-0.4647231720437684,0.88545602565321,-0.5076923076923077,1.6666666666666665,65.0,25.0,12.0,15.0,31.25,23.875,20.916666666666668,16.0
DF,2017-11-27/2017-12-03,12,16,16,1000000,50000,48,-2.4492935982947064e-16,1.0,-0.4647231720437684,0.88545602565321,-0.5,-0.30434782608695654,32.0,65.0,23.0,17.0,36.25,26.0,22.25,38.0
DF,2017-12-04/2017-12-10,12,38,38,1000000,50000,49,-2.4492935982947064e-16,1.0,-0.35460488704253595,0.9350162426854147,1.375,0.52,16.0,32.0,25.0,22.0,34.5,25.875,22.083333333333332,32.0
DF,2017-12-11/2017-12-17,12,32,32,1000000,50000,50,-2.4492935982947064e-16,1.0,-0.2393156642875578,0.970941817426052,-0.1578947368421053,-0.5076923076923077,38.0,16.0,65.0,12.0,37.75,27.875,25.083333333333332,24.0
DF,2017-12-18/2017-12-24,12,24,24,1000000,50000,51,-2.4492935982947064e-16,1.0,-0.12053668025532363,0.992708874098054,-0.25,-0.25,32.0,38.0,32.0,12.0,29.5,30.375,25.75,19.0
DF,2017-12-25/2017-12-31,12,19,19,1000000,50000,52,-2.4492935982947064e-16,1.0,6.432490598706546e-16,1.0,-0.20833333333333337,0.1875,24.0,32.0,16.0,23.0,27.5,31.875,26.5,27.0
DF,2018-01-01/2018-01-07,1,27,27,1000000,50000,1,0.49999999999999994,0.8660254037844387,0.12053668025532305,0.992708874098054,0.42105263157894735,-0.2894736842105263,19.0,24.0,38.0,25.0,28.25,31.375,26.666666666666668,24.0
DF,2018-01-08/2018-01-14,1,24,24,1000000,50000,2,0.49999999999999994,0.8660254037844387,0.23931566428755774,0.970941817426052,-0.11111111111111116,-0.25,27.0,19.0,32.0,65.0,25.5,31.625,27.083333333333332,34.0
DF,2018-01-15/2018-01-21,1,34,34,1000000,50000,3,0.49999999999999994,0.8660254037844387,0.3546048870425356,0.9350162426854148,0.41666666666666674,0.41666666666666674,24.0,27.0,24.0,32.0,23.5,26.5,28.083333333333332,31.0
DF,2018-01-22/2018-01-28,1,31,31,1000000,50000,4,0.49999999999999994,0.8660254037844387,0.4647231720437685,0.8854560256532099,-0.08823529411764708,0.631578947368421,34.0,24.0,19.0,16.0,26.0,26.75,29.916666666666668,19.0
DF,2018-01-29/2018-02-04,1,19,19,1000000,50000,5,0.49999999999999994,0.8660254037844387,0.5680647467311558,0.8229838658936564,-0.3870967741935484,-0.2962962962962963,31.0,34.0,27.0,38.0,29.0,28.625,30.583333333333332,26.0
DF,2018-01-29/2018-02-04,2,26,26,1000000,50000,5,0.8660254037844386,0.5000000000000001,0.5680647467311558,0.8229838658936564,0.368421052631579,0.08333333333333326,19.0,31.0,24.0,32.0,27.0,26.25,30.083333333333332,42.0
DF,2018-02-05/2018-02-11,2,42,42,1000000,50000,6,0.8660254037844386,0.5000000000000001,0.6631226582407952,0.7485107481711011,0.6153846153846154,0.23529411764705888,26.0,19.0,34.0,24.0,27.5,25.5,26.833333333333332,45.0
DF,2018-02-12/2018-02-18,2,45,45,1000000,50000,7,0.8660254037844386,0.5000000000000001,0.7485107481711011,0.6631226582407953,0.0714285714285714,0.4516129032258065,42.0,26.0,31.0,19.0,29.5,27.75,27.666666666666668,37.0
DF,2018-02-19/2018-02-25,2,37,37,1000000,50000,8,0.8660254037844386,0.5000000000000001,0.8229838658936564,0.5680647467311559,-0.1777777777777778,0.9473684210526316,45.0,42.0,19.0,27.0,33.0,31.0,30.083333333333332,20.0
DF,2018-02-26/2018-03-04,2,20,20,1000000,50000,9,0.8660254037844386,0.5000000000000001,0.8854560256532099,0.4647231720437686,-0.45945945945945943,-0.23076923076923073,37.0,45.0,26.0,24.0,37.5,32.25,30.0,20.0
DF,2018-02-26/2018-03-04,3,20,20,1000000,50000,9,1.0,6.123233995736766e-17,0.8854560256532099,0.4647231720437686,0.0,-0.5238095238095238,20.0,37.0,42.0,34.0,36.0,31.75,29.0,30.0
DF,2018-03-05/2018-03-11,3,30,30,1000000,50000,10,1.0,6.123233995736766e-17,0.9350162426854148,0.35460488704253557,0.5,-0.33333333333333337,20.0,20.0,45.0,31.0,30.5,30.0,28.666666666666668,33.0
DF,2018-03-12/2018-03-18,3,33,33,1000000,50000,11,1.0,6.123233995736766e-17,0.970941817426052,0.23931566428755804,0.10000000000000009,-0.10810810810810811,30.0,20.0,37.0,19.0,26.75,29.875,29.583333333333332,35.0
DF,2018-03-19/2018-03-25,3,35,35,1000000,50000,12,1.0,6.123233995736766e-17,0.992708874098054,0.120536680255323,0.06060606060606055,0.75,33.0,30.0,20.0,26.0,25.75,31.625,30.083333333333332,29.0
DF,2018-03-26/2018-04-01,3,29,29,1000000,50000,13,1.0,6.123233995736766e-17,1.0,-1.6081226496766364e-16,-0.17142857142857137,0.44999999999999996,35.0,33.0,20.0,42.0,29.5,32.75,31.0,5.0
DF,2018-03-26/2018-04-01,4,5,5,1000000,50000,13,0.8660254037844387,-0.4999999999999998,1.0,-1.6081226496766364e-16,-0.8275862068965517,-0.8333333333333334,29.0,35.0,30.0,45.0,31.75,31.125,30.583333333333332,28.0
DF,2018-04-02/2018-04-08,4,28,28,1000000,50000,14,0.8660254037844387,-0.4999999999999998,0.992708874098054,-0.12053668025532288,4.6,-0.1515151515151515,5.0,29.0,33.0,37.0,25.5,26.125,28.416666666666668,34.0
DF,2018-04-09/2018-04-15,4,34,34,1000000,50000,15,0.8660254037844387,-0.4999999999999998,0.9709418174260521,-0.2393156642875575,0.2142857142857142,-0.02857142857142858,28.0,5.0,35.0,20.0,24.25,25.0,29.166666666666668,40.0
DF,2018-04-16/2018-04-22,4,40,40,1000000,50000,16,0.8660254037844387,-0.4999999999999998,0.9350162426854148,-0.35460488704253545,0.17647058823529416,0.3793103448275863,34.0,28.0,29.0,20.0,24.0,26.75,29.833333333333332,35.0
DF,2018-04-23/2018-04-29,4,35,35,1000000,50000,17,0.8660254037844387,-0.4999999999999998,0.8854560256532099,-0.4647231720437685,-0.125,6.0,40.0,34.0,5.0,30.0,26.75,29.25,29.666666666666668,4.0
DF,2018-04-30/2018-05-06,4,4,4,1000000,50000,18,0.8660254037844387,-0.4999999999999998,0.8229838658936565,-0.5680647467311557,-0.8857142857142857,-0.8571428571428572,35.0,40.0,28.0,33.0,34.25,29.875,28.833333333333332,29.0
DF,2018-04-30/2018-05-06,5,29,29,1000000,50000,18,0.49999999999999994,-0.8660254037844387,0.8229838658936565,-0.5680647467311557,6.25,-0.1470588235294118,4.0,35.0,34.0,35.0,28.25,26.25,26.083333333333332,43.0
DF,2018-05-07/2018-05-13,5,43,43,1000000,50000,19,0.49999999999999994,-0.8660254037844387,0.7485107481711013,-0.663122658240795,0.48275862068965525,0.07499999999999996,29.0,4.0,40.0,29.0,27.0,25.5,26.833333333333332,42.0
DF,2018-05-14/2018-05-20,5,42,42,1000000,50000,20,0.49999999999999994,-0.8660254037844387,0.6631226582407952,-0.7485107481711012,-0.023255813953488413,0.19999999999999996,43.0,29.0,35.0,5.0,27.75,27.25,28.75,15.0
DF,2018-05-21/2018-05-27,5,15,15,1000000,50000,21,0.49999999999999994,-0.8660254037844387,0.5680647467311558,-0.8229838658936564,-0.6428571428571428,2.75,42.0,43.0,4.0,28.0,29.5,31.875,29.75,11.0
DF,2018-05-28/2018-06-03,5,11,11,1000000,50000,22,0.49999999999999994,-0.8660254037844387,0.46472317204376906,-0.8854560256532096,-0.2666666666666667,-0.6206896551724138,15.0,42.0,29.0,34.0,32.25,30.25,28.25,16.0
DF,2018-05-28/2018-06-03,6,16,16,1000000,50000,22,1.2246467991473532e-16,-1.0,0.46472317204376906,-0.8854560256532096,0.4545454545454546,-0.627906976744186,11.0,15.0,43.0,40.0,27.75,27.375,26.25,24.0
DF,2018-06-04/2018-06-10,6,24,24,1000000,50000,23,1.2246467991473532e-16,-1.0,0.35460488704253584,-0.9350162426854147,0.5,-0.4285714285714286,16.0,11.0,42.0,35.0,21.0,24.375,25.166666666666668,43.0
DF,2018-06-11/2018-06-17,6,43,43,1000000,50000,24,1.2246467991473532e-16,-1.0,0.23931566428755768,-0.970941817426052,0.7916666666666667,1.8666666666666667,24.0,16.0,15.0,4.0,16.5,23.0,26.75,37.0
DF,2018-06-18/2018-06-24,6,37,37,1000000,50000,25,1.2246467991473532e-16,-1.0,0.12053668025532308,-0.992708874098054,-0.13953488372093026,2.3636363636363638,43.0,24.0,11.0,29.0,23.5,27.875,28.0,27.0
DF,2018-06-25/2018-07-01,6,27,27,1000000,50000,26,1.2246467991473532e-16,-1.0,-3.216245299353273e-16,-1.0,-0.2702702702702703,0.6875,37.0,43.0,16.0,43.0,30.0,28.875,28.25,2.0
DF,2018-06-25/2018-07-01,7,2,2,1000000,50000,26,-0.4999999999999997,-0.8660254037844388,-3.216245299353273e-16,-1.0,-0.9259259259259259,-0.9166666666666666,27.0,37.0,24.0,42.0,32.75,26.875,27.166666666666668,26.0
DF,2018-07-02/2018-07-08,7,26,26,1000000,50000,27,-0.4999999999999997,-0.8660254037844388,-0.12053668025532283,-0.992708874098054,12.0,-0.39534883720930236,2.0,27.0,43.0,15.0,27.25,21.875,24.416666666666668,28.0
DF,2018-07-09/2018-07-15,7,28,28,1000000,50000,28,-0.4999999999999997,-0.8660254037844388,-0.23931566428755743,-0.9709418174260521,0.07692307692307687,-0.2432432432432432,26.0,2.0,37.0,11.0,23.0,23.25,26.25,44.0
DF,2018-07-16/2018-07-22,7,44,44,1000000,50000,29,-0.4999999999999997,-0.8660254037844388,-0.3546048870425356,-0.9350162426854148,0.5714285714285714,0.6296296296296295,28.0,26.0,27.0,16.0,20.75,25.375,26.166666666666668,51.0
DF,2018-07-23/2018-07-29,7,51,51,1000000,50000,30,-0.4999999999999997,-0.8660254037844388,-0.46472317204376806,-0.8854560256532101,0.15909090909090917,24.5,44.0,28.0,2.0,24.0,25.0,28.875,26.25,14.0
DF,2018-07-30/2018-08-05,7,14,14,1000000,50000,31,-0.4999999999999997,-0.8660254037844388,-0.5680647467311556,-0.8229838658936565,-0.7254901960784313,-0.46153846153846156,51.0,44.0,26.0,43.0,37.25,32.25,27.0,34.0
DF,2018-07-30/2018-08-05,8,34,34,1000000,50000,31,-0.8660254037844384,-0.5000000000000004,-0.5680647467311556,-0.8229838658936565,1.4285714285714284,0.2142857142857142,14.0,51.0,28.0,37.0,34.25,28.625,26.916666666666668,46.0
DF,2018-08-06/2018-08-12,8,46,46,1000000,50000,32,-0.8660254037844384,-0.5000000000000004,-0.663122658240795,-0.7485107481711013,0.3529411764705883,0.045454545454545414,34.0,14.0,44.0,27.0,35.75,28.25,28.833333333333332,43.0
DF,2018-08-13/2018-08-19,8,43,43,1000000,50000,33,-0.8660254037844384,-0.5000000000000004,-0.7485107481711011,-0.6631226582407952,-0.06521739130434778,-0.1568627450980392,46.0,34.0,51.0,2.0,36.25,30.625,31.333333333333332,20.0
ES,2016-10-03/2016-10-09,10,3,3,1000000,50000,40,-0.8660254037844386,0.5000000000000001,-0.992708874098054,0.1205366802553232,0.0,0.0,,,,,,,,1.0
ES,2017-01-02/2017-01-08,1,1,1,1000000,50000,1,0.49999999999999994,0.8660254037844387,0.12053668025532305,0.992708874098054,-0.6666666666666667,0.0,3.0,,,,,,,1.0
ES,2017-01-09/2017-01-15,1,1,1,1000000,50000,2,0.49999999999999994,0.8660254037844387,0.23931566428755774,0.970941817426052,0.0,0.0,1.0,3.0,,,2.0,2.0,2.0,4.0
ES,2017-01-16/2017-01-22,1,4,4,1000000,50000,3,0.49999999999999994,0.8660254037844387,0.3546048870425356,0.9350162426854148,3.0,0.0,1.0,1.0,,,1.6666666666666667,1.6666666666666667,1.6666666666666667,2.0
ES,2017-01-23/2017-01-29,1,2,2,1000000,50000,4,0.49999999999999994,0.8660254037844387,0.4647231720437685,0.8854560256532099,-0.5,-0.33333333333333337,4.0,1.0,3.0,,2.25,2.25,2.25,1.0
ES,2017-01-30/2017-02-05,1,1,1,1000000,50000,5,0.49999999999999994,0.8660254037844387,0.5680647467311558,0.8229838658936564,-0.5,0.0,2.0,4.0,1.0,,2.0,2.2,2.2,4.0
ES,2017-01-30/2017-02-05,2,4,4,1000000,50000,5,0.8660254037844386,0.5000000000000001,0.5680647467311558,0.8229838658936564,3.0,3.0,1.0,2.0,1.0,,2.0,2.0,2.0,11.0
ES,2017-02-06/2017-02-12,2,11,11,1000000,50000,6,0.8660254037844386,0.5000000000000001,0.6631226582407952,0.7485107481711011,1.75,1.75,4.0,1.0,4.0,,2.75,2.2857142857142856,2.2857142857142856,8.0
ES,2017-02-13/2017-02-19,2,8,8,1000000,50000,7,0.8660254037844386,0.5000000000000001,0.7485107481711011,0.6631226582407953,-0.2727272727272727,3.0,11.0,4.0,2.0,3.0,4.5,3.375,3.375,7.0
ES,2017-02-20/2017-02-26,2,7,7,1000000,50000,8,0.8660254037844386,0.5000000000000001,0.8229838658936564,0.5680647467311559,-0.125,6.0,8.0,11.0,1.0,1.0,6.0,4.0,3.888888888888889,1.0
ES,2017-02-27/2017-03-05,2,1,1,1000000,50000,9,0.8660254037844386,0.5000000000000001,0.8854560256532099,0.4647231720437686,-0.8571428571428572,-0.75,7.0,8.0,4.0,1.0,7.5,4.75,4.2,9.0
ES,2017-02-27/2017-03-05,3,9,9,1000000,50000,9,1.0,6.123233995736766e-17,0.8854560256532099,0.4647231720437686,8.0,-0.18181818181818177,1.0,7.0,11.0,4.0,6.75,4.75,3.909090909090909,9.0
ES,2017-03-06/2017-03-12,3,9,9,1000000,50000,10,1.0,6.123233995736766e-17,0.9350162426854148,0.35460488704253557,0.0,0.125,9.0,1.0,8.0,2.0,6.25,5.375,4.333333333333333,14.0
ES,2017-03-13/2017-03-19,3,14,14,1000000,50000,11,1.0,6.123233995736766e-17,0.970941817426052,0.23931566428755804,0.5555555555555556,1.0,9.0,9.0,7.0,1.0,6.5,6.25,4.833333333333333,9.0
ES,2017-03-20/2017-03-26,3,9,9,1000000,50000,12,1.0,6.123233995736766e-17,0.992708874098054,0.120536680255323,-0.3571428571428571,8.0,14.0,9.0,1.0,4.0,8.25,7.875,5.916666666666667,6.0
ES,2017-03-27/2017-04-02,3,6,6,1000000,50000,13,1.0,6.123233995736766e-17,1.0,-1.6081226496766364e-16,-0.33333333333333337,-0.33333333333333337,9.0,14.0,9.0,11.0,10.25,8.5,6.583333333333333,17.0
ES,2017-04-03/2017-04-09,4,17,17,1000000,50000,14,0.8660254037844387,-0.4999999999999998,0.992708874098054,-0.12053668025532288,1.8333333333333335,0.8888888888888888,6.0,9.0,9.0,8.0,9.5,7.875,6.75,6.0
ES,2017-04-10/2017-04-16,4,6,6,1000000,50000,15,0.8660254037844387,-0.4999999999999998,0.9709418174260521,-0.2393156642875575,-0.6470588235294117,-0.5714285714285714,17.0,6.0,14.0,7.0,11.5,9.0,8.0,14.0
ES,2017-04-17/2017-04-23,4,14,14,1000000,50000,16,0.8660254037844387,-0.4999999999999998,0.9350162426854148,-0.35460488704253545,1.3333333333333335,0.5555555555555556,6.0,17.0,9.0,1.0,9.5,8.875,8.416666666666666,8.0
ES,2017-04-24/2017-04-30,4,8,8,1000000,50000,17,0.8660254037844387,-0.4999999999999998,0.8854560256532099,-0.4647231720437685,-0.4285714285714286,0.33333333333333326,14.0,6.0,6.0,9.0,10.75,10.5,9.25,19.0
ES,2017-05-01/2017-05-07,5,19,19,1000000,50000,18,0.49999999999999994,-0.8660254037844387,0.8229838658936565,-0.5680647467311557,1.375,0.11764705882352944,8.0,14.0,17.0,9.0,11.25,10.375,9.0,20.0
ES,2017-05-08/2017-05-14,5,20,20,1000000,50000,19,0.49999999999999994,-0.8660254037844387,0.7485107481711013,-0.663122658240795,0.05263157894736836,2.3333333333333335,19.0,8.0,6.0,14.0,11.75,11.625,9.916666666666666,19.0
ES,2017-05-15/2017-05-21,5,19,19,1000000,50000,20,0.49999999999999994,-0.8660254037844387,0.6631226582407952,-0.7485107481711012,-0.050000000000000044,0.3571428571428572,20.0,19.0,14.0,9.0,15.25,12.375,11.0,22.0
ES,2017-05-22/2017-05-28,5,22,22,1000000,50000,21,0.49999999999999994,-0.8660254037844387,0.5680647467311558,-0.8229838658936564,0.1578947368421053,1.75,19.0,20.0,8.0,6.0,16.5,13.625,12.5,10.0
ES,2017-05-29/2017-06-04,5,10,10,1000000,50000,22,0.49999999999999994,-0.8660254037844387,0.46472317204376906,-0.8854560256532096,-0.5454545454545454,-0.4736842105263158,22.0,19.0,19.0,17.0,20.0,15.625,13.583333333333334,14.0
ES,2017-05-29/2017-06-04,6,14,14,1000000,50000,22,1.2246467991473532e-16,-1.0,0.46472317204376906,-0.8854560256532096,0.3999999999999999,-0.30000000000000004,10.0,22.0,20.0,6.0,17.75,14.75,13.666666666666666,21.0
ES,2017-06-05/2017-06-11,6,21,21,1000000,50000,23,1.2246467991473532e-16,-1.0,0.35460488704253584,-0.9350162426854147,0.5,0.10526315789473695,14.0,10.0,19.0,14.0,16.25,15.75,13.666666666666666,19.0
ES,2017-06-12/2017-06-18,6,19,19,1000000,50000,24,1.2246467991473532e-16,-1.0,0.23931566428755768,-0.970941817426052,-0.09523809523809523,-0.13636363636363635,21.0,14.0,22.0,8.0,16.75,16.625,14.666666666666666,18.0
ES,2017-06-19/2017-06-25,6,18,18,1000000,50000,25,1.2246467991473532e-16,-1.0,0.12053668025532308,-0.992708874098054,-0.052631578947368474,0.8,19.0,21.0,10.0,19.0,16.0,18.0,15.75,7.0
ES,2017-06-26/2017-07-02,6,7,7,1000000,50000,26,1.2246467991473532e-16,-1.0,-3.216245299353273e-16,-1.0,-0.6111111111111112,-0.5,18.0,19.0,14.0,20.0,18.0,17.875,15.833333333333334,6.0
ES,2017-06-26/2017-07-02,7,6,6,1000000,50000,26,-0.4999999999999997,-0.8660254037844388,-3.216245299353273e-16,-1.0,-0.1428571428571429,-0.7142857142857143,7.0,18.0,21.0,19.0,16.25,16.25,15.916666666666666,10.0
ES,2017-07-03/2017-07-09,7,10,10,1000000,50000,27,-0.4999999999999997,-0.8660254037844388,-0.12053668025532283,-0.992708874098054,0.6666666666666667,-0.4736842105263158,6.0,7.0,19.0,22.0,12.5,14.625,15.25,19.0
ES,2017-07-10/2017-07-16,7,19,19,1000000,50000,28,-0.4999999999999997,-0.8660254037844388,-0.23931566428755743,-0.9709418174260521,0.8999999999999999,0.05555555555555558,10.0,6.0,18.0,10.0,10.25,13.125,15.416666666666666,15.0
ES,2017-07-17/2017-07-23,7,15,15,1000000,50000,29,-0.4999999999999997,-0.8660254037844388,-0.3546048870425356,-0.9350162426854148,-0.21052631578947367,1.1428571428571428,19.0,10.0,7.0,14.0,10.5,14.25,15.416666666666666,26.0
ES,2017-07-24/2017-07-30,7,26,26,1000000,50000,30,-0.4999999999999997,-0.8660254037844388,-0.46472317204376806,-0.8854560256532101,0.7333333333333334,3.333333333333333,15.0,19.0,6.0,21.0,12.5,14.375,15.0,5.0
ES,2017-07-31/2017-08-06,7,5,5,1000000,50000,31,-0.4999999999999997,-0.8660254037844388,-0.5680647467311556,-0.8229838658936565,-0.8076923076923077,-0.5,26.0,15.0,10.0,19.0,17.5,15.0,15.583333333333334,16.0
ES,2017-07-31/2017-08-06,8,16,16,1000000,50000,31,-0.8660254037844384,-0.5000000000000004,-0.5680647467311556,-0.8229838658936565,2.2,-0.1578947368421053,5.0,26.0,19.0,18.0,16.25,13.25,14.166666666666666,25.0
ES,2017-08-07/2017-08-13,8,25,25,1000000,50000,32,-0.8660254037844384,-0.5000000000000004,-0.663122658240795,-0.7485107481711013,0.5625,0.6666666666666667,16.0,5.0,15.0,7.0,15.5,13.0,14.666666666666666,21.0
ES,2017-08-14/2017-08-20,8,21,21,1000000,50000,33,-0.8660254037844384,-0.5000000000000004,-0.7485107481711011,-0.6631226582407952,-0.16000000000000003,-0.1923076923076923,25.0,16.0,26.0,6.0,18.0,15.25,15.583333333333334,21.0
ES,2017-08-21/2017-08-27,8,21,21,1000000,50000,34,-0.8660254037844384,-0.5000000000000004,-0.8229838658936564,-0.5680647467311559,0.0,3.2,21.0,25.0,5.0,10.0,16.75,17.125,15.583333333333334,11.0
ES,2017-08-28/2017-09-03,8,11,11,1000000,50000,35,-0.8660254037844384,-0.5000000000000004,-0.8854560256532096,-0.4647231720437691,-0.47619047619047616,-0.3125,21.0,21.0,16.0,19.0,20.75,18.5,15.75,7.0
ES,2017-08-28/2017-09-03,9,7,7,1000000,50000,35,-1.0,-1.8369701987210297e-16,-0.8854560256532096,-0.4647231720437691,-0.36363636363636365,-0.72,11.0,21.0,25.0,15.0,19.5,17.5,15.166666666666666,20.0
ES,2017-09-04/2017-09-10,9,20,20,1000000,50000,36,-1.0,-1.8369701987210297e-16,-0.9350162426854147,-0.3546048870425359,1.8571428571428572,-0.04761904761904767,7.0,11.0,21.0,26.0,15.0,16.5,15.166666666666666,18.0
ES,2017-09-11/2017-09-17,9,18,18,1000000,50000,37,-1.0,-1.8369701987210297e-16,-0.970941817426052,-0.23931566428755774,-0.09999999999999998,-0.1428571428571429,20.0,7.0,21.0,5.0,14.75,15.75,16.333333333333332,18.0
ES,2017-09-18/2017-09-24,9,18,18,1000000,50000,38,-1.0,-1.8369701987210297e-16,-0.992708874098054,-0.12053668025532357,0.0,0.6363636363636365,18.0,20.0,11.0,16.0,14.0,17.375,17.0,30.0
ES,2017-09-25/2017-10-01,9,30,30,1000000,50000,39,-1.0,-1.8369701987210297e-16,-1.0,-1.8369701987210297e-16,0.6666666666666667,3.2857142857142856,18.0,18.0,7.0,25.0,15.75,17.625,16.916666666666668,3.0
ES,2017-09-25/2017-10-01,10,3,3,1000000,50000,39,-0.8660254037844386,0.5000000000000001,-1.0,-1.8369701987210297e-16,-0.9,-0.85,30.0,18.0,20.0,21.0,21.5,18.25,18.166666666666668,21.0
ES,2017-10-02/2017-10-08,10,21,21,1000000,50000,40,-0.8660254037844386,0.5000000000000001,-0.992708874098054,0.1205366802553232,6.0,0.16666666666666674,3.0,30.0,18.0,21.0,17.25,16.0,16.25,27.0
ES,2017-10-09/2017-10-15,10,27,27,1000000,50000,41,-0.8660254037844386,0.5000000000000001,-0.9709418174260521,0.23931566428755738,0.2857142857142858,0.5,21.0,3.0,18.0,11.0,18.0,16.0,17.583333333333332,29.0
ES,2017-10-16/2017-10-22,10,29,29,1000000,50000,42,-0.8660254037844386,0.5000000000000001,-0.9350162426854148,0.35460488704253557,0.07407407407407418,-0.033333333333333326,27.0,21.0,30.0,7.0,20.25,18.0,18.5,14.0
ES,2017-10-23/2017-10-29,10,14,14,1000000,50000,43,-0.8660254037844386,0.5000000000000001,-0.8854560256532101,0.464723172043768,-0.5172413793103448,3.666666666666667,29.0,27.0,3.0,20.0,20.0,20.75,18.833333333333332,6.0
ES,2017-10-30/2017-11-05,10,6,6,1000000,50000,44,-0.8660254037844386,0.5000000000000001,-0.822983865893657,0.5680647467311548,-0.5714285714285714,-0.7142857142857143,14.0,29.0,21.0,18.0,22.75,20.0,18.25,10.0
ES,2017-10-30/2017-11-05,11,10,10,1000000,50000,44,-0.5000000000000004,0.8660254037844384,-0.822983865893657,0.5680647467311548,0.6666666666666667,-0.6296296296296297,6.0,14.0,27.0,18.0,19.0,18.5,17.0,28.0
ES,2017-11-06/2017-11-12,11,28,28,1000000,50000,45,-0.5000000000000004,0.8660254037844384,-0.7485107481711011,0.6631226582407952,1.7999999999999998,-0.03448275862068961,10.0,6.0,29.0,30.0,14.75,17.5,16.916666666666668,25.0
ES,2017-11-13/2017-11-19,11,25,25,1000000,50000,46,-0.5000000000000004,0.8660254037844384,-0.6631226582407955,0.7485107481711007,-0.1071428571428571,0.7857142857142858,28.0,10.0,14.0,3.0,14.5,17.25,18.666666666666668,75.0
ES,2017-11-20/2017-11-26,11,75,75,1000000,50000,47,-0.5000000000000004,0.8660254037844384,-0.5680647467311559,0.8229838658936564,2.0,11.5,25.0,28.0,6.0,21.0,17.25,20.0,19.083333333333332,30.0
ES,2017-11-27/2017-12-03,11,30,30,1000000,50000,48,-0.5000000000000004,0.8660254037844384,-0.4647231720437684,0.88545602565321,-0.6,2.0,75.0,25.0,10.0,27.0,34.5,26.75,23.833333333333332,15.0
ES,2017-11-27/2017-12-03,12,15,15,1000000,50000,48,-2.4492935982947064e-16,1.0,-0.4647231720437684,0.88545602565321,-0.5,-0.4642857142857143,30.0,75.0,28.0,29.0,39.5,27.125,24.833333333333332,32.0
ES,2017-12-04/2017-12-10,12,32,32,1000000,50000,49,-2.4492935982947064e-16,1.0,-0.35460488704253595,0.9350162426854147,1.1333333333333333,0.28,15.0,30.0,25.0,14.0,36.25,25.375,23.583333333333332,33.0
ES,2017-12-11/2017-12-17,12,33,33,1000000,50000,50,-2.4492935982947064e-16,1.0,-0.2393156642875578,0.970941817426052,0.03125,-0.56,32.0,15.0,75.0,6.0,38.0,27.625,26.0,15.0
ES,2017-12-18/2017-12-24,12,15,15,1000000,50000,51,-2.4492935982947064e-16,1.0,-0.12053668025532363,0.992708874098054,-0.5454545454545454,-0.5,33.0,32.0,30.0,10.0,27.5,31.0,27.0,13.0
ES,2017-12-25/2017-12-31,12,13,13,1000000,50000,52,-2.4492935982947064e-16,1.0,6.432490598706546e-16,1.0,-0.1333333333333333,-0.1333333333333333,15.0,33.0,15.0,28.0,23.75,31.625,26.0,32.0
ES,2018-01-01/2018-01-07,1,32,32,1000000,50000,1,0.49999999999999994,0.8660254037844387,0.12053668025532305,0.992708874098054,1.4615384615384617,0.0,13.0,15.0,32.0,25.0,23.25,29.75,24.666666666666668,35.0
ES,2018-01-08/2018-01-14,1,35,35,1000000,50000,2,0.49999999999999994,0.8660254037844387,0.23931566428755774,0.970941817426052,0.09375,0.06060606060606055,32.0,13.0,33.0,75.0,23.25,30.625,26.166666666666668,34.0
ES,2018-01-15/2018-01-21,1,34,34,1000000,50000,3,0.49999999999999994,0.8660254037844387,0.3546048870425356,0.9350162426854148,-0.02857142857142858,1.2666666666666666,35.0,32.0,15.0,30.0,23.75,25.625,28.583333333333332,24.0
ES,2018-01-22/2018-01-28,1,24,24,1000000,50000,4,0.49999999999999994,0.8660254037844387,0.4647231720437685,0.8854560256532099,-0.2941176470588235,0.8461538461538463,34.0,35.0,13.0,15.0,28.5,26.125,30.583333333333332,20.0
ES,2018-01-29/2018-02-04,1,20,20,1000000,50000,5,0.49999999999999994,0.8660254037844387,0.5680647467311558,0.8229838658936564,-0.16666666666666663,-0.375,24.0,34.0,32.0,32.0,31.25,27.25,30.25,15.0
ES,2018-01-29/2018-02-04,2,15,15,1000000,50000,5,0.8660254037844386,0.5000000000000001,0.5680647467311558,0.8229838658936564,-0.25,-0.5714285714285714,20.0,24.0,35.0,33.0,28.25,25.75,29.833333333333332,38.0
ES,2018-02-05/2018-02-11,2,38,38,1000000,50000,6,0.8660254037844386,0.5000000000000001,0.6631226582407952,0.7485107481711011,1.5333333333333332,0.11764705882352944,15.0,20.0,34.0,15.0,23.25,23.5,24.833333333333332,28.0
ES,2018-02-12/2018-02-18,2,28,28,1000000,50000,7,0.8660254037844386,0.5000000000000001,0.7485107481711011,0.6631226582407953,-0.26315789473684215,0.16666666666666674,38.0,15.0,24.0,13.0,24.25,26.375,25.5,44.0
ES,2018-02-19/2018-02-25,2,44,44,1000000,50000,8,0.8660254037844386,0.5000000000000001,0.8229838658936564,0.5680647467311559,0.5714285714285714,1.2000000000000002,28.0,38.0,20.0,32.0,25.25,28.25,26.583333333333332,24.0
ES,2018-02-26/2018-03-04,2,24,24,1000000,50000,9,0.8660254037844386,0.5000000000000001,0.8854560256532099,0.4647231720437686,-0.4545454545454546,0.6000000000000001,44.0,28.0,15.0,35.0,31.25,29.75,27.583333333333332,15.0
ES,2018-02-26/2018-03-04,3,15,15,1000000,50000,9,1.0,6.123233995736766e-17,0.8854560256532099,0.4647231720437686,-0.375,-0.6052631578947368,24.0,44.0,38.0,34.0,33.5,28.375,26.833333333333332,29.0
ES,2018-03-05/2018-03-11,3,29,29,1000000,50000,10,1.0,6.123233995736766e-17,0.9350162426854148,0.35460488704253557,0.9333333333333333,0.03571428571428581,15.0,24.0,28.0,24.0,27.75,26.0,26.833333333333332,21.0
ES,2018-03-12/2018-03-18,3,21,21,1000000,50000,11,1.0,6.123233995736766e-17,0.970941817426052,0.23931566428755804,-0.27586206896551724,-0.5227272727272727,29.0,15.0,44.0,20.0,28.0,26.625,28.166666666666668,37.0
ES,2018-03-19/2018-03-25,3,37,37,1000000,50000,12,1.0,6.123233995736766e-17,0.992708874098054,0.120536680255323,0.7619047619047619,0.5416666666666667,21.0,29.0,24.0,15.0,22.25,26.75,27.25,31.0
ES,2018-03-26/2018-04-01,3,31,31,1000000,50000,13,1.0,6.123233995736766e-17,1.0,-1.6081226496766364e-16,-0.16216216216216217,1.0666666666666669,37.0,21.0,15.0,38.0,25.5,29.5,27.416666666666668,4.0
ES,2018-03-26/2018-04-01,4,4,4,1000000,50000,13,0.8660254037844387,-0.4999999999999998,1.0,-1.6081226496766364e-16,-0.8709677419354839,-0.8620689655172413,31.0,37.0,29.0,28.0,29.5,28.625,27.166666666666668,39.0
ES,2018-04-02/2018-04-08,4,39,39,1000000,50000,14,0.8660254037844387,-0.4999999999999998,0.992708874098054,-0.12053668025532288,8.75,0.8571428571428572,4.0,31.0,21.0,44.0,23.25,25.625,25.5,29.0
ES,2018-04-09/2018-04-15,4,29,29,1000000,50000,15,0.8660254037844387,-0.4999999999999998,0.9709418174260521,-0.2393156642875575,-0.2564102564102564,-0.21621621621621623,39.0,4.0,37.0,24.0,27.75,25.0,27.083333333333332,22.0
ES,2018-04-16/2018-04-22,4,22,22,1000000,50000,16,0.8660254037844387,-0.4999999999999998,0.9350162426854148,-0.35460488704253545,-0.24137931034482762,-0.29032258064516125,29.0,39.0,31.0,15.0,25.75,25.625,28.25,39.0
ES,2018-04-23/2018-04-29,4,39,39,1000000,50000,17,0.8660254037844387,-0.4999999999999998,0.8854560256532099,-0.4647231720437685,0.7727272727272727,8.75,22.0,29.0,4.0,29.0,23.5,26.5,26.916666666666668,7.0
ES,2018-04-30/2018-05-06,4,7,7,1000000,50000,18,0.8660254037844387,-0.4999999999999998,0.8229838658936565,-0.5680647467311557,-0.8205128205128205,-0.8205128205128205,39.0,22.0,39.0,21.0,32.25,27.75,27.833333333333332,29.0
ES,2018-04-30/2018-05-06,5,29,29,1000000,50000,18,0.49999999999999994,-0.8660254037844387,0.8229838658936565,-0.5680647467311557,3.1428571428571432,0.0,7.0,39.0,29.0,37.0,24.25,26.0,24.75,41.0
ES,2018-05-07/2018-05-13,5,41,41,1000000,50000,19,0.49999999999999994,-0.8660254037844387,0.7485107481711013,-0.663122658240795,0.4137931034482758,0.8636363636363635,29.0,7.0,22.0,31.0,24.25,25.0,25.166666666666668,39.0
ES,2018-05-14/2018-05-20,5,39,39,1000000,50000,20,0.49999999999999994,-0.8660254037844387,0.6631226582407952,-0.7485107481711012,-0.04878048780487809,0.0,41.0,29.0,39.0,4.0,29.0,26.25,27.333333333333332,15.0
ES,2018-05-21/2018-05-27,5,15,15,1000000,50000,21,0.49999999999999994,-0.8660254037844387,0.5680647467311558,-0.8229838658936564,-0.6153846153846154,1.1428571428571428,39.0,41.0,7.0,39.0,29.0,30.625,28.166666666666668,8.0
ES,2018-05-28/2018-06-03,5,8,8,1000000,50000,22,0.49999999999999994,-0.8660254037844387,0.46472317204376906,-0.8854560256532096,-0.4666666666666667,-0.7241379310344828,15.0,39.0,29.0,29.0,31.0,27.625,27.666666666666668,5.0
ES,2018-05-28/2018-06-03,6,5,5,1000000,50000,22,1.2246467991473532e-16,-1.0,0.46472317204376906,-0.8854560256532096,-0.375,-0.8780487804878049,8.0,15.0,41.0,22.0,25.75,25.0,25.25,26.0
ES,2018-06-04/2018-06-10,6,26,26,1000000,50000,23,1.2246467991473532e-16,-1.0,0.35460488704253584,-0.9350162426854147,4.2,-0.33333333333333337,5.0,8.0,39.0,39.0,16.75,22.875,23.083333333333332,31.0
ES,2018-06-11/2018-06-17,6,31,31,1000000,50000,24,1.2246467991473532e-16,-1.0,0.23931566428755768,-0.970941817426052,0.1923076923076923,1.0666666666666669,26.0,5.0,15.0,7.0,13.5,21.25,24.916666666666668,36.0
ES,2018-06-18/2018-06-24,6,36,36,1000000,50000,25,1.2246467991473532e-16,-1.0,0.12053668025532308,-0.992708874098054,0.16129032258064524,3.5,31.0,26.0,8.0,29.0,17.5,24.25,24.25,25.0
ES,2018-06-25/2018-07-01,6,25,25,1000000,50000,26,1.2246467991473532e-16,-1.0,-3.216245299353273e-16,-1.0,-0.3055555555555556,4.0,36.0,31.0,5.0,41.0,24.5,25.125,24.833333333333332,4.0
ES,2018-06-25/2018-07-01,7,4,4,1000000,50000,26,-0.4999999999999997,-0.8660254037844388,-3.216245299353273e-16,-1.0,-0.84,-0.8461538461538461,25.0,36.0,26.0,39.0,29.5,23.125,25.083333333333332,17.0
ES,2018-07-02/2018-07-08,7,17,17,1000000,50000,27,-0.4999999999999997,-0.8660254037844388,-0.12053668025532283,-0.992708874098054,3.25,-0.4516129032258065,4.0,25.0,31.0,15.0,24.0,18.75,22.166666666666668,29.0
ES,2018-07-09/2018-07-15,7,29,29,1000000,50000,28,-0.4999999999999997,-0.8660254037844388,-0.23931566428755743,-0.9709418174260521,0.7058823529411764,-0.19444444444444442,17.0,4.0,36.0,8.0,20.5,19.0,23.0,37.0
ES,2018-07-16/2018-07-22,7,37,37,1000000,50000,29,-0.4999999999999997,-0.8660254037844388,-0.3546048870425356,-0.9350162426854148,0.27586206896551735,0.48,29.0,17.0,25.0,5.0,18.75,21.625,23.0,26.0
ES,2018-07-23/2018-07-29,7,26,26,1000000,50000,30,-0.4999999999999997,-0.8660254037844388,-0.46472317204376806,-0.8854560256532101,-0.29729729729729726,5.5,37.0,29.0,4.0,26.0,21.75,25.625,22.666666666666668,9.0
ES,2018-07-30/2018-08-05,7,9,9,1000000,50000,31,-0.4999999999999997,-0.8660254037844388,-0.5680647467311556,-0.8229838658936565,-0.6538461538461539,-0.47058823529411764,26.0,37.0,17.0,31.0,27.25,25.625,21.583333333333332,24.0
ES,2018-07-30/2018-08-05,8,24,24,1000000,50000,31,-0.8660254037844384,-0.5000000000000004,-0.5680647467311556,-0.8229838658936565,1.6666666666666665,-0.1724137931034483,9.0,26.0,29.0,36.0,25.25,22.875,21.083333333333332,34.0
ES,2018-08-06/2018-08-12,8,34,34,1000000,50000,32,-0.8660254037844384,-0.5000000000000004,-0.663122658240795,-0.7485107481711013,0.41666666666666674,-0.08108108108108103,24.0,9.0,37.0,25.0,24.0,21.375,22.416666666666668,33.0
ES,2018-08-13/2018-08-19,8,33,33,1000000,50000,33,-0.8660254037844384,-0.5000000000000004,-0.7485107481711011,-0.6631226582407952,-0.02941176470588236,0.26923076923076916,34.0,24.0,26.0,4.0,23.25,22.5,24.833333333333332,12.0
GO,2016-10-03/2016-10-09,10,7,7,1000000,50000,40,-0.8660254037844386,0.5000000000000001,-0.992708874098054,0.1205366802553232,0.0,0.0,,,,,,,,2.0
GO,2017-01-09/2017-01-15,1,2,2,1000000,50000,2,0.49999999999999994,0.8660254037844387,0.23931566428755774,0.970941817426052,-0.7142857142857143,0.0,7.0,,,,,,,4.0
GO,2017-01-16/2017-01-22,1,4,4,1000000,50000,3,0.49999999999999994,0.8660254037844387,0.3546048870425356,0.9350162426854148,1.0,0.0,2.0,7.0,,,4.5,4.5,4.5,11.0
GO,2017-01-23/2017-01-29,1,11,11,1000000,50000,4,0.49999999999999994,0.8660254037844387,0.4647231720437685,0.8854560256532099,1.75,0.0,4.0,2.0,,,4.333333333333333,4.333333333333333,4.333333333333333,1.0
GO,2017-01-30/2017-02-05,1,1,1,1000000,50000,5,0.49999999999999994,0.8660254037844387,0.5680647467311558,0.8229838658936564,-0.9090909090909091,-0.8571428571428572,11.0,4.0,7.0,,6.0,6.0,6.0,1.0
GO,2017-01-30/2017-02-05,2,1,1,1000000,50000,5,0.8660254037844386,0.5000000000000001,0.5680647467311558,0.8229838658936564,0.0,-0.5,1.0,11.0,2.0,,4.5,5.0,5.0,10.0
GO,2017-02-06/2017-02-12,2,10,10,1000000,50000,6,0.8660254037844386,0.5000000000000001,0.6631226582407952,0.7485107481711011,9.0,1.5,1.0,1.0,4.0,,4.25,4.333333333333333,4.333333333333333,7.0
GO,2017-02-13/2017-02-19,2,7,7,1000000,50000,7,0.8660254037844386,0.5000000000000001,0.7485107481711011,0.6631226582407953,-0.30000000000000004,-0.36363636363636365,10.0,1.0,11.0,,5.75,5.142857142857143,5.142857142857143,5.0
GO,2017-02-20/2017-02-26,2,5,5,1000000,50000,8,0.8660254037844386,0.5000000000000001,0.8229838658936564,0.5680647467311559,-0.2857142857142857,4.0,7.0,10.0,1.0,7.0,4.75,5.375,5.375,1.0
GO,2017-02-27/2017-03-05,2,1,1,1000000,50000,9,0.8660254037844386,0.5000000000000001,0.8854560256532099,0.4647231720437686,-0.8,0.0,5.0,7.0,1.0,2.0,5.75,5.125,5.333333333333333,7.0
GO,2017-02-27/2017-03-05,3,7,7,1000000,50000,9,1.0,6.123233995736766e-17,0.8854560256532099,0.4647231720437686,6.0,-0.30000000000000004,1.0,5.0,10.0,4.0,5.75,5.0,4.9,10.0
GO,2017-03-06/2017-03-12,3,10,10,1000000,50000,10,1.0,6.123233995736766e-17,0.9350162426854148,0.35460488704253557,0.4285714285714286,0.4285714285714286,7.0,1.0,7.0,11.0,5.0,5.375,5.090909090909091,11.0
GO,2017-03-13/2017-03-19,3,11,11,1000000,50000,11,1.0,6.123233995736766e-17,0.970941817426052,0.23931566428755804,0.10000000000000009,1.2000000000000002,10.0,7.0,5.0,1.0,5.75,5.25,5.5,13.0
GO,2017-03-20/2017-03-26,3,13,13,1000000,50000,12,1.0,6.123233995736766e-17,0.992708874098054,0.120536680255323,0.18181818181818188,12.0,11.0,10.0,1.0,1.0,7.25,6.5,5.833333333333333,6.0
GO,2017-03-27/2017-04-02,3,6,6,1000000,50000,13,1.0,6.123233995736766e-17,1.0,-1.6081226496766364e-16,-0.5384615384615384,-0.1428571428571429,13.0,11.0,7.0,10.0,10.25,8.0,6.75,2.0
GO,2017-03-27/2017-04-02,4,2,2,1000000,50000,13,0.8660254037844387,-0.4999999999999998,1.0,-1.6081226496766364e-16,-0.6666666666666667,-0.8,6.0,13.0,10.0,7.0,10.0,7.5,6.916666666666667,6.0
GO,2017-04-03/2017-04-09,4,6,6,1000000,50000,14,0.8660254037844387,-0.4999999999999998,0.992708874098054,-0.12053668025532288,2.0,-0.4545454545454546,2.0,6.0,11.0,5.0,8.0,6.875,6.166666666666667,5.0
GO,2017-04-10/2017-04-16,4,5,5,1000000,50000,15,0.8660254037844387,-0.4999999999999998,0.9709418174260521,-0.2393156642875575,-0.16666666666666663,-0.6153846153846154,6.0,2.0,13.0,1.0,6.75,7.0,6.583333333333333,12.0
GO,2017-04-17/2017-04-23,4,12,12,1000000,50000,16,0.8660254037844387,-0.4999999999999998,0.9350162426854148,-0.35460488704253545,1.4,1.0,5.0,6.0,6.0,7.0,4.75,7.5,6.916666666666667,13.0
GO,2017-04-24/2017-04-30,4,13,13,1000000,50000,17,0.8660254037844387,-0.4999999999999998,0.8854560256532099,-0.4647231720437685,0.08333333333333326,5.5,12.0,5.0,2.0,10.0,6.25,8.125,7.083333333333333,18.0
GO,2017-05-01/2017-05-07,5,18,18,1000000,50000,18,0.49999999999999994,-0.8660254037844387,0.8229838658936565,-0.5680647467311557,0.3846153846153846,2.0,13.0,12.0,6.0,11.0,9.0,8.5,7.583333333333333,16.0
GO,2017-05-08/2017-05-14,5,16,16,1000000,50000,19,0.49999999999999994,-0.8660254037844387,0.7485107481711013,-0.663122658240795,-0.11111111111111116,2.2,18.0,13.0,5.0,13.0,12.0,9.375,8.666666666666666,20.0
GO,2017-05-15/2017-05-21,5,20,20,1000000,50000,20,0.49999999999999994,-0.8660254037844387,0.6631226582407952,-0.7485107481711012,0.25,0.6666666666666667,16.0,18.0,12.0,6.0,14.75,9.75,9.916666666666666,16.0
GO,2017-05-22/2017-05-28,5,16,16,1000000,50000,21,0.49999999999999994,-0.8660254037844387,0.5680647467311558,-0.8229838658936564,-0.19999999999999996,0.23076923076923084,20.0,16.0,13.0,2.0,16.75,11.5,11.0,13.0
GO,2017-05-29/2017-06-04,5,13,13,1000000,50000,22,0.49999999999999994,-0.8660254037844387,0.46472317204376906,-0.8854560256532096,-0.1875,-0.2777777777777778,16.0,20.0,18.0,6.0,17.5,13.25,11.5,7.0
GO,2017-05-29/2017-06-04,6,7,7,1000000,50000,22,1.2246467991473532e-16,-1.0,0.46472317204376906,-0.8854560256532096,-0.46153846153846156,-0.5625,13.0,16.0,16.0,5.0,16.25,14.125,11.666666666666666,21.0
GO,2017-06-05/2017-06-11,6,21,21,1000000,50000,23,1.2246467991473532e-16,-1.0,0.35460488704253584,-0.9350162426854147,2.0,0.050000000000000044,7.0,13.0,20.0,12.0,14.0,14.375,11.166666666666666,17.0
GO,2017-06-12/2017-06-18,6,17,17,1000000,50000,24,1.2246467991473532e-16,-1.0,0.23931566428755768,-0.970941817426052,-0.19047619047619047,0.0625,21.0,7.0,16.0,13.0,14.25,15.5,12.416666666666666,16.0
GO,2017-06-19/2017-06-25,6,16,16,1000000,50000,25,1.2246467991473532e-16,-1.0,0.12053668025532308,-0.992708874098054,-0.05882352941176472,0.23076923076923084,17.0,21.0,13.0,18.0,14.5,16.0,13.666666666666666,12.0
GO,2017-06-26/2017-07-02,6,12,12,1000000,50000,26,1.2246467991473532e-16,-1.0,-3.216245299353273e-16,-1.0,-0.25,0.7142857142857142,16.0,17.0,7.0,16.0,15.25,15.75,14.5,3.0
GO,2017-06-26/2017-07-02,7,3,3,1000000,50000,26,-0.4999999999999997,-0.8660254037844388,-3.216245299353273e-16,-1.0,-0.75,-0.8571428571428572,12.0,16.0,21.0,20.0,16.5,15.25,15.083333333333334,17.0
GO,2017-07-03/2017-07-09,7,17,17,1000000,50000,27,-0.4999999999999997,-0.8660254037844388,-0.12053668025532283,-0.992708874098054,4.666666666666667,0.0,3.0,12.0,17.0,16.0,12.0,13.125,14.333333333333334,13.0
GO,2017-07-10/2017-07-16,7,13,13,1000000,50000,28,-0.4999999999999997,-0.8660254037844388,-0.23931566428755743,-0.9709418174260521,-0.23529411764705888,-0.1875,17.0,3.0,16.0,13.0,12.0,13.25,14.666666666666666,22.0
GO,2017-07-17/2017-07-23,7,22,22,1000000,50000,29,-0.4999999999999997,-0.8660254037844388,-0.3546048870425356,-0.9350162426854148,0.6923076923076923,0.8333333333333333,13.0,17.0,12.0,7.0,11.25,13.25,14.25,21.0
GO,2017-07-24/2017-07-30,7,21,21,1000000,50000,30,-0.4999999999999997,-0.8660254037844388,-0.46472317204376806,-0.8854560256532101,-0.045454545454545414,6.0,22.0,13.0,3.0,21.0,13.75,15.125,14.75,1.0
GO,2017-07-31/2017-08-06,7,1,1,1000000,50000,31,-0.4999999999999997,-0.8660254037844388,-0.5680647467311556,-0.8229838658936565,-0.9523809523809523,-0.9411764705882353,21.0,22.0,17.0,17.0,18.25,15.125,14.833333333333334,17.0
GO,2017-07-31/2017-08-06,8,17,17,1000000,50000,31,-0.8660254037844384,-0.5000000000000004,-0.5680647467311556,-0.8229838658936565,16.0,0.3076923076923077,1.0,21.0,13.0,16.0,14.25,13.125,13.583333333333334,19.0
GO,2017-08-07/2017-08-13,8,19,19,1000000,50000,32,-0.8660254037844384,-0.5000000000000004,-0.663122658240795,-0.7485107481711013,0.11764705882352944,-0.13636363636363635,17.0,1.0,22.0,12.0,15.25,13.25,13.916666666666666,24.0
GO,2017-08-14/2017-08-20,8,24,24,1000000,50000,33,-0.8660254037844384,-0.5000000000000004,-0.7485107481711011,-0.6631226582407952,0.26315789473684204,0.1428571428571428,19.0,17.0,21.0,3.0,14.5,14.125,14.916666666666666,19.0
GO,2017-08-21/2017-08-27,8,19,19,1000000,50000,34,-0.8660254037844384,-0.5000000000000004,-0.8229838658936564,-0.5680647467311559,-0.20833333333333337,18.0,24.0,19.0,1.0,17.0,15.25,16.75,15.166666666666666,10.0
GO,2017-08-28/2017-09-03,8,10,10,1000000,50000,35,-0.8660254037844384,-0.5000000000000004,-0.8854560256532096,-0.4647231720437691,-0.4736842105263158,-0.4117647058823529,19.0,24.0,17.0,13.0,19.75,17.0,15.333333333333334,5.0
GO,2017-08-28/2017-09-03,9,5,5,1000000,50000,35,-1.0,-1.8369701987210297e-16,-0.8854560256532096,-0.4647231720437691,-0.5,-0.736842105263158,10.0,19.0,19.0,22.0,18.0,16.625,14.833333333333334,26.0
GO,2017-09-04/2017-09-10,9,26,26,1000000,50000,36,-1.0,-1.8369701987210297e-16,-0.9350162426854147,-0.3546048870425359,4.2,0.08333333333333326,5.0,10.0,24.0,21.0,14.5,14.5,14.25,23.0
GO,2017-09-11/2017-09-17,9,23,23,1000000,50000,37,-1.0,-1.8369701987210297e-16,-0.970941817426052,-0.23931566428755774,-0.11538461538461542,0.21052631578947367,26.0,5.0,19.0,1.0,15.0,15.125,16.166666666666668,18.0
GO,2017-09-18/2017-09-24,9,18,18,1000000,50000,38,-1.0,-1.8369701987210297e-16,-0.992708874098054,-0.12053668025532357,-0.21739130434782605,0.8,23.0,26.0,10.0,17.0,16.0,17.875,16.666666666666668,12.0
GO,2017-09-25/2017-10-01,9,12,12,1000000,50000,39,-1.0,-1.8369701987210297e-16,-1.0,-1.8369701987210297e-16,-0.33333333333333337,1.4,18.0,23.0,5.0,19.0,18.0,18.0,17.083333333333332,1.0
GO,2017-09-25/2017-10-01,10,1,1,1000000,50000,39,-0.8660254037844386,0.5000000000000001,-1.0,-1.8369701987210297e-16,-0.9166666666666666,-0.9615384615384616,12.0,18.0,26.0,24.0,19.75,17.125,16.25,22.0
GO,2017-10-02/2017-10-08,10,22,22,1000000,50000,40,-0.8660254037844386,0.5000000000000001,-0.992708874098054,0.1205366802553232,21.0,-0.04347826086956519,1.0,12.0,23.0,19.0,13.5,14.25,14.583333333333334,22.0
GO,2017-10-09/2017-10-15,10,22,22,1000000,50000,41,-0.8660254037844386,0.5000000000000001,-0.9709418174260521,0.23931566428755738,0.0,0.22222222222222232,22.0,1.0,18.0,10.0,13.25,14.625,16.333333333333332,25.0
GO,2017-10-16/2017-10-22,10,25,25,1000000,50000,42,-0.8660254037844386,0.5000000000000001,-0.9350162426854148,0.35460488704253557,0.13636363636363646,1.0833333333333335,22.0,22.0,12.0,5.0,14.25,16.125,16.75,20.0
GO,2017-10-23/2017-10-29,10,20,20,1000000,50000,43,-0.8660254037844386,0.5000000000000001,-0.8854560256532101,0.464723172043768,-0.19999999999999996,19.0,25.0,22.0,1.0,26.0,17.5,18.625,17.25,16.0
GO,2017-10-30/2017-11-05,10,16,16,1000000,50000,44,-0.8660254037844386,0.5000000000000001,-0.822983865893657,0.5680647467311548,-0.19999999999999996,-0.2727272727272727,20.0,25.0,22.0,23.0,22.25,17.875,16.916666666666668,9.0
GO,2017-10-30/2017-11-05,11,9,9,1000000,50000,44,-0.5000000000000004,0.8660254037844384,-0.822983865893657,0.5680647467311548,-0.4375,-0.5909090909090908,16.0,20.0,22.0,18.0,20.75,17.0,16.666666666666668,24.0
GO,2017-11-06/2017-11-12,11,24,24,1000000,50000,45,-0.5000000000000004,0.8660254037844384,-0.7485107481711011,0.6631226582407952,1.6666666666666665,-0.040000000000000036,9.0,16.0,25.0,12.0,17.5,15.875,16.583333333333332,25.0
GO,2017-11-13/2017-11-19,11,25,25,1000000,50000,46,-0.5000000000000004,0.8660254037844384,-0.6631226582407955,0.7485107481711007,0.04166666666666674,0.25,24.0,9.0,20.0,1.0,17.25,17.375,18.166666666666668,71.0
GO,2017-11-20/2017-11-26,11,71,71,1000000,50000,47,-0.5000000000000004,0.8660254037844384,-0.5680647467311559,0.8229838658936564,1.8399999999999999,3.4375,25.0,24.0,16.0,22.0,18.5,20.375,18.083333333333332,24.0
GO,2017-11-27/2017-12-03,11,24,24,1000000,50000,48,-0.5000000000000004,0.8660254037844384,-0.4647231720437684,0.88545602565321,-0.6619718309859155,1.6666666666666665,71.0,25.0,9.0,22.0,32.25,26.5,22.083333333333332,6.0
GO,2017-11-27/2017-12-03,12,6,6,1000000,50000,48,-2.4492935982947064e-16,1.0,-0.4647231720437684,0.88545602565321,-0.75,-0.75,24.0,71.0,24.0,25.0,36.0,26.75,22.583333333333332,40.0
GO,2017-12-04/2017-12-10,12,40,40,1000000,50000,49,-2.4492935982947064e-16,1.0,-0.35460488704253595,0.9350162426854147,5.666666666666667,0.6000000000000001,6.0,24.0,25.0,20.0,31.5,24.375,22.083333333333332,36.0
GO,2017-12-11/2017-12-17,12,36,36,1000000,50000,50,-2.4492935982947064e-16,1.0,-0.2393156642875578,0.970941817426052,-0.09999999999999998,-0.49295774647887325,40.0,6.0,71.0,16.0,35.25,26.875,25.333333333333332,21.0
GO,2017-12-18/2017-12-24,12,21,21,1000000,50000,51,-2.4492935982947064e-16,1.0,-0.12053668025532363,0.992708874098054,-0.41666666666666663,-0.125,36.0,40.0,24.0,9.0,26.5,29.375,26.5,22.0
GO,2017-12-25/2017-12-31,12,22,22,1000000,50000,52,-2.4492935982947064e-16,1.0,6.432490598706546e-16,1.0,0.04761904761904767,2.6666666666666665,21.0,36.0,6.0,24.0,25.75,30.875,26.416666666666668,26.0
GO,2018-01-01/2018-01-07,1,26,26,1000000,50000,1,0.49999999999999994,0.8660254037844387,0.12053668025532305,0.992708874098054,0.18181818181818188,-0.35,22.0,21.0,40.0,25.0,29.75,30.625,26.166666666666668,39.0
GO,2018-01-08/2018-01-14,1,39,39,1000000,50000,2,0.49999999999999994,0.8660254037844387,0.23931566428755774,0.970941817426052,0.5,0.08333333333333326,26.0,22.0,36.0,71.0,26.25,30.75,26.666666666666668,37.0
GO,2018-01-15/2018-01-21,1,37,37,1000000,50000,3,0.49999999999999994,0.8660254037844387,0.3546048870425356,0.9350162426854148,-0.05128205128205132,0.7619047619047619,39.0,26.0,21.0,24.0,27.0,26.75,28.583333333333332,26.0
GO,2018-01-22/2018-01-28,1,26,26,1000000,50000,4,0.49999999999999994,0.8660254037844387,0.4647231720437685,0.8854560256532099,-0.29729729729729726,0.18181818181818188,37.0,39.0,22.0,6.0,31.0,28.375,30.916666666666668,16.0
GO,2018-01-29/2018-02-04,1,16,16,1000000,50000,5,0.49999999999999994,0.8660254037844387,0.5680647467311558,0.8229838658936564,-0.3846153846153846,-0.3846153846153846,26.0,37.0,26.0,40.0,32.0,30.875,31.083333333333332,25.0
GO,2018-01-29/2018-02-04,2,25,25,1000000,50000,5,0.8660254037844386,0.5000000000000001,0.5680647467311558,0.8229838658936564,0.5625,-0.3589743589743589,16.0,26.0,39.0,36.0,29.5,27.875,30.333333333333332,36.0
GO,2018-02-05/2018-02-11,2,36,36,1000000,50000,6,0.8660254037844386,0.5000000000000001,0.6631226582407952,0.7485107481711011,0.43999999999999995,-0.027027027027026973,25.0,16.0,37.0,21.0,26.0,26.5,26.5,37.0
GO,2018-02-12/2018-02-18,2,37,37,1000000,50000,7,0.8660254037844386,0.5000000000000001,0.7485107481711011,0.6631226582407953,0.02777777777777768,0.42307692307692313,36.0,25.0,26.0,22.0,25.75,28.375,27.5,28.0
GO,2018-02-19/2018-02-25,2,28,28,1000000,50000,8,0.8660254037844386,0.5000000000000001,0.8229838658936564,0.5680647467311559,-0.2432432432432432,0.75,37.0,36.0,16.0,26.0,28.5,30.25,30.083333333333332,20.0
GO,2018-02-26/2018-03-04,2,20,20,1000000,50000,9,0.8660254037844386,0.5000000000000001,0.8854560256532099,0.4647231720437686,-0.2857142857142857,-0.19999999999999996,28.0,37.0,25.0,39.0,31.5,30.5,29.083333333333332,20.0
GO,2018-02-26/2018-03-04,3,20,20,1000000,50000,9,1.0,6.123233995736766e-17,0.8854560256532099,0.4647231720437686,0.0,-0.4444444444444444,20.0,28.0,36.0,37.0,30.25,28.125,27.75,32.0
GO,2018-03-05/2018-03-11,3,32,32,1000000,50000,10,1.0,6.123233995736766e-17,0.9350162426854148,0.35460488704253557,0.6000000000000001,-0.1351351351351351,20.0,20.0,37.0,26.0,26.25,26.0,27.666666666666668,39.0
GO,2018-03-12/2018-03-18,3,39,39,1000000,50000,11,1.0,6.123233995736766e-17,0.970941817426052,0.23931566428755804,0.21875,0.3928571428571428,32.0,20.0,28.0,16.0,25.0,26.75,28.5,27.0
GO,2018-03-19/2018-03-25,3,27,27,1000000,50000,12,1.0,6.123233995736766e-17,0.992708874098054,0.120536680255323,-0.3076923076923077,0.3500000000000001,39.0,32.0,20.0,25.0,27.75,29.625,29.583333333333332,23.0
GO,2018-03-26/2018-04-01,3,23,23,1000000,50000,13,1.0,6.123233995736766e-17,1.0,-1.6081226496766364e-16,-0.14814814814814814,0.1499999999999999,27.0,39.0,20.0,36.0,29.5,29.875,28.583333333333332,3.0
GO,2018-03-26/2018-04-01,4,3,3,1000000,50000,13,0.8660254037844387,-0.4999999999999998,1.0,-1.6081226496766364e-16,-0.8695652173913043,-0.90625,23.0,27.0,32.0,37.0,30.25,28.25,27.416666666666668,28.0
GO,2018-04-02/2018-04-08,4,28,28,1000000,50000,14,0.8660254037844387,-0.4999999999999998,0.992708874098054,-0.12053668025532288,8.333333333333334,-0.28205128205128205,3.0,23.0,39.0,28.0,23.0,24.0,25.5,23.0
GO,2018-04-09/2018-04-15,4,23,23,1000000,50000,15,0.8660254037844387,-0.4999999999999998,0.9709418174260521,-0.2393156642875575,-0.1785714285714286,-0.14814814814814814,28.0,3.0,27.0,20.0,20.25,24.0,26.5,42.0
GO,2018-04-16/2018-04-22,4,42,42,1000000,50000,16,0.8660254037844387,-0.4999999999999998,0.9350162426854148,-0.35460488704253545,0.826086956521739,0.826086956521739,23.0,28.0,23.0,20.0,19.25,24.375,26.333333333333332,29.0
GO,2018-04-23/2018-04-29,4,29,29,1000000,50000,17,0.8660254037844387,-0.4999999999999998,0.8854560256532099,-0.4647231720437685,-0.30952380952380953,8.666666666666666,42.0,23.0,3.0,32.0,24.0,27.125,26.833333333333332,7.0
GO,2018-04-30/2018-05-06,4,7,7,1000000,50000,18,0.8660254037844387,-0.4999999999999998,0.8229838658936565,-0.5680647467311557,-0.7586206896551724,-0.75,29.0,42.0,28.0,39.0,30.5,26.75,26.166666666666668,42.0
GO,2018-04-30/2018-05-06,5,42,42,1000000,50000,18,0.49999999999999994,-0.8660254037844387,0.8229838658936565,-0.5680647467311557,5.0,0.826086956521739,7.0,29.0,23.0,27.0,25.25,22.75,24.416666666666668,43.0
GO,2018-05-07/2018-05-13,5,43,43,1000000,50000,19,0.49999999999999994,-0.8660254037844387,0.7485107481711013,-0.663122658240795,0.023809523809523725,0.023809523809523725,42.0,7.0,42.0,23.0,30.0,24.625,26.25,29.0
GO,2018-05-14/2018-05-20,5,29,29,1000000,50000,20,0.49999999999999994,-0.8660254037844387,0.6631226582407952,-0.7485107481711012,-0.32558139534883723,0.0,43.0,42.0,29.0,3.0,30.25,27.125,28.166666666666668,12.0
GO,2018-05-21/2018-05-27,5,12,12,1000000,50000,21,0.49999999999999994,-0.8660254037844387,0.5680647467311558,-0.8229838658936564,-0.5862068965517242,0.7142857142857142,29.0,43.0,7.0,28.0,30.25,30.375,27.916666666666668,10.0
GO,2018-05-28/2018-06-03,5,10,10,1000000,50000,22,0.49999999999999994,-0.8660254037844387,0.46472317204376906,-0.8854560256532096,-0.16666666666666663,-0.7619047619047619,12.0,29.0,42.0,23.0,31.5,28.375,25.666666666666668,5.0
GO,2018-05-28/2018-06-03,6,5,5,1000000,50000,22,1.2246467991473532e-16,-1.0,0.46472317204376906,-0.8854560256532096,-0.5,-0.8837209302325582,10.0,12.0,43.0,42.0,23.5,26.75,24.25,29.0
GO,2018-06-04/2018-06-10,6,29,29,1000000,50000,23,1.2246467991473532e-16,-1.0,0.35460488704253584,-0.9350162426854147,4.8,0.0,5.0,10.0,29.0,29.0,14.0,22.125,22.75,18.0
GO,2018-06-11/2018-06-17,6,18,18,1000000,50000,24,1.2246467991473532e-16,-1.0,0.23931566428755768,-0.970941817426052,-0.3793103448275862,0.5,29.0,5.0,12.0,7.0,14.0,22.125,24.916666666666668,24.0
GO,2018-06-18/2018-06-24,6,24,24,1000000,50000,25,1.2246467991473532e-16,-1.0,0.12053668025532308,-0.992708874098054,0.33333333333333326,1.4,18.0,29.0,10.0,42.0,15.5,23.5,24.083333333333332,29.0
GO,2018-06-25/2018-07-01,6,29,29,1000000,50000,26,1.2246467991473532e-16,-1.0,-3.216245299353273e-16,-1.0,0.20833333333333326,4.8,24.0,18.0,5.0,43.0,19.0,21.25,24.166666666666668,1.0
GO,2018-06-25/2018-07-01,7,1,1,1000000,50000,26,-0.4999999999999997,-0.8660254037844388,-3.216245299353273e-16,-1.0,-0.9655172413793104,-0.9655172413793104,29.0,24.0,29.0,29.0,25.0,19.5,23.083333333333332,25.0
GO,2018-07-02/2018-07-08,7,25,25,1000000,50000,27,-0.4999999999999997,-0.8660254037844388,-0.12053668025532283,-0.992708874098054,24.0,0.38888888888888884,1.0,29.0,18.0,12.0,18.0,16.0,20.75,28.0
GO,2018-07-09/2018-07-15,7,28,28,1000000,50000,28,-0.4999999999999997,-0.8660254037844388,-0.23931566428755743,-0.9709418174260521,0.1200000000000001,0.16666666666666674,25.0,1.0,24.0,10.0,19.75,17.625,22.25,27.0
GO,2018-07-16/2018-07-22,7,27,27,1000000,50000,29,-0.4999999999999997,-0.8660254037844388,-0.3546048870425356,-0.9350162426854148,-0.0357142857142857,-0.06896551724137934,28.0,25.0,29.0,5.0,20.75,19.875,21.083333333333332,25.0
GO,2018-07-23/2018-07-29,7,25,25,1000000,50000,30,-0.4999999999999997,-0.8660254037844388,-0.46472317204376806,-0.8854560256532101,-0.07407407407407407,24.0,27.0,28.0,1.0,29.0,20.25,22.625,19.75,6.0
GO,2018-07-30/2018-08-05,7,6,6,1000000,50000,31,-0.4999999999999997,-0.8660254037844388,-0.5680647467311556,-0.8229838658936565,-0.76,-0.76,25.0,27.0,25.0,18.0,26.25,22.125,19.416666666666668,26.0
GO,2018-07-30/2018-08-05,8,26,26,1000000,50000,31,-0.8660254037844384,-0.5000000000000004,-0.5680647467311556,-0.8229838658936565,3.333333333333333,-0.0714285714285714,6.0,25.0,28.0,24.0,21.5,20.625,18.916666666666668,43.0
GO,2018-08-06/2018-08-12,8,43,43,1000000,50000,32,-0.8660254037844384,-0.5000000000000004,-0.663122658240795,-0.7485107481711013,0.6538461538461537,0.5925925925925926,26.0,6.0,27.0,29.0,21.0,20.875,20.25,38.0
GO,2018-08-13/2018-08-19,8,38,38,1000000,50000,33,-0.8660254037844384,-0.5000000000000004,-0.7485107481711011,-0.6631226582407952,-0.11627906976744184,0.52,43.0,26.0,25.0,1.0,25.0,22.625,23.416666666666668,10.0
MA,2016-10-03/2016-10-09,10,2,2,1000000,50000,40,-0.8660254037844386,0.5000000000000001,-0.992708874098054,0.1205366802553232,0.0,0.0,,,,,,,,2.0
MA,2016-10-10/2016-10-16,10,2,2,1000000,50000,41,-0.8660254037844386,0.5000000000000001,-0.9709418174260521,0.23931566428755738,0.0,0.0,2.0,,,,,,,1.0
MA,2017-01-16/2017-01-22,1,1,1,1000000,50000,3,0.49999999999999994,0.8660254037844387,0.3546048870425356,0.9350162426854148,-0.5,0.0,2.0,2.0,,,2.0,2.0,2.0,5.0
MA,2017-01-23/2017-01-29,1,5,5,1000000,50000,4,0.49999999999999994,0.8660254037844387,0.4647231720437685,0.8854560256532099,4.0,0.0,1.0,2.0,,,1.6666666666666667,1.6666666666666667,1.6666666666666667,1.0
MA,2017-01-30/2017-02-05,2,1,1,1000000,50000,5,0.8660254037844386,0.5000000000000001,0.5680647467311558,0.8229838658936564,-0.8,-0.5,5.0,1.0,2.0,,2.5,2.5,2.5,4.0
MA,2017-02-06/2017-02-12,2,4,4,1000000,50000,6,0.8660254037844386,0.5000000000000001,0.6631226582407952,0.7485107481711011,3.0,1.0,1.0,5.0,2.0,,2.25,2.2,2.2,2.0
MA,2017-02-13/2017-02-19,2,2,2,1000000,50000,7,0.8660254037844386,0.5000000000000001,0.7485107481711011,0.6631226582407953,-0.5,1.0,4.0,1.0,1.0,,2.75,2.5,2.5,3.0
MA,2017-02-20/2017-02-26,2,3,3,1000000,50000,8,0.8660254037844386,0.5000000000000001,0.8229838658936564,0.5680647467311559,0.5,-0.4,2.0,4.0,5.0,,3.0,2.4285714285714284,2.4285714285714284,1.0
MA,2017-02-27/2017-03-05,2,1,1,1000000,50000,9,0.8660254037844386,0.5000000000000001,0.8854560256532099,0.4647231720437686,-0.6666666666666667,0.0,3.0,2.0,1.0,2.0,2.5,2.5,2.5,1.0
MA,2017-02-27/2017-03-05,3,1,1,1000000,50000,9,1.0,6.123233995736766e-17,0.8854560256532099,0.4647231720437686,0.0,-0.75,1.0,3.0,4.0,2.0,2.5,2.375,2.3333333333333335,5.0
MA,2017-03-06/2017-03-12,3,5,5,1000000,50000,10,1.0,6.123233995736766e-17,0.9350162426854148,0.35460488704253557,4.0,1.5,1.0,1.0,2.0,1.0,1.75,2.25,2.2,6.0
MA,2017-03-13/2017-03-19,3,6,6,1000000,50000,11,1.0,6.123233995736766e-17,0.970941817426052,0.23931566428755804,0.19999999999999996,1.0,5.0,1.0,3.0,5.0,2.5,2.75,2.4545454545454546,5.0
MA,2017-03-20/2017-03-26,3,5,5,1000000,50000,12,1.0,6.123233995736766e-17,0.992708874098054,0.120536680255323,-0.16666666666666663,4.0,6.0,5.0,1.0,1.0,3.25,2.875,2.75,5.0
MA,2017-03-27/2017-04-02,3,5,5,1000000,50000,13,1.0,6.123233995736766e-17,1.0,-1.6081226496766364e-16,0.0,4.0,5.0,6.0,1.0,4.0,4.25,3.375,3.0,1.0
MA,2017-03-27/2017-04-02,4,1,1,1000000,50000,13,0.8660254037844387,-0.4999999999999998,1.0,-1.6081226496766364e-16,-0.8,-0.8,5.0,5.0,5.0,2.0,5.25,3.5,3.25,4.0
MA,2017-04-03/2017-04-09,4,4,4,1000000,50000,14,0.8660254037844387,-0.4999999999999998,0.992708874098054,-0.12053668025532288,3.0,-0.33333333333333337,1.0,5.0,6.0,3.0,4.25,3.375,3.25,7.0
MA,2017-04-10/2017-04-16,4,7,7,1000000,50000,15,0.8660254037844387,-0.4999999999999998,0.9709418174260521,-0.2393156642875575,0.75,0.3999999999999999,4.0,1.0,5.0,1.0,3.75,3.5,3.1666666666666665,6.0
MA,2017-04-17/2017-04-23,4,6,6,1000000,50000,16,0.8660254037844387,-0.4999999999999998,0.9350162426854148,-0.35460488704253545,-0.1428571428571429,0.19999999999999996,7.0,4.0,5.0,1.0,4.25,4.25,3.6666666666666665,7.0
MA,2017-04-24/2017-04-30,4,7,7,1000000,50000,17,0.8660254037844387,-0.4999999999999998,0.8854560256532099,-0.4647231720437685,0.16666666666666674,6.0,6.0,7.0,1.0,5.0,4.5,4.875,3.8333333333333335,7.0
MA,2017-05-01/2017-05-07,5,7,7,1000000,50000,18,0.49999999999999994,-0.8660254037844387,0.8229838658936565,-0.5680647467311557,0.0,0.75,7.0,6.0,4.0,6.0,6.0,5.125,4.25,6.0
MA,2017-05-08/2017-05-14,5,6,6,1000000,50000,19,0.49999999999999994,-0.8660254037844387,0.7485107481711013,-0.663122658240795,-0.1428571428571429,-0.1428571428571429,7.0,7.0,7.0,5.0,6.75,5.25,4.583333333333333,6.0
MA,2017-05-15/2017-05-21,5,6,6,1000000,50000,20,0.49999999999999994,-0.8660254037844387,0.6631226582407952,-0.7485107481711012,0.0,0.0,6.0,7.0,6.0,5.0,6.5,5.375,5.0,9.0
MA,2017-05-22/2017-05-28,5,9,9,1000000,50000,21,0.49999999999999994,-0.8660254037844387,0.5680647467311558,-0.8229838658936564,0.5,0.2857142857142858,6.0,6.0,7.0,1.0,6.5,5.5,5.416666666666667,3.0
MA,2017-05-29/2017-06-04,5,3,3,1000000,50000,22,0.49999999999999994,-0.8660254037844387,0.46472317204376906,-0.8854560256532096,-0.6666666666666667,-0.5714285714285714,9.0,6.0,7.0,4.0,7.0,6.5,5.75,2.0
MA,2017-05-29/2017-06-04,6,2,2,1000000,50000,22,1.2246467991473532e-16,-1.0,0.46472317204376906,-0.8854560256532096,-0.33333333333333337,-0.6666666666666667,3.0,9.0,6.0,7.0,6.0,6.375,5.5,4.0
MA,2017-06-05/2017-06-11,6,4,4,1000000,50000,23,1.2246467991473532e-16,-1.0,0.35460488704253584,-0.9350162426854147,1.0,-0.33333333333333337,2.0,3.0,6.0,6.0,5.0,5.75,5.25,3.0
MA,2017-06-12/2017-06-18,6,3,3,1000000,50000,24,1.2246467991473532e-16,-1.0,0.23931566428755768,-0.970941817426052,-0.25,-0.6666666666666667,4.0,2.0,9.0,7.0,4.5,5.5,5.166666666666667,4.0
MA,2017-06-19/2017-06-25,6,4,4,1000000,50000,25,1.2246467991473532e-16,-1.0,0.12053668025532308,-0.992708874098054,0.33333333333333326,0.33333333333333326,3.0,4.0,3.0,7.0,3.0,5.0,5.333333333333333,2.0
MA,2017-06-26/2017-07-02,6,2,2,1000000,50000,26,1.2246467991473532e-16,-1.0,-3.216245299353273e-16,-1.0,-0.5,0.0,4.0,3.0,2.0,6.0,3.25,4.625,5.333333333333333,13.0
MA,2017-07-03/2017-07-09,7,13,13,1000000,50000,27,-0.4999999999999997,-0.8660254037844388,-0.12053668025532283,-0.992708874098054,5.5,2.25,2.0,4.0,4.0,6.0,3.25,4.125,4.916666666666667,12.0
MA,2017-07-10/2017-07-16,7,12,12,1000000,50000,28,-0.4999999999999997,-0.8660254037844388,-0.23931566428755743,-0.9709418174260521,-0.07692307692307687,3.0,13.0,2.0,3.0,9.0,5.5,5.0,5.5,4.0
MA,2017-07-17/2017-07-23,7,4,4,1000000,50000,29,-0.4999999999999997,-0.8660254037844388,-0.3546048870425356,-0.9350162426854148,-0.6666666666666667,0.0,12.0,13.0,4.0,3.0,7.75,5.375,5.916666666666667,7.0
MA,2017-07-24/2017-07-30,7,7,7,1000000,50000,30,-0.4999999999999997,-0.8660254037844388,-0.46472317204376806,-0.8854560256532101,0.75,2.5,4.0,12.0,2.0,2.0,7.75,5.5,5.666666666666667,1.0
MA,2017-07-31/2017-08-06,7,1,1,1000000,50000,31,-0.4999999999999997,-0.8660254037844388,-0.5680647467311556,-0.8229838658936565,-0.8571428571428572,-0.9230769230769231,7.0,4.0,13.0,4.0,9.0,6.125,5.75,11.0
MA,2017-07-31/2017-08-06,8,11,11,1000000,50000,31,-0.8660254037844384,-0.5000000000000004,-0.5680647467311556,-0.8229838658936565,10.0,-0.08333333333333337,1.0,7.0,12.0,3.0,6.0,5.75,5.333333333333333,5.0
MA,2017-08-07/2017-08-13,8,5,5,1000000,50000,32,-0.8660254037844384,-0.5000000000000004,-0.663122658240795,-0.7485107481711013,-0.5454545454545454,0.25,11.0,1.0,4.0,4.0,5.75,6.75,5.5,7.0
MA,2017-08-14/2017-08-20,8,7,7,1000000,50000,33,-0.8660254037844384,-0.5000000000000004,-0.7485107481711011,-0.6631226582407952,0.3999999999999999,0.0,5.0,11.0,7.0,2.0,6.0,6.875,5.666666666666667,7.0
MA,2017-08-21/2017-08-27,8,7,7,1000000,50000,34,-0.8660254037844384,-0.5000000000000004,-0.8229838658936564,-0.5680647467311559,0.0,6.0,7.0,5.0,1.0,13.0,6.0,7.5,6.083333333333333,8.0
MA,2017-08-28/2017-09-03,8,8,8,1000000,50000,35,-0.8660254037844384,-0.5000000000000004,-0.8854560256532096,-0.4647231720437691,0.1428571428571428,-0.2727272727272727,7.0,7.0,11.0,12.0,7.5,6.75,6.333333333333333,6.0
MA,2017-08-28/2017-09-03,9,6,6,1000000,50000,35,-1.0,-1.8369701987210297e-16,-0.8854560256532096,-0.4647231720437691,-0.25,0.19999999999999996,8.0,7.0,5.0,4.0,6.75,6.25,6.75,14.0
MA,2017-09-04/2017-09-10,9,14,14,1000000,50000,36,-1.0,-1.8369701987210297e-16,-0.9350162426854147,-0.3546048870425359,1.3333333333333335,1.0,6.0,8.0,7.0,7.0,7.0,6.5,6.916666666666667,10.0
MA,2017-09-11/2017-09-17,9,10,10,1000000,50000,37,-1.0,-1.8369701987210297e-16,-0.970941817426052,-0.23931566428755774,-0.2857142857142857,0.4285714285714286,14.0,6.0,7.0,1.0,8.75,7.375,7.916666666666667,7.0
MA,2017-09-18/2017-09-24,9,7,7,1000000,50000,38,-1.0,-1.8369701987210297e-16,-0.992708874098054,-0.12053668025532357,-0.30000000000000004,-0.125,10.0,14.0,8.0,11.0,9.5,8.5,7.666666666666667,4.0
MA,2017-09-25/2017-10-01,9,4,4,1000000,50000,39,-1.0,-1.8369701987210297e-16,-1.0,-1.8369701987210297e-16,-0.4285714285714286,-0.33333333333333337,7.0,10.0,6.0,5.0,9.25,8.0,7.25,2.0
MA,2017-09-25/2017-10-01,10,2,2,1000000,50000,39,-0.8660254037844386,0.5000000000000001,-1.0,-1.8369701987210297e-16,-0.5,-0.8571428571428572,4.0,7.0,14.0,7.0,8.75,7.875,7.25,13.0
MA,2017-10-02/2017-10-08,10,13,13,1000000,50000,40,-0.8660254037844386,0.5000000000000001,-0.992708874098054,0.1205366802553232,5.5,0.30000000000000004,2.0,4.0,10.0,7.0,5.75,7.25,6.833333333333333,12.0
MA,2017-10-09/2017-10-15,10,12,12,1000000,50000,41,-0.8660254037844386,0.5000000000000001,-0.9709418174260521,0.23931566428755738,-0.07692307692307687,0.7142857142857142,13.0,2.0,7.0,8.0,6.5,8.0,7.833333333333333,10.0
MA,2017-10-16/2017-10-22,10,10,10,1000000,50000,42,-0.8660254037844386,0.5000000000000001,-0.9350162426854148,0.35460488704253557,-0.16666666666666663,1.5,12.0,13.0,4.0,6.0,7.75,8.5,7.916666666666667,7.0
MA,2017-10-23/2017-10-29,10,7,7,1000000,50000,43,-0.8660254037844386,0.5000000000000001,-0.8854560256532101,0.464723172043768,-0.30000000000000004,2.5,10.0,12.0,2.0,14.0,9.25,9.0,8.333333333333334,4.0
MA,2017-10-30/2017-11-05,10,4,4,1000000,50000,44,-0.8660254037844386,0.5000000000000001,-0.822983865893657,0.5680647467311548,-0.4285714285714286,-0.6923076923076923,7.0,10.0,13.0,10.0,10.5,8.125,8.333333333333334,7.0
MA,2017-10-30/2017-11-05,11,7,7,1000000,50000,44,-0.5000000000000004,0.8660254037844384,-0.822983865893657,0.5680647467311548,0.75,-0.41666666666666663,4.0,7.0,12.0,7.0,8.25,7.375,8.083333333333334,8.0
MA,2017-11-06/2017-11-12,11,8,8,1000000,50000,45,-0.5000000000000004,0.8660254037844384,-0.7485107481711011,0.6631226582407952,0.1428571428571428,-0.19999999999999996,7.0,4.0,10.0,4.0,7.0,7.375,8.0,8.0
MA,2017-11-13/2017-11-19,11,8,8,1000000,50000,46,-0.5000000000000004,0.8660254037844384,-0.6631226582407955,0.7485107481711007,0.0,0.1428571428571428,8.0,7.0,7.0,2.0,6.5,7.875,8.166666666666666,21.0
MA,2017-11-20/2017-11-26,11,21,21,1000000,50000,47,-0.5000000000000004,0.8660254037844384,-0.5680647467311559,0.8229838658936564,1.625,4.25,8.0,8.0,4.0,13.0,6.75,8.625,7.666666666666667,9.0
MA,2017-11-27/2017-12-03,11,9,9,1000000,50000,48,-0.5000000000000004,0.8660254037844384,-0.4647231720437684,0.88545602565321,-0.5714285714285714,0.2857142857142858,21.0,8.0,7.0,12.0,11.0,9.625,8.583333333333334,2.0
MA,2017-11-27/2017-12-03,12,2,2,1000000,50000,48,-2.4492935982947064e-16,1.0,-0.4647231720437684,0.88545602565321,-0.7777777777777778,-0.75,9.0,21.0,8.0,10.0,11.5,9.25,8.75,10.0
MA,2017-12-04/2017-12-10,12,10,10,1000000,50000,49,-2.4492935982947064e-16,1.0,-0.35460488704253595,0.9350162426854147,4.0,0.25,2.0,9.0,8.0,7.0,10.0,8.25,8.583333333333334,11.0
MA,2017-12-11/2017-12-17,12,11,11,1000000,50000,50,-2.4492935982947064e-16,1.0,-0.2393156642875578,0.970941817426052,0.10000000000000009,-0.47619047619047616,10.0,2.0,21.0,4.0,10.5,8.625,9.25,9.0
MA,2017-12-18/2017-12-24,12,9,9,1000000,50000,51,-2.4492935982947064e-16,1.0,-0.12053668025532363,0.992708874098054,-0.18181818181818177,0.0,11.0,10.0,9.0,7.0,8.0,9.5,9.083333333333334,8.0
MA,2017-12-25/2017-12-31,12,8,8,1000000,50000,52,-2.4492935982947064e-16,1.0,6.432490598706546e-16,1.0,-0.11111111111111116,3.0,9.0,11.0,2.0,8.0,8.0,9.75,8.833333333333334,13.0
MA,2018-01-01/2018-01-07,1,13,13,1000000,50000,1,0.49999999999999994,0.8660254037844387,0.12053668025532305,0.992708874098054,0.625,0.30000000000000004,8.0,9.0,10.0,8.0,9.5,9.75,8.666666666666666,22.0
MA,2018-01-08/2018-01-14,1,22,22,1000000,50000,2,0.49999999999999994,0.8660254037844387,0.23931566428755774,0.970941817426052,0.6923076923076923,1.0,13.0,8.0,11.0,21.0,10.25,10.375,9.166666666666666,10.0
MA,2018-01-15/2018-01-21,1,10,10,1000000,50000,3,0.49999999999999994,0.8660254037844387,0.3546048870425356,0.9350162426854148,-0.5454545454545454,0.11111111111111116,22.0,13.0,9.0,9.0,13.0,10.5,10.666666666666666,10.0
MA,2018-01-22/2018-01-28,1,10,10,1000000,50000,4,0.49999999999999994,0.8660254037844387,0.4647231720437685,0.8854560256532099,0.0,0.25,10.0,22.0,8.0,2.0,13.25,10.625,10.916666666666666,4.0
MA,2018-01-29/2018-02-04,2,4,4,1000000,50000,5,0.8660254037844386,0.5000000000000001,0.5680647467311558,0.8229838658936564,-0.6,-0.6923076923076923,10.0,10.0,13.0,10.0,13.75,11.625,11.083333333333334,18.0
MA,2018-02-05/2018-02-11,2,18,18,1000000,50000,6,0.8660254037844386,0.5000000000000001,0.6631226582407952,0.7485107481711011,3.5,-0.18181818181818177,4.0,10.0,22.0,11.0,11.5,10.875,10.75,13.0
MA,2018-02-12/2018-02-18,2,13,13,1000000,50000,7,0.8660254037844386,0.5000000000000001,0.7485107481711011,0.6631226582407953,-0.2777777777777778,0.30000000000000004,18.0,4.0,10.0,9.0,10.5,11.75,10.5,13.0
MA,2018-02-19/2018-02-25,2,13,13,1000000,50000,8,0.8660254037844386,0.5000000000000001,0.8229838658936564,0.5680647467311559,0.0,0.30000000000000004,13.0,18.0,10.0,8.0,11.25,12.25,10.833333333333334,7.0
MA,2018-02-26/2018-03-04,2,7,7,1000000,50000,9,0.8660254037844386,0.5000000000000001,0.8854560256532099,0.4647231720437686,-0.46153846153846156,0.75,13.0,13.0,4.0,13.0,12.0,12.875,11.75,6.0
MA,2018-02-26/2018-03-04,3,6,6,1000000,50000,9,1.0,6.123233995736766e-17,0.8854560256532099,0.4647231720437686,-0.1428571428571429,-0.6666666666666667,7.0,13.0,18.0,22.0,12.75,12.125,11.5,12.0
MA,2018-03-05/2018-03-11,3,12,12,1000000,50000,10,1.0,6.123233995736766e-17,0.9350162426854148,0.35460488704253557,1.0,-0.07692307692307687,6.0,7.0,13.0,10.0,9.75,10.125,11.083333333333334,12.0
MA,2018-03-12/2018-03-18,3,12,12,1000000,50000,11,1.0,6.123233995736766e-17,0.970941817426052,0.23931566428755804,0.0,-0.07692307692307687,12.0,6.0,13.0,10.0,9.5,10.375,11.333333333333334,12.0
MA,2018-03-19/2018-03-25,3,12,12,1000000,50000,12,1.0,6.123233995736766e-17,0.992708874098054,0.120536680255323,0.0,0.7142857142857142,12.0,12.0,7.0,4.0,9.25,10.625,11.666666666666666,7.0
MA,2018-03-26/2018-04-01,3,7,7,1000000,50000,13,1.0,6.123233995736766e-17,1.0,-1.6081226496766364e-16,-0.41666666666666663,0.16666666666666674,12.0,12.0,6.0,18.0,10.5,11.625,11.583333333333334,2.0
MA,2018-03-26/2018-04-01,4,2,2,1000000,50000,13,0.8660254037844387,-0.4999999999999998,1.0,-1.6081226496766364e-16,-0.7142857142857143,-0.8333333333333334,7.0,12.0,12.0,13.0,10.75,10.25,10.333333333333334,6.0
MA,2018-04-02/2018-04-08,4,6,6,1000000,50000,14,0.8660254037844387,-0.4999999999999998,0.992708874098054,-0.12053668025532288,2.0,-0.5,2.0,7.0,12.0,13.0,8.25,8.875,9.666666666666666,10.0
MA,2018-04-09/2018-04-15,4,10,10,1000000,50000,15,0.8660254037844387,-0.4999999999999998,0.9709418174260521,-0.2393156642875575,0.6666666666666667,-0.16666666666666663,6.0,2.0,12.0,7.0,6.75,8.0,9.333333333333334,8.0
MA,2018-04-16/2018-04-22,4,8,8,1000000,50000,16,0.8660254037844387,-0.4999999999999998,0.9350162426854148,-0.35460488704253545,-0.19999999999999996,0.1428571428571428,10.0,6.0,7.0,6.0,6.25,8.375,9.833333333333334,18.0
MA,2018-04-23/2018-04-29,4,18,18,1000000,50000,17,0.8660254037844387,-0.4999999999999998,0.8854560256532099,-0.4647231720437685,1.25,8.0,8.0,10.0,2.0,12.0,6.5,8.625,9.0,2.0
MA,2018-04-30/2018-05-06,4,2,2,1000000,50000,18,0.8660254037844387,-0.4999999999999998,0.8229838658936565,-0.5680647467311557,-0.8888888888888888,-0.6666666666666667,18.0,8.0,6.0,12.0,10.5,9.375,9.416666666666666,5.0
MA,2018-04-30/2018-05-06,5,5,5,1000000,50000,18,0.49999999999999994,-0.8660254037844387,0.8229838658936565,-0.5680647467311557,1.5,-0.5,2.0,18.0,10.0,12.0,9.5,8.125,8.5,11.0
MA,2018-05-07/2018-05-13,5,11,11,1000000,50000,19,0.49999999999999994,-0.8660254037844387,0.7485107481711013,-0.663122658240795,1.2000000000000002,0.375,5.0,2.0,8.0,7.0,8.25,7.25,8.333333333333334,8.0
MA,2018-05-14/2018-05-20,5,8,8,1000000,50000,20,0.49999999999999994,-0.8660254037844387,0.6631226582407952,-0.7485107481711012,-0.2727272727272727,-0.5555555555555556,11.0,5.0,18.0,2.0,9.0,7.75,8.75,4.0
MA,2018-05-21/2018-05-27,5,4,4,1000000,50000,21,0.49999999999999994,-0.8660254037844387,0.5680647467311558,-0.8229838658936564,-0.5,1.0,8.0,11.0,2.0,6.0,6.5,8.5,8.416666666666666,4.0
MA,2018-05-28/2018-06-03,5,4,4,1000000,50000,22,0.49999999999999994,-0.8660254037844387,0.46472317204376906,-0.8854560256532096,0.0,-0.19999999999999996,4.0,8.0,5.0,10.0,7.0,8.25,7.75,2.0
MA,2018-05-28/2018-06-03,6,2,2,1000000,50000,22,1.2246467991473532e-16,-1.0,0.46472317204376906,-0.8854560256532096,-0.5,-0.8181818181818181,4.0,4.0,11.0,8.0,6.75,7.5,7.083333333333333,8.0
MA,2018-06-04/2018-06-10,6,8,8,1000000,50000,23,1.2246467991473532e-16,-1.0,0.35460488704253584,-0.9350162426854147,3.0,0.0,2.0,4.0,8.0,18.0,4.5,6.75,6.666666666666667,13.0
MA,2018-06-11/2018-06-17,6,13,13,1000000,50000,24,1.2246467991473532e-16,-1.0,0.23931566428755768,-0.970941817426052,0.625,2.25,8.0,2.0,4.0,2.0,4.5,5.5,7.166666666666667,13.0
MA,2018-06-18/2018-06-24,6,13,13,1000000,50000,25,1.2246467991473532e-16,-1.0,0.12053668025532308,-0.992708874098054,0.0,2.25,13.0,8.0,4.0,5.0,6.75,6.875,7.75,5.0
MA,2018-06-25/2018-07-01,6,5,5,1000000,50000,26,1.2246467991473532e-16,-1.0,-3.216245299353273e-16,-1.0,-0.6153846153846154,1.5,13.0,13.0,2.0,11.0,9.0,7.875,8.0,7.0
MA,2018-07-02/2018-07-08,7,7,7,1000000,50000,27,-0.4999999999999997,-0.8660254037844388,-0.12053668025532283,-0.992708874098054,0.3999999999999999,-0.125,5.0,13.0,8.0,8.0,9.75,7.125,7.75,9.0
MA,2018-07-09/2018-07-15,7,9,9,1000000,50000,28,-0.4999999999999997,-0.8660254037844388,-0.23931566428755743,-0.9709418174260521,0.2857142857142858,-0.3076923076923077,7.0,5.0,13.0,4.0,9.5,7.0,6.833333333333333,11.0
MA,2018-07-16/2018-07-22,7,11,11,1000000,50000,29,-0.4999999999999997,-0.8660254037844388,-0.3546048870425356,-0.9350162426854148,0.22222222222222232,-0.15384615384615385,9.0,7.0,13.0,4.0,8.5,7.625,7.416666666666667,10.0
MA,2018-07-23/2018-07-29,7,10,10,1000000,50000,30,-0.4999999999999997,-0.8660254037844388,-0.46472317204376806,-0.8854560256532101,-0.09090909090909094,1.0,11.0,9.0,5.0,2.0,8.0,8.5,7.916666666666667,2.0
MA,2018-07-30/2018-08-05,7,2,2,1000000,50000,31,-0.4999999999999997,-0.8660254037844388,-0.5680647467311556,-0.8229838658936565,-0.8,-0.7142857142857143,10.0,11.0,7.0,8.0,9.25,9.5,7.833333333333333,12.0
MA,2018-07-30/2018-08-05,8,12,12,1000000,50000,31,-0.8660254037844384,-0.5000000000000004,-0.5680647467311556,-0.8229838658936565,5.0,0.33333333333333326,2.0,10.0,9.0,13.0,8.0,8.75,7.333333333333333,8.0
MA,2018-08-06/2018-08-12,8,8,8,1000000,50000,32,-0.8660254037844384,-0.5000000000000004,-0.663122658240795,-0.7485107481711013,-0.33333333333333337,-0.2727272727272727,12.0,2.0,11.0,13.0,8.75,8.625,8.0,6.0
MA,2018-08-13/2018-08-19,8,6,6,1000000,50000,33,-0.8660254037844384,-0.5000000000000004,-0.7485107481711011,-0.6631226582407952,-0.25,-0.4,8.0,12.0,10.0,5.0,8.0,8.0,8.333333333333334,3.0
MG,2016-10-03/2016-10-09,10,31,31,1000000,50000,40,-0.8660254037844386,0.5000000000000001,-0.992708874098054,0.1205366802553232,0.0,0.0,,,,,,,,4.0
MG,2016-10-10/2016-10-16,10,4,4,1000000,50000,41,-0.8660254037844386,0.5000000000000001,-0.9709418174260521,0.23931566428755738,-0.8709677419354839,0.0,31.0,,,,,,,3.0
MG,2017-01-02/2017-01-08,1,3,3,1000000,50000,1,0.49999999999999994,0.8660254037844387,0.12053668025532305,0.992708874098054,-0.25,0.0,4.0,31.0,,,17.5,17.5,17.5,18.0
MG,2017-01-09/2017-01-15,1,18,18,1000000,50000,2,0.49999999999999994,0.8660254037844387,0.23931566428755774,0.970941817426052,5.0,0.0,3.0,4.0,,,12.666666666666666,12.666666666666666,12.666666666666666,27.0
MG,2017-01-16/2017-01-22,1,27,27,1000000,50000,3,0.49999999999999994,0.8660254037844387,0.3546048870425356,0.9350162426854148,0.5,-0.12903225806451613,18.0,3.0,31.0,,14.0,14.0,14.0,40.0
MG,2017-01-23/2017-01-29,1,40,40,1000000,50000,4,0.49999999999999994,0.8660254037844387,0.4647231720437685,0.8854560256532099,0.4814814814814814,9.0,27.0,18.0,4.0,,13.0,16.6,16.6,14.0
MG,2017-01-30/2017-02-05,1,14,14,1000000,50000,5,0.49999999999999994,0.8660254037844387,0.5680647467311558,0.8229838658936564,-0.65,3.666666666666667,40.0,27.0,3.0,,22.0,20.5,20.5,41.0
MG,2017-01-30/2017-02-05,2,41,41,1000000,50000,5,0.8660254037844386,0.5000000000000001,0.5680647467311558,0.8229838658936564,1.9285714285714284,1.2777777777777777,14.0,40.0,18.0,,24.75,19.571428571428573,19.571428571428573,82.0
MG,2017-02-06/2017-02-12,2,82,82,1000000,50000,6,0.8660254037844386,0.5000000000000001,0.6631226582407952,0.7485107481711011,1.0,2.037037037037037,41.0,14.0,27.0,31.0,30.5,22.25,22.25,61.0
MG,2017-02-13/2017-02-19,2,61,61,1000000,50000,7,0.8660254037844386,0.5000000000000001,0.7485107481711011,0.6631226582407953,-0.25609756097560976,0.5249999999999999,82.0,41.0,40.0,4.0,44.25,28.625,28.88888888888889,43.0
MG,2017-02-20/2017-02-26,2,43,43,1000000,50000,8,0.8660254037844386,0.5000000000000001,0.8229838658936564,0.5680647467311559,-0.29508196721311475,2.0714285714285716,61.0,82.0,14.0,3.0,49.5,35.75,32.1,14.0
MG,2017-02-27/2017-03-05,2,14,14,1000000,50000,9,0.8660254037844386,0.5000000000000001,0.8854560256532099,0.4647231720437686,-0.6744186046511628,-0.6585365853658536,43.0,61.0,41.0,18.0,56.75,40.75,33.09090909090909,46.0
MG,2017-02-27/2017-03-05,3,46,46,1000000,50000,9,1.0,6.123233995736766e-17,0.8854560256532099,0.4647231720437686,2.2857142857142856,-0.4390243902439024,14.0,43.0,82.0,27.0,50.0,40.25,31.5,85.0
MG,2017-03-06/2017-03-12,3,85,85,1000000,50000,10,1.0,6.123233995736766e-17,0.9350162426854148,0.35460488704253557,0.8478260869565217,0.39344262295081966,46.0,14.0,61.0,40.0,41.0,42.625,32.75,71.0
MG,2017-03-13/2017-03-19,3,71,71,1000000,50000,11,1.0,6.123233995736766e-17,0.970941817426052,0.23931566428755804,-0.16470588235294115,0.6511627906976745,85.0,46.0,43.0,14.0,47.0,48.25,39.5,82.0
MG,2017-03-20/2017-03-26,3,82,82,1000000,50000,12,1.0,6.123233995736766e-17,0.992708874098054,0.120536680255323,0.15492957746478875,4.857142857142857,71.0,85.0,14.0,41.0,54.0,55.375,45.166666666666664,59.0
MG,2017-03-27/2017-04-02,3,59,59,1000000,50000,13,1.0,6.123233995736766e-17,1.0,-1.6081226496766364e-16,-0.2804878048780488,0.28260869565217384,82.0,71.0,46.0,82.0,71.0,60.5,50.5,20.0
MG,2017-03-27/2017-04-02,4,20,20,1000000,50000,13,0.8660254037844387,-0.4999999999999998,1.0,-1.6081226496766364e-16,-0.6610169491525424,-0.7647058823529411,59.0,82.0,85.0,61.0,74.25,57.625,53.166666666666664,67.0
MG,2017-04-03/2017-04-09,4,67,67,1000000,50000,14,0.8660254037844387,-0.4999999999999998,0.992708874098054,-0.12053668025532288,2.35,-0.05633802816901412,20.0,59.0,71.0,43.0,58.0,52.5,51.5,44.0
MG,2017-04-10/2017-04-16,4,44,44,1000000,50000,15,0.8660254037844387,-0.4999999999999998,0.9709418174260521,-0.2393156642875575,-0.34328358208955223,-0.46341463414634143,67.0,20.0,82.0,14.0,57.0,55.5,55.916666666666664,60.0
MG,2017-04-17/2017-04-23,4,60,60,1000000,50000,16,0.8660254037844387,-0.4999999999999998,0.9350162426854148,-0.35460488704253545,0.36363636363636354,0.016949152542372836,44.0,67.0,59.0,46.0,47.5,59.25,56.166666666666664,75.0
MG,2017-04-24/2017-04-30,4,75,75,1000000,50000,17,0.8660254037844387,-0.4999999999999998,0.8854560256532099,-0.4647231720437685,0.25,2.75,60.0,44.0,20.0,85.0,47.75,61.0,54.333333333333336,104.0
MG,2017-05-01/2017-05-07,5,104,104,1000000,50000,18,0.49999999999999994,-0.8660254037844387,0.8229838658936565,-0.5680647467311557,0.3866666666666667,0.5522388059701493,75.0,60.0,67.0,71.0,61.5,59.75,55.5,74.0
MG,2017-05-08/2017-05-14,5,74,74,1000000,50000,19,0.49999999999999994,-0.8660254037844387,0.7485107481711013,-0.663122658240795,-0.28846153846153844,0.6818181818181819,104.0,75.0,44.0,82.0,70.75,63.875,60.583333333333336,119.0
MG,2017-05-15/2017-05-21,5,119,119,1000000,50000,20,0.49999999999999994,-0.8660254037844387,0.6631226582407952,-0.7485107481711012,0.6081081081081081,0.9833333333333334,74.0,104.0,60.0,59.0,78.25,62.875,65.58333333333333,66.0
MG,2017-05-22/2017-05-28,5,66,66,1000000,50000,21,0.49999999999999994,-0.8660254037844387,0.5680647467311558,-0.8229838658936564,-0.4453781512605042,-0.12,119.0,74.0,75.0,20.0,93.0,70.375,71.66666666666667,49.0
MG,2017-05-29/2017-06-04,5,49,49,1000000,50000,22,0.49999999999999994,-0.8660254037844387,0.46472317204376906,-0.8854560256532096,-0.25757575757575757,-0.5288461538461539,66.0,119.0,104.0,67.0,90.75,76.125,70.08333333333333,50.0
MG,2017-05-29/2017-06-04,6,50,50,1000000,50000,22,1.2246467991473532e-16,-1.0,0.46472317204376906,-0.8854560256532096,0.020408163265306145,-0.32432432432432434,49.0,66.0,74.0,44.0,77.0,73.875,68.25,85.0
MG,2017-06-05/2017-06-11,6,85,85,1000000,50000,23,1.2246467991473532e-16,-1.0,0.35460488704253584,-0.9350162426854147,0.7,-0.2857142857142857,50.0,49.0,119.0,60.0,71.0,74.625,65.58333333333333,86.0
MG,2017-06-12/2017-06-18,6,86,86,1000000,50000,24,1.2246467991473532e-16,-1.0,0.23931566428755768,-0.970941817426052,0.0117647058823529,0.303030303030303,85.0,50.0,66.0,75.0,62.5,77.75,67.75,75.0
MG,2017-06-19/2017-06-25,6,75,75,1000000,50000,25,1.2246467991473532e-16,-1.0,0.12053668025532308,-0.992708874098054,-0.12790697674418605,0.5306122448979591,86.0,85.0,49.0,104.0,67.5,79.125,73.25,60.0
MG,2017-06-26/2017-07-02,6,60,60,1000000,50000,26,1.2246467991473532e-16,-1.0,-3.216245299353273e-16,-1.0,-0.19999999999999996,0.19999999999999996,75.0,86.0,50.0,74.0,74.0,75.5,73.91666666666667,25.0
MG,2017-06-26/2017-07-02,7,25,25,1000000,50000,26,-0.4999999999999997,-0.8660254037844388,-3.216245299353273e-16,-1.0,-0.5833333333333333,-0.7058823529411764,60.0,75.0,85.0,119.0,76.5,73.75,75.25,80.0
MG,2017-07-03/2017-07-09,7,80,80,1000000,50000,27,-0.4999999999999997,-0.8660254037844388,-0.12053668025532283,-0.992708874098054,2.2,-0.06976744186046513,25.0,60.0,86.0,66.0,61.5,62.0,72.33333333333333,100.0
MG,2017-07-10/2017-07-16,7,100,100,1000000,50000,28,-0.4999999999999997,-0.8660254037844388,-0.23931566428755743,-0.9709418174260521,0.25,0.33333333333333326,80.0,25.0,75.0,49.0,60.0,63.75,72.75,108.0
MG,2017-07-17/2017-07-23,7,108,108,1000000,50000,29,-0.4999999999999997,-0.8660254037844388,-0.3546048870425356,-0.9350162426854148,0.08000000000000007,0.8,100.0,80.0,60.0,50.0,66.25,70.125,72.41666666666667,99.0
MG,2017-07-24/2017-07-30,7,99,99,1000000,50000,30,-0.4999999999999997,-0.8660254037844388,-0.46472317204376806,-0.8854560256532101,-0.08333333333333337,2.96,108.0,100.0,25.0,85.0,78.25,77.375,75.25,23.0
MG,2017-07-31/2017-08-06,7,23,23,1000000,50000,31,-0.4999999999999997,-0.8660254037844388,-0.5680647467311556,-0.8229838658936565,-0.7676767676767677,-0.7125,99.0,108.0,80.0,86.0,96.75,79.125,73.58333333333333,75.0
MG,2017-07-31/2017-08-06,8,75,75,1000000,50000,31,-0.8660254037844384,-0.5000000000000004,-0.5680647467311556,-0.8229838658936565,2.260869565217391,-0.25,23.0,99.0,100.0,75.0,82.5,71.25,70.0,116.0
MG,2017-08-07/2017-08-13,8,116,116,1000000,50000,32,-0.8660254037844384,-0.5000000000000004,-0.663122658240795,-0.7485107481711013,0.5466666666666666,0.07407407407407418,75.0,23.0,108.0,60.0,76.25,71.25,72.16666666666667,109.0
MG,2017-08-14/2017-08-20,8,109,109,1000000,50000,33,-0.8660254037844384,-0.5000000000000004,-0.7485107481711011,-0.6631226582407952,-0.06034482758620685,0.101010101010101,116.0,75.0,99.0,25.0,78.25,78.25,77.66666666666667,92.0
MG,2017-08-21/2017-08-27,8,92,92,1000000,50000,34,-0.8660254037844384,-0.5000000000000004,-0.8229838658936564,-0.5680647467311559,-0.15596330275229353,3.0,109.0,116.0,23.0,80.0,80.75,88.75,79.66666666666667,67.0
MG,2017-08-28/2017-09-03,8,67,67,1000000,50000,35,-0.8660254037844384,-0.5000000000000004,-0.8854560256532096,-0.4647231720437691,-0.2717391304347826,-0.10666666666666669,92.0,109.0,75.0,100.0,98.0,90.25,80.16666666666667,45.0
MG,2017-08-28/2017-09-03,9,45,45,1000000,50000,35,-1.0,-1.8369701987210297e-16,-0.8854560256532096,-0.4647231720437691,-0.32835820895522383,-0.6120689655172413,67.0,92.0,116.0,108.0,96.0,86.125,79.5,100.0
MG,2017-09-04/2017-09-10,9,100,100,1000000,50000,36,-1.0,-1.8369701987210297e-16,-0.9350162426854147,-0.3546048870425359,1.2222222222222223,-0.08256880733944949,45.0,67.0,109.0,99.0,78.25,78.25,78.25,152.0
MG,2017-09-11/2017-09-17,9,152,152,1000000,50000,37,-1.0,-1.8369701987210297e-16,-0.970941817426052,-0.23931566428755774,0.52,0.6521739130434783,100.0,45.0,92.0,23.0,76.0,78.375,84.5,102.0
MG,2017-09-18/2017-09-24,9,102,102,1000000,50000,38,-1.0,-1.8369701987210297e-16,-0.992708874098054,-0.12053668025532357,-0.32894736842105265,0.5223880597014925,152.0,100.0,67.0,75.0,91.0,94.5,90.5,94.0
MG,2017-09-25/2017-10-01,9,94,94,1000000,50000,39,-1.0,-1.8369701987210297e-16,-1.0,-1.8369701987210297e-16,-0.07843137254901966,1.088888888888889,102.0,152.0,45.0,116.0,99.75,97.875,90.66666666666667,16.0
MG,2017-09-25/2017-10-01,10,16,16,1000000,50000,39,-0.8660254037844386,0.5000000000000001,-1.0,-1.8369701987210297e-16,-0.8297872340425532,-0.84,94.0,102.0,100.0,109.0,112.0,95.125,89.5,121.0
MG,2017-10-02/2017-10-08,10,121,121,1000000,50000,40,-0.8660254037844386,0.5000000000000001,-0.992708874098054,0.1205366802553232,6.5625,-0.20394736842105265,16.0,94.0,152.0,92.0,91.0,83.5,82.58333333333333,130.0
MG,2017-10-09/2017-10-15,10,130,130,1000000,50000,41,-0.8660254037844386,0.5000000000000001,-0.9709418174260521,0.23931566428755738,0.07438016528925617,0.27450980392156854,121.0,16.0,102.0,67.0,83.25,87.125,90.75,124.0
MG,2017-10-16/2017-10-22,10,124,124,1000000,50000,42,-0.8660254037844386,0.5000000000000001,-0.9350162426854148,0.35460488704253557,-0.0461538461538461,0.31914893617021267,130.0,121.0,94.0,45.0,90.25,95.0,95.33333333333333,123.0
MG,2017-10-23/2017-10-29,10,123,123,1000000,50000,43,-0.8660254037844386,0.5000000000000001,-0.8854560256532101,0.464723172043768,-0.008064516129032251,6.6875,124.0,130.0,16.0,100.0,97.75,104.875,96.0,28.0
MG,2017-10-30/2017-11-05,10,28,28,1000000,50000,44,-0.8660254037844386,0.5000000000000001,-0.822983865893657,0.5680647467311548,-0.7723577235772358,-0.768595041322314,123.0,124.0,121.0,152.0,124.5,107.75,97.16666666666667,63.0
MG,2017-10-30/2017-11-05,11,63,63,1000000,50000,44,-0.5000000000000004,0.8660254037844384,-0.822983865893657,0.5680647467311548,1.25,-0.5153846153846153,28.0,123.0,130.0,102.0,101.25,92.25,91.83333333333333,136.0
MG,2017-11-06/2017-11-12,11,136,136,1000000,50000,45,-0.5000000000000004,0.8660254037844384,-0.7485107481711011,0.6631226582407952,1.1587301587301586,0.09677419354838701,63.0,28.0,124.0,94.0,84.5,87.375,91.5,137.0
MG,2017-11-13/2017-11-19,11,137,137,1000000,50000,46,-0.5000000000000004,0.8660254037844384,-0.6631226582407955,0.7485107481711007,0.007352941176470562,0.11382113821138207,136.0,63.0,123.0,16.0,87.5,92.625,99.08333333333333,400.0
MG,2017-11-20/2017-11-26,11,400,400,1000000,50000,47,-0.5000000000000004,0.8660254037844384,-0.5680647467311559,0.8229838658936564,1.9197080291970803,13.285714285714286,137.0,136.0,28.0,121.0,91.0,107.75,102.16666666666667,186.0
MG,2017-11-27/2017-12-03,11,186,186,1000000,50000,48,-0.5000000000000004,0.8660254037844384,-0.4647231720437684,0.88545602565321,-0.5349999999999999,1.9523809523809526,400.0,137.0,63.0,130.0,184.0,142.625,122.83333333333333,98.0
MG,2017-11-27/2017-12-03,12,98,98,1000000,50000,48,-2.4492935982947064e-16,1.0,-0.4647231720437684,0.88545602565321,-0.4731182795698925,-0.27941176470588236,186.0,400.0,136.0,124.0,214.75,149.625,129.83333333333334,208.0
MG,2017-12-04/2017-12-10,12,208,208,1000000,50000,49,-2.4492935982947064e-16,1.0,-0.35460488704253595,0.9350162426854147,1.1224489795918369,0.5182481751824817,98.0,186.0,137.0,123.0,205.25,146.375,130.16666666666666,156.0
MG,2017-12-11/2017-12-17,12,156,156,1000000,50000,50,-2.4492935982947064e-16,1.0,-0.2393156642875578,0.970941817426052,-0.25,-0.61,208.0,98.0,400.0,28.0,223.0,157.0,146.16666666666666,102.0
MG,2017-12-18/2017-12-24,12,102,102,1000000,50000,51,-2.4492935982947064e-16,1.0,-0.12053668025532363,0.992708874098054,-0.34615384615384615,-0.4516129032258065,156.0,208.0,186.0,63.0,162.0,173.0,149.08333333333334,105.0
MG,2017-12-25/2017-12-31,12,105,105,1000000,50000,52,-2.4492935982947064e-16,1.0,6.432490598706546e-16,1.0,0.02941176470588225,0.0714285714285714,102.0,156.0,98.0,136.0,141.0,177.875,146.75,141.0
MG,2018-01-01/2018-01-07,1,141,141,1000000,50000,1,0.49999999999999994,0.8660254037844387,0.12053668025532305,0.992708874098054,0.34285714285714275,-0.3221153846153846,105.0,102.0,208.0,137.0,142.75,174.0,145.16666666666666,218.0
MG,2018-01-08/2018-01-14,1,218,218,1000000,50000,2,0.49999999999999994,0.8660254037844387,0.23931566428755774,0.970941817426052,0.5460992907801419,0.39743589743589736,141.0,105.0,156.0,400.0,126.0,174.5,146.66666666666666,205.0
MG,2018-01-15/2018-01-21,1,205,205,1000000,50000,3,0.49999999999999994,0.8660254037844387,0.3546048870425356,0.9350162426854148,-0.059633027522935755,1.0098039215686274,218.0,141.0,102.0,186.0,141.5,151.75,162.5,199.0
MG,2018-01-22/2018-01-28,1,199,199,1000000,50000,4,0.49999999999999994,0.8660254037844387,0.4647231720437685,0.8854560256532099,-0.029268292682926855,0.8952380952380952,205.0,218.0,105.0,98.0,167.25,154.125,174.33333333333334,83.0
MG,2018-01-29/2018-02-04,1,83,83,1000000,50000,5,0.49999999999999994,0.8660254037844387,0.5680647467311558,0.8229838658936564,-0.5829145728643217,-0.4113475177304965,199.0,205.0,141.0,208.0,190.75,166.75,179.58333333333334,110.0
MG,2018-01-29/2018-02-04,2,110,110,1000000,50000,5,0.8660254037844386,0.5000000000000001,0.5680647467311558,0.8229838658936564,0.32530120481927716,-0.4954128440366973,83.0,199.0,218.0,156.0,176.25,151.125,175.08333333333334,210.0
MG,2018-02-05/2018-02-11,2,210,210,1000000,50000,6,0.8660254037844386,0.5000000000000001,0.6631226582407952,0.7485107481711011,0.9090909090909092,0.024390243902439046,110.0,83.0,205.0,102.0,149.25,145.375,150.91666666666666,168.0
MG,2018-02-12/2018-02-18,2,168,168,1000000,50000,7,0.8660254037844386,0.5000000000000001,0.7485107481711011,0.6631226582407953,-0.19999999999999996,-0.15577889447236182,210.0,110.0,199.0,105.0,150.5,158.875,152.91666666666666,204.0
MG,2018-02-19/2018-02-25,2,204,204,1000000,50000,8,0.8660254037844386,0.5000000000000001,0.8229838658936564,0.5680647467311559,0.2142857142857142,1.4578313253012047,168.0,210.0,83.0,141.0,142.75,166.75,158.75,98.0
MG,2018-02-26/2018-03-04,2,98,98,1000000,50000,9,0.8660254037844386,0.5000000000000001,0.8854560256532099,0.4647231720437686,-0.5196078431372548,-0.10909090909090913,204.0,168.0,110.0,218.0,173.0,174.625,158.41666666666666,119.0
MG,2018-02-26/2018-03-04,3,119,119,1000000,50000,9,1.0,6.123233995736766e-17,0.8854560256532099,0.4647231720437686,0.2142857142857142,-0.43333333333333335,98.0,204.0,210.0,205.0,170.0,159.625,153.58333333333334,219.0
MG,2018-03-05/2018-03-11,3,219,219,1000000,50000,10,1.0,6.123233995736766e-17,0.9350162426854148,0.35460488704253557,0.8403361344537814,0.3035714285714286,119.0,98.0,168.0,199.0,147.25,148.875,155.0,184.0
MG,2018-03-12/2018-03-18,3,184,184,1000000,50000,11,1.0,6.123233995736766e-17,0.970941817426052,0.23931566428755804,-0.15981735159817356,-0.0980392156862745,219.0,119.0,204.0,83.0,160.0,151.375,164.5,199.0
MG,2018-03-19/2018-03-25,3,199,199,1000000,50000,12,1.0,6.123233995736766e-17,0.992708874098054,0.120536680255323,0.08152173913043481,1.0306122448979593,184.0,219.0,98.0,110.0,155.0,164.0,168.08333333333334,135.0
MG,2018-03-26/2018-04-01,3,135,135,1000000,50000,13,1.0,6.123233995736766e-17,1.0,-1.6081226496766364e-16,-0.321608040201005,0.134453781512605,199.0,184.0,119.0,210.0,180.25,175.125,166.5,21.0
MG,2018-03-26/2018-04-01,4,21,21,1000000,50000,13,0.8660254037844387,-0.4999999999999998,1.0,-1.6081226496766364e-16,-0.8444444444444444,-0.904109589041096,135.0,199.0,219.0,168.0,184.25,165.75,160.66666666666666,157.0
MG,2018-04-02/2018-04-08,4,157,157,1000000,50000,14,0.8660254037844387,-0.4999999999999998,0.992708874098054,-0.12053668025532288,6.476190476190476,-0.1467391304347826,21.0,135.0,184.0,204.0,134.75,147.375,145.83333333333334,190.0
MG,2018-04-09/2018-04-15,4,190,190,1000000,50000,15,0.8660254037844387,-0.4999999999999998,0.9709418174260521,-0.2393156642875575,0.21019108280254772,-0.045226130653266305,157.0,21.0,199.0,98.0,128.0,141.5,152.0,196.0
MG,2018-04-16/2018-04-22,4,196,196,1000000,50000,16,0.8660254037844387,-0.4999999999999998,0.9350162426854148,-0.35460488704253545,0.03157894736842115,0.45185185185185195,190.0,157.0,135.0,119.0,125.75,153.0,158.66666666666666,184.0
MG,2018-04-23/2018-04-29,4,184,184,1000000,50000,17,0.8660254037844387,-0.4999999999999998,0.8854560256532099,-0.4647231720437685,-0.061224489795918324,7.761904761904763,196.0,190.0,21.0,219.0,141.0,162.625,157.5,30.0
MG,2018-04-30/2018-05-06,4,30,30,1000000,50000,18,0.8660254037844387,-0.4999999999999998,0.8229838658936565,-0.5680647467311557,-0.8369565217391304,-0.8089171974522293,184.0,196.0,157.0,184.0,181.75,158.25,158.83333333333334,157.0
MG,2018-04-30/2018-05-06,5,157,157,1000000,50000,18,0.49999999999999994,-0.8660254037844387,0.8229838658936565,-0.5680647467311557,4.233333333333333,-0.17368421052631577,30.0,184.0,190.0,199.0,150.0,139.0,144.33333333333334,237.0
MG,2018-05-07/2018-05-13,5,237,237,1000000,50000,19,0.49999999999999994,-0.8660254037844387,0.7485107481711013,-0.663122658240795,0.5095541401273886,0.2091836734693877,157.0,30.0,196.0,135.0,141.75,133.75,149.25,204.0
MG,2018-05-14/2018-05-20,5,204,204,1000000,50000,20,0.49999999999999994,-0.8660254037844387,0.6631226582407952,-0.7485107481711012,-0.1392405063291139,0.10869565217391308,237.0,157.0,184.0,21.0,152.0,146.5,159.08333333333334,89.0
MG,2018-05-21/2018-05-27,5,89,89,1000000,50000,21,0.49999999999999994,-0.8660254037844387,0.5680647467311558,-0.8229838658936564,-0.5637254901960784,1.9666666666666668,204.0,237.0,30.0,157.0,157.0,169.375,157.83333333333334,64.0
MG,2018-05-28/2018-06-03,5,64,64,1000000,50000,22,0.49999999999999994,-0.8660254037844387,0.46472317204376906,-0.8854560256532096,-0.2808988764044944,-0.5923566878980892,89.0,204.0,157.0,190.0,171.75,160.875,149.91666666666666,51.0
MG,2018-05-28/2018-06-03,6,51,51,1000000,50000,22,1.2246467991473532e-16,-1.0,0.46472317204376906,-0.8854560256532096,-0.203125,-0.7848101265822784,64.0,89.0,237.0,196.0,148.5,145.125,138.66666666666666,156.0
MG,2018-06-04/2018-06-10,6,156,156,1000000,50000,23,1.2246467991473532e-16,-1.0,0.35460488704253584,-0.9350162426854147,2.0588235294117645,-0.23529411764705888,51.0,64.0,204.0,184.0,102.0,127.0,131.66666666666666,191.0
MG,2018-06-11/2018-06-17,6,191,191,1000000,50000,24,1.2246467991473532e-16,-1.0,0.23931566428755768,-0.970941817426052,0.22435897435897445,1.1460674157303372,156.0,51.0,89.0,30.0,90.0,123.5,142.91666666666666,167.0
MG,2018-06-18/2018-06-24,6,167,167,1000000,50000,25,1.2246467991473532e-16,-1.0,0.12053668025532308,-0.992708874098054,-0.12565445026178013,1.609375,191.0,156.0,64.0,157.0,115.5,143.625,145.75,149.0
MG,2018-06-25/2018-07-01,6,149,149,1000000,50000,26,1.2246467991473532e-16,-1.0,-3.216245299353273e-16,-1.0,-0.10778443113772451,1.9215686274509802,167.0,191.0,51.0,237.0,141.25,144.875,143.83333333333334,16.0
MG,2018-06-25/2018-07-01,7,16,16,1000000,50000,26,-0.4999999999999997,-0.8660254037844388,-3.216245299353273e-16,-1.0,-0.8926174496644296,-0.8974358974358975,149.0,167.0,156.0,204.0,165.75,133.875,139.91666666666666,123.0
MG,2018-07-02/2018-07-08,7,123,123,1000000,50000,27,-0.4999999999999997,-0.8660254037844388,-0.12053668025532283,-0.992708874098054,6.6875,-0.356020942408377,16.0,149.0,191.0,89.0,130.75,110.375,125.91666666666667,83.0
MG,2018-07-09/2018-07-15,7,83,83,1000000,50000,28,-0.4999999999999997,-0.8660254037844388,-0.23931566428755743,-0.9709418174260521,-0.3252032520325203,-0.5029940119760479,123.0,16.0,167.0,64.0,113.75,114.625,133.66666666666666,205.0
MG,2018-07-16/2018-07-22,7,205,205,1000000,50000,29,-0.4999999999999997,-0.8660254037844388,-0.3546048870425356,-0.9350162426854148,1.4698795180722892,0.37583892617449655,83.0,123.0,149.0,51.0,92.75,117.0,127.5,159.0
MG,2018-07-23/2018-07-29,7,159,159,1000000,50000,30,-0.4999999999999997,-0.8660254037844388,-0.46472317204376806,-0.8854560256532101,-0.224390243902439,8.9375,205.0,83.0,16.0,156.0,106.75,136.25,124.83333333333333,58.0
MG,2018-07-30/2018-08-05,7,58,58,1000000,50000,31,-0.4999999999999997,-0.8660254037844388,-0.5680647467311556,-0.8229838658936565,-0.6352201257861636,-0.5284552845528455,159.0,205.0,123.0,191.0,142.5,136.625,121.08333333333333,176.0
MG,2018-07-30/2018-08-05,8,176,176,1000000,50000,31,-0.8660254037844384,-0.5000000000000004,-0.5680647467311556,-0.8229838658936565,2.0344827586206895,1.1204819277108435,58.0,159.0,83.0,167.0,126.25,120.0,118.5,210.0
MG,2018-08-06/2018-08-12,8,210,210,1000000,50000,32,-0.8660254037844384,-0.5000000000000004,-0.663122658240795,-0.7485107481711013,0.19318181818181812,0.024390243902439046,176.0,58.0,205.0,149.0,149.5,121.125,127.83333333333333,184.0
MG,2018-08-13/2018-08-19,8,184,184,1000000,50000,33,-0.8660254037844384,-0.5000000000000004,-0.7485107481711011,-0.6631226582407952,-0.12380952380952381,0.1572327044025157,210.0,176.0,159.0,16.0,150.75,128.75,141.08333333333334,127.0
MG,2018-08-20/2018-08-26,8,127,127,1000000,50000,34,-0.8660254037844384,-0.5000000000000004,-0.8229838658936564,-0.5680647467311559,-0.3097826086956522,1.1896551724137931,184.0,210.0,58.0,123.0,157.0,149.75,143.41666666666666,3.0
MS,2017-01-16/2017-01-22,1,1,1,1000000,50000,3,0.49999999999999994,0.8660254037844387,0.3546048870425356,0.9350162426854148,0.0,0.0,,,,,,,,1.0
MS,2017-01-30/2017-02-05,2,1,1,1000000,50000,5,0.8660254037844386,0.5000000000000001,0.5680647467311558,0.8229838658936564,0.0,0.0,1.0,,,,,,,6.0
MS,2017-02-06/2017-02-12,2,6,6,1000000,50000,6,0.8660254037844386,0.5000000000000001,0.6631226582407952,0.7485107481711011,5.0,0.0,1.0,1.0,,,1.0,1.0,1.0,2.0
MS,2017-02-13/2017-02-19,2,2,2,1000000,50000,7,0.8660254037844386,0.5000000000000001,0.7485107481711011,0.6631226582407953,-0.6666666666666667,0.0,6.0,1.0,,,2.6666666666666665,2.6666666666666665,2.6666666666666665,2.0
MS,2017-02-20/2017-02-26,2,2,2,1000000,50000,8,0.8660254037844386,0.5000000000000001,0.8229838658936564,0.5680647467311559,0.0,1.0,2.0,6.0,1.0,,2.5,2.5,2.5,4.0
MS,2017-02-27/2017-03-05,3,4,4,1000000,50000,9,1.0,6.123233995736766e-17,0.8854560256532099,0.4647231720437686,1.0,3.0,2.0,2.0,1.0,,2.75,2.4,2.4,6.0
MS,2017-03-06/2017-03-12,3,6,6,1000000,50000,10,1.0,6.123233995736766e-17,0.9350162426854148,0.35460488704253557,0.5,0.0,4.0,2.0,6.0,,3.5,2.6666666666666665,2.6666666666666665,4.0
MS,2017-03-13/2017-03-19,3,4,4,1000000,50000,11,1.0,6.123233995736766e-17,0.970941817426052,0.23931566428755804,-0.33333333333333337,1.0,6.0,4.0,2.0,,3.5,3.142857142857143,3.142857142857143,4.0
MS,2017-03-20/2017-03-26,3,4,4,1000000,50000,12,1.0,6.123233995736766e-17,0.992708874098054,0.120536680255323,0.0,1.0,4.0,6.0,2.0,1.0,4.0,3.25,3.25,1.0
MS,2017-03-27/2017-04-02,3,1,1,1000000,50000,13,1.0,6.123233995736766e-17,1.0,-1.6081226496766364e-16,-0.75,-0.75,4.0,4.0,4.0,1.0,4.5,3.625,3.3333333333333335,1.0
MS,2017-03-27/2017-04-02,4,1,1,1000000,50000,13,0.8660254037844387,-0.4999999999999998,1.0,-1.6081226496766364e-16,0.0,-0.8333333333333334,1.0,4.0,6.0,6.0,3.75,3.625,3.1,1.0
MS,2017-04-10/2017-04-16,4,1,1,1000000,50000,15,0.8660254037844387,-0.4999999999999998,0.9709418174260521,-0.2393156642875575,0.0,-0.75,1.0,1.0,4.0,2.0,2.5,3.0,2.909090909090909,5.0
MS,2017-04-17/2017-04-23,4,5,5,1000000,50000,16,0.8660254037844387,-0.4999999999999998,0.9350162426854148,-0.35460488704253545,4.0,0.25,1.0,1.0,4.0,2.0,1.75,2.875,2.75,8.0
MS,2017-04-24/2017-04-30,4,8,8,1000000,50000,17,0.8660254037844387,-0.4999999999999998,0.8854560256532099,-0.4647231720437685,0.6000000000000001,7.0,5.0,1.0,1.0,4.0,2.0,3.25,3.0833333333333335,8.0
MS,2017-05-01/2017-05-07,5,8,8,1000000,50000,18,0.49999999999999994,-0.8660254037844387,0.8229838658936565,-0.5680647467311557,0.0,7.0,8.0,5.0,1.0,6.0,3.75,3.75,3.6666666666666665,2.0
MS,2017-05-08/2017-05-14,5,2,2,1000000,50000,19,0.49999999999999994,-0.8660254037844387,0.7485107481711013,-0.663122658240795,-0.75,1.0,8.0,8.0,1.0,4.0,5.5,4.0,3.8333333333333335,6.0
MS,2017-05-15/2017-05-21,5,6,6,1000000,50000,20,0.49999999999999994,-0.8660254037844387,0.6631226582407952,-0.7485107481711012,2.0,0.19999999999999996,2.0,8.0,5.0,4.0,5.75,3.75,3.8333333333333335,7.0
MS,2017-05-22/2017-05-28,5,7,7,1000000,50000,21,0.49999999999999994,-0.8660254037844387,0.5680647467311558,-0.8229838658936564,0.16666666666666674,-0.125,6.0,2.0,8.0,1.0,6.0,4.0,4.166666666666667,3.0
MS,2017-05-29/2017-06-04,5,3,3,1000000,50000,22,0.49999999999999994,-0.8660254037844387,0.46472317204376906,-0.8854560256532096,-0.5714285714285714,-0.625,7.0,6.0,8.0,1.0,5.75,4.75,4.416666666666667,5.0
MS,2017-05-29/2017-06-04,6,5,5,1000000,50000,22,1.2246467991473532e-16,-1.0,0.46472317204376906,-0.8854560256532096,0.6666666666666667,1.5,3.0,7.0,2.0,1.0,4.5,5.0,4.166666666666667,6.0
MS,2017-06-05/2017-06-11,6,6,6,1000000,50000,23,1.2246467991473532e-16,-1.0,0.35460488704253584,-0.9350162426854147,0.19999999999999996,0.0,5.0,3.0,6.0,5.0,5.25,5.5,4.25,5.0
MS,2017-06-12/2017-06-18,6,5,5,1000000,50000,24,1.2246467991473532e-16,-1.0,0.23931566428755768,-0.970941817426052,-0.16666666666666663,-0.2857142857142857,6.0,5.0,7.0,8.0,5.25,5.625,4.416666666666667,2.0
MS,2017-06-19/2017-06-25,6,2,2,1000000,50000,25,1.2246467991473532e-16,-1.0,0.12053668025532308,-0.992708874098054,-0.6,-0.33333333333333337,5.0,6.0,3.0,8.0,4.75,5.25,4.75,9.0
MS,2017-06-26/2017-07-02,6,9,9,1000000,50000,26,1.2246467991473532e-16,-1.0,-3.216245299353273e-16,-1.0,3.5,0.8,2.0,5.0,5.0,2.0,4.5,4.5,4.833333333333333,4.0
MS,2017-07-03/2017-07-09,7,4,4,1000000,50000,27,-0.4999999999999997,-0.8660254037844388,-0.12053668025532283,-0.992708874098054,-0.5555555555555556,-0.33333333333333337,9.0,2.0,6.0,6.0,5.5,5.375,5.5,7.0
MS,2017-07-10/2017-07-16,7,7,7,1000000,50000,28,-0.4999999999999997,-0.8660254037844388,-0.23931566428755743,-0.9709418174260521,0.75,0.3999999999999999,4.0,9.0,5.0,7.0,5.0,5.125,5.416666666666667,3.0
MS,2017-07-17/2017-07-23,7,3,3,1000000,50000,29,-0.4999999999999997,-0.8660254037844388,-0.3546048870425356,-0.9350162426854148,-0.5714285714285714,0.5,7.0,4.0,2.0,3.0,5.5,5.125,5.333333333333333,9.0
MS,2017-07-24/2017-07-30,7,9,9,1000000,50000,30,-0.4999999999999997,-0.8660254037844388,-0.46472317204376806,-0.8854560256532101,2.0,0.0,3.0,7.0,9.0,5.0,5.75,5.125,4.916666666666667,1.0
MS,2017-07-31/2017-08-06,7,1,1,1000000,50000,31,-0.4999999999999997,-0.8660254037844388,-0.5680647467311556,-0.8229838658936565,-0.8888888888888888,-0.75,9.0,3.0,4.0,6.0,5.75,5.625,5.5,4.0
MS,2017-07-31/2017-08-06,8,4,4,1000000,50000,31,-0.8660254037844384,-0.5000000000000004,-0.5680647467311556,-0.8229838658936565,3.0,-0.4285714285714286,1.0,9.0,7.0,5.0,5.0,5.0,5.083333333333333,6.0
MS,2017-08-07/2017-08-13,8,6,6,1000000,50000,32,-0.8660254037844384,-0.5000000000000004,-0.663122658240795,-0.7485107481711013,0.5,1.0,4.0,1.0,3.0,2.0,4.25,4.875,4.833333333333333,7.0
MS,2017-08-14/2017-08-20,8,7,7,1000000,50000,33,-0.8660254037844384,-0.5000000000000004,-0.7485107481711011,-0.6631226582407952,0.16666666666666674,-0.2222222222222222,6.0,4.0,9.0,9.0,5.0,5.375,5.083333333333333,4.0
MS,2017-08-21/2017-08-27,8,4,4,1000000,50000,34,-0.8660254037844384,-0.5000000000000004,-0.8229838658936564,-0.5680647467311559,-0.4285714285714286,3.0,7.0,6.0,1.0,4.0,4.5,5.125,5.25,3.0
MS,2017-08-28/2017-09-03,8,3,3,1000000,50000,35,-0.8660254037844384,-0.5000000000000004,-0.8854560256532096,-0.4647231720437691,-0.25,-0.25,4.0,7.0,4.0,7.0,5.25,5.125,5.083333333333333,1.0
MS,2017-08-28/2017-09-03,9,1,1,1000000,50000,35,-1.0,-1.8369701987210297e-16,-0.8854560256532096,-0.4647231720437691,-0.6666666666666667,-0.8333333333333334,3.0,4.0,6.0,3.0,5.0,4.625,4.916666666666667,6.0
MS,2017-09-04/2017-09-10,9,6,6,1000000,50000,36,-1.0,-1.8369701987210297e-16,-0.9350162426854147,-0.3546048870425359,5.0,-0.1428571428571429,1.0,3.0,7.0,9.0,3.75,4.375,4.833333333333333,14.0
MS,2017-09-11/2017-09-17,9,14,14,1000000,50000,37,-1.0,-1.8369701987210297e-16,-0.970941817426052,-0.23931566428755774,1.3333333333333335,2.5,6.0,1.0,4.0,1.0,3.5,4.0,4.583333333333333,9.0
MS,2017-09-18/2017-09-24,9,9,9,1000000,50000,38,-1.0,-1.8369701987210297e-16,-0.992708874098054,-0.12053668025532357,-0.3571428571428571,2.0,14.0,6.0,3.0,4.0,6.0,5.625,5.416666666666667,2.0
MS,2017-09-25/2017-10-01,9,2,2,1000000,50000,39,-1.0,-1.8369701987210297e-16,-1.0,-1.8369701987210297e-16,-0.7777777777777778,1.0,9.0,14.0,1.0,6.0,7.5,6.25,5.583333333333333,8.0
MS,2017-10-02/2017-10-08,10,8,8,1000000,50000,40,-0.8660254037844386,0.5000000000000001,-0.992708874098054,0.1205366802553232,3.0,0.33333333333333326,2.0,9.0,6.0,7.0,7.75,5.75,5.5,7.0
MS,2017-10-09/2017-10-15,10,7,7,1000000,50000,41,-0.8660254037844386,0.5000000000000001,-0.9709418174260521,0.23931566428755738,-0.125,-0.5,8.0,2.0,14.0,4.0,8.25,5.875,5.416666666666667,10.0
MS,2017-10-16/2017-10-22,10,10,10,1000000,50000,42,-0.8660254037844386,0.5000000000000001,-0.9350162426854148,0.35460488704253557,0.4285714285714286,0.11111111111111116,7.0,8.0,9.0,3.0,6.5,6.25,5.916666666666667,6.0
MS,2017-10-23/2017-10-29,10,6,6,1000000,50000,43,-0.8660254037844386,0.5000000000000001,-0.8854560256532101,0.464723172043768,-0.4,2.0,10.0,7.0,2.0,1.0,6.75,7.125,6.416666666666667,2.0
MS,2017-10-30/2017-11-05,10,2,2,1000000,50000,44,-0.8660254037844386,0.5000000000000001,-0.822983865893657,0.5680647467311548,-0.6666666666666667,-0.75,6.0,10.0,8.0,6.0,7.75,7.75,6.416666666666667,9.0
MS,2017-10-30/2017-11-05,11,9,9,1000000,50000,44,-0.5000000000000004,0.8660254037844384,-0.822983865893657,0.5680647467311548,3.5,0.2857142857142858,2.0,6.0,7.0,14.0,6.25,7.25,6.0,6.0
MS,2017-11-06/2017-11-12,11,6,6,1000000,50000,45,-0.5000000000000004,0.8660254037844384,-0.7485107481711011,0.6631226582407952,-0.33333333333333337,-0.4,9.0,2.0,10.0,9.0,6.75,6.625,6.416666666666667,7.0
MS,2017-11-13/2017-11-19,11,7,7,1000000,50000,46,-0.5000000000000004,0.8660254037844384,-0.6631226582407955,0.7485107481711007,0.16666666666666674,0.16666666666666674,6.0,9.0,6.0,2.0,5.75,6.25,6.666666666666667,19.0
MS,2017-11-20/2017-11-26,11,19,19,1000000,50000,47,-0.5000000000000004,0.8660254037844384,-0.5680647467311559,0.8229838658936564,1.7142857142857144,8.5,7.0,6.0,2.0,8.0,6.0,6.875,7.166666666666667,3.0
MS,2017-11-27/2017-12-03,11,3,3,1000000,50000,48,-0.5000000000000004,0.8660254037844384,-0.4647231720437684,0.88545602565321,-0.8421052631578947,-0.6666666666666667,19.0,7.0,9.0,7.0,10.25,8.25,8.25,5.0
MS,2017-11-27/2017-12-03,12,5,5,1000000,50000,48,-2.4492935982947064e-16,1.0,-0.4647231720437684,0.88545602565321,0.6666666666666667,-0.16666666666666663,3.0,19.0,6.0,10.0,8.75,7.75,7.333333333333333,8.0
MS,2017-12-04/2017-12-10,12,8,8,1000000,50000,49,-2.4492935982947064e-16,1.0,-0.35460488704253595,0.9350162426854147,0.6000000000000001,0.1428571428571428,5.0,3.0,7.0,6.0,8.5,7.125,7.0,10.0
MS,2017-12-11/2017-12-17,12,10,10,1000000,50000,50,-2.4492935982947064e-16,1.0,-0.2393156642875578,0.970941817426052,0.25,-0.4736842105263158,8.0,5.0,19.0,2.0,8.75,7.375,7.5,9.0
MS,2017-12-18/2017-12-24,12,9,9,1000000,50000,51,-2.4492935982947064e-16,1.0,-0.12053668025532363,0.992708874098054,-0.09999999999999998,2.0,10.0,8.0,3.0,9.0,6.5,8.375,7.666666666666667,2.0
MS,2017-12-25/2017-12-31,12,2,2,1000000,50000,52,-2.4492935982947064e-16,1.0,6.432490598706546e-16,1.0,-0.7777777777777778,-0.6,9.0,10.0,5.0,6.0,8.0,8.375,7.833333333333333,16.0
MS,2018-01-01/2018-01-07,1,16,16,1000000,50000,1,0.49999999999999994,0.8660254037844387,0.12053668025532305,0.992708874098054,7.0,1.0,2.0,9.0,8.0,7.0,7.25,7.875,7.166666666666667,21.0
MS,2018-01-08/2018-01-14,1,21,21,1000000,50000,2,0.49999999999999994,0.8660254037844387,0.23931566428755774,0.970941817426052,0.3125,1.1,16.0,2.0,10.0,19.0,9.25,9.0,8.0,15.0
MS,2018-01-15/2018-01-21,1,15,15,1000000,50000,3,0.49999999999999994,0.8660254037844387,0.3546048870425356,0.9350162426854148,-0.2857142857142857,0.6666666666666667,21.0,16.0,9.0,3.0,12.0,9.25,9.583333333333334,15.0
MS,2018-01-22/2018-01-28,1,15,15,1000000,50000,4,0.49999999999999994,0.8660254037844387,0.4647231720437685,0.8854560256532099,0.0,6.5,15.0,21.0,2.0,5.0,13.5,10.75,10.083333333333334,3.0
MS,2018-01-29/2018-02-04,1,3,3,1000000,50000,5,0.49999999999999994,0.8660254037844387,0.5680647467311558,0.8229838658936564,-0.8,-0.8125,15.0,15.0,16.0,8.0,16.75,12.0,10.833333333333334,10.0
MS,2018-01-29/2018-02-04,2,10,10,1000000,50000,5,0.8660254037844386,0.5000000000000001,0.5680647467311558,0.8229838658936564,2.3333333333333335,-0.5238095238095238,3.0,15.0,21.0,10.0,13.5,11.375,10.5,8.0
MS,2018-02-05/2018-02-11,2,8,8,1000000,50000,6,0.8660254037844386,0.5000000000000001,0.6631226582407952,0.7485107481711011,-0.19999999999999996,-0.4666666666666667,10.0,3.0,15.0,9.0,10.75,11.375,9.75,20.0
MS,2018-02-12/2018-02-18,2,20,20,1000000,50000,7,0.8660254037844386,0.5000000000000001,0.7485107481711011,0.6631226582407953,1.5,0.33333333333333326,8.0,10.0,15.0,2.0,9.0,11.25,10.166666666666666,14.0
MS,2018-02-19/2018-02-25,2,14,14,1000000,50000,8,0.8660254037844386,0.5000000000000001,0.8229838658936564,0.5680647467311559,-0.30000000000000004,3.666666666666667,20.0,8.0,3.0,16.0,10.25,13.5,11.416666666666666,12.0
MS,2018-02-26/2018-03-04,2,12,12,1000000,50000,9,0.8660254037844386,0.5000000000000001,0.8854560256532099,0.4647231720437686,-0.1428571428571429,0.19999999999999996,14.0,20.0,10.0,21.0,13.0,13.25,11.916666666666666,7.0
MS,2018-02-26/2018-03-04,3,7,7,1000000,50000,9,1.0,6.123233995736766e-17,0.8854560256532099,0.4647231720437686,-0.41666666666666663,-0.125,12.0,14.0,8.0,15.0,13.5,12.125,12.083333333333334,13.0
MS,2018-03-05/2018-03-11,3,13,13,1000000,50000,10,1.0,6.123233995736766e-17,0.9350162426854148,0.35460488704253557,0.8571428571428572,-0.35,7.0,12.0,20.0,15.0,13.25,11.125,11.916666666666666,13.0
MS,2018-03-12/2018-03-18,3,13,13,1000000,50000,11,1.0,6.123233995736766e-17,0.970941817426052,0.23931566428755804,0.0,-0.0714285714285714,13.0,7.0,14.0,3.0,11.5,10.875,12.833333333333334,13.0
MS,2018-03-19/2018-03-25,3,13,13,1000000,50000,12,1.0,6.123233995736766e-17,0.992708874098054,0.120536680255323,0.0,0.08333333333333326,13.0,13.0,12.0,10.0,11.25,12.125,12.583333333333334,11.0
MS,2018-03-26/2018-04-01,3,11,11,1000000,50000,13,1.0,6.123233995736766e-17,1.0,-1.6081226496766364e-16,-0.15384615384615385,0.5714285714285714,13.0,13.0,7.0,8.0,11.5,12.5,11.916666666666666,1.0
MS,2018-03-26/2018-04-01,4,1,1,1000000,50000,13,0.8660254037844387,-0.4999999999999998,1.0,-1.6081226496766364e-16,-0.9090909090909091,-0.9230769230769231,11.0,13.0,13.0,20.0,12.5,12.875,11.583333333333334,10.0
MS,2018-04-02/2018-04-08,4,10,10,1000000,50000,14,0.8660254037844387,-0.4999999999999998,0.992708874098054,-0.12053668025532288,9.0,-0.23076923076923073,1.0,11.0,13.0,14.0,9.5,10.5,10.416666666666666,10.0
MS,2018-04-09/2018-04-15,4,10,10,1000000,50000,15,0.8660254037844387,-0.4999999999999998,0.9709418174260521,-0.2393156642875575,0.0,-0.23076923076923073,10.0,1.0,13.0,12.0,8.75,10.0,11.0,10.0
MS,2018-04-16/2018-04-22,4,10,10,1000000,50000,16,0.8660254037844387,-0.4999999999999998,0.9350162426854148,-0.35460488704253545,0.0,-0.09090909090909094,10.0,10.0,11.0,7.0,8.0,9.75,11.0,12.0
MS,2018-04-23/2018-04-29,4,12,12,1000000,50000,17,0.8660254037844387,-0.4999999999999998,0.8854560256532099,-0.4647231720437685,0.19999999999999996,11.0,10.0,10.0,1.0,13.0,7.75,10.125,11.166666666666666,10.0
MS,2018-04-30/2018-05-06,5,10,10,1000000,50000,18,0.49999999999999994,-0.8660254037844387,0.8229838658936565,-0.5680647467311557,-0.16666666666666663,0.0,12.0,10.0,10.0,13.0,10.5,10.0,10.5,12.0
MS,2018-05-07/2018-05-13,5,12,12,1000000,50000,19,0.49999999999999994,-0.8660254037844387,0.7485107481711013,-0.663122658240795,0.19999999999999996,0.19999999999999996,10.0,12.0,10.0,13.0,10.5,9.625,10.166666666666666,8.0
MS,2018-05-14/2018-05-20,5,8,8,1000000,50000,20,0.49999999999999994,-0.8660254037844387,0.6631226582407952,-0.7485107481711012,-0.33333333333333337,-0.19999999999999996,12.0,10.0,10.0,11.0,11.0,9.5,10.166666666666666,10.0
MS,2018-05-21/2018-05-27,5,10,10,1000000,50000,21,0.49999999999999994,-0.8660254037844387,0.5680647467311558,-0.8229838658936564,0.25,-0.16666666666666663,8.0,12.0,12.0,1.0,10.5,9.125,10.25,4.0
MS,2018-05-28/2018-06-03,5,4,4,1000000,50000,22,0.49999999999999994,-0.8660254037844387,0.46472317204376906,-0.8854560256532096,-0.6,-0.6,10.0,8.0,10.0,10.0,10.0,10.25,10.0,5.0
MS,2018-05-28/2018-06-03,6,5,5,1000000,50000,22,1.2246467991473532e-16,-1.0,0.46472317204376906,-0.8854560256532096,0.25,-0.5833333333333333,4.0,10.0,12.0,10.0,8.5,9.5,9.25,13.0
MS,2018-06-04/2018-06-10,6,13,13,1000000,50000,23,1.2246467991473532e-16,-1.0,0.35460488704253584,-0.9350162426854147,1.6,0.625,5.0,4.0,8.0,10.0,6.75,8.875,8.583333333333334,13.0
MS,2018-06-11/2018-06-17,6,13,13,1000000,50000,24,1.2246467991473532e-16,-1.0,0.23931566428755768,-0.970941817426052,0.0,0.30000000000000004,13.0,5.0,10.0,12.0,8.0,9.25,8.75,11.0
MS,2018-06-18/2018-06-24,6,11,11,1000000,50000,25,1.2246467991473532e-16,-1.0,0.12053668025532308,-0.992708874098054,-0.15384615384615385,1.75,13.0,13.0,4.0,10.0,8.75,9.375,9.75,7.0
MS,2018-06-25/2018-07-01,6,7,7,1000000,50000,26,1.2246467991473532e-16,-1.0,-3.216245299353273e-16,-1.0,-0.36363636363636365,0.3999999999999999,11.0,13.0,5.0,12.0,10.5,9.5,9.833333333333334,3.0
MS,2018-07-02/2018-07-08,7,3,3,1000000,50000,27,-0.4999999999999997,-0.8660254037844388,-0.12053668025532283,-0.992708874098054,-0.5714285714285714,-0.7692307692307692,7.0,11.0,13.0,8.0,11.0,8.875,9.583333333333334,7.0
MS,2018-07-09/2018-07-15,7,7,7,1000000,50000,28,-0.4999999999999997,-0.8660254037844388,-0.23931566428755743,-0.9709418174260521,1.3333333333333335,-0.46153846153846156,3.0,7.0,13.0,10.0,8.5,8.25,9.0,19.0
MS,2018-07-16/2018-07-22,7,19,19,1000000,50000,29,-0.4999999999999997,-0.8660254037844388,-0.3546048870425356,-0.9350162426854148,1.7142857142857144,0.7272727272727273,7.0,3.0,11.0,4.0,7.0,7.875,8.583333333333334,15.0
MS,2018-07-23/2018-07-29,7,15,15,1000000,50000,30,-0.4999999999999997,-0.8660254037844388,-0.46472317204376806,-0.8854560256532101,-0.21052631578947367,1.1428571428571428,19.0,7.0,7.0,5.0,9.0,9.75,9.333333333333334,5.0
MS,2018-07-30/2018-08-05,7,5,5,1000000,50000,31,-0.4999999999999997,-0.8660254037844388,-0.5680647467311556,-0.8229838658936565,-0.6666666666666667,0.6666666666666667,15.0,19.0,3.0,13.0,11.0,11.0,9.583333333333334,11.0
MS,2018-07-30/2018-08-05,8,11,11,1000000,50000,31,-0.8660254037844384,-0.5000000000000004,-0.5680647467311556,-0.8229838658936565,1.2000000000000002,0.5714285714285714,5.0,15.0,7.0,13.0,11.5,10.0,9.333333333333334,15.0
MS,2018-08-06/2018-08-12,8,15,15,1000000,50000,32,-0.8660254037844384,-0.5000000000000004,-0.663122658240795,-0.7485107481711013,0.36363636363636354,-0.21052631578947367,11.0,5.0,19.0,11.0,12.5,9.75,9.416666666666666,8.0
MS,2018-08-13/2018-08-19,8,8,8,1000000,50000,33,-0.8660254037844384,-0.5000000000000004,-0.7485107481711011,-0.6631226582407952,-0.4666666666666667,-0.4666666666666667,15.0,11.0,15.0,7.0,11.5,10.25,10.333333333333334,1.0
MT,2016-10-03/2016-10-09,10,1,1,1000000,50000,40,-0.8660254037844386,0.5000000000000001,-0.992708874098054,0.1205366802553232,0.0,0.0,,,,,,,,1.0
MT,2017-01-16/2017-01-22,1,1,1,1000000,50000,3,0.49999999999999994,0.8660254037844387,0.3546048870425356,0.9350162426854148,0.0,0.0,1.0,,,,,,,8.0
MT,2017-01-23/2017-01-29,1,8,8,1000000,50000,4,0.49999999999999994,0.8660254037844387,0.4647231720437685,0.8854560256532099,7.0,0.0,1.0,1.0,,,1.0,1.0,1.0,4.0
MT,2017-01-30/2017-02-05,2,4,4,1000000,50000,5,0.8660254037844386,0.5000000000000001,0.5680647467311558,0.8229838658936564,-0.5,0.0,8.0,1.0,,,3.3333333333333335,3.3333333333333335,3.3333333333333335,3.0
MT,2017-02-06/2017-02-12,2,3,3,1000000,50000,6,0.8660254037844386,0.5000000000000001,0.6631226582407952,0.7485107481711011,-0.25,2.0,4.0,8.0,1.0,,3.5,3.5,3.5,4.0
MT,2017-02-13/2017-02-19,2,4,4,1000000,50000,7,0.8660254037844386,0.5000000000000001,0.7485107481711011,0.6631226582407953,0.33333333333333326,3.0,3.0,4.0,1.0,,4.0,3.4,3.4,5.0
MT,2017-02-20/2017-02-26,2,5,5,1000000,50000,8,0.8660254037844386,0.5000000000000001,0.8229838658936564,0.5680647467311559,0.25,-0.375,4.0,3.0,8.0,,4.75,3.5,3.5,1.0
MT,2017-02-27/2017-03-05,2,1,1,1000000,50000,9,0.8660254037844386,0.5000000000000001,0.8854560256532099,0.4647231720437686,-0.8,-0.75,5.0,4.0,4.0,,4.0,3.7142857142857144,3.7142857142857144,2.0
MT,2017-02-27/2017-03-05,3,2,2,1000000,50000,9,1.0,6.123233995736766e-17,0.8854560256532099,0.4647231720437686,1.0,-0.33333333333333337,1.0,5.0,3.0,1.0,3.25,3.375,3.375,6.0
MT,2017-03-06/2017-03-12,3,6,6,1000000,50000,10,1.0,6.123233995736766e-17,0.9350162426854148,0.35460488704253557,2.0,0.5,2.0,1.0,4.0,1.0,3.0,3.5,3.2222222222222223,5.0
MT,2017-03-13/2017-03-19,3,5,5,1000000,50000,11,1.0,6.123233995736766e-17,0.970941817426052,0.23931566428755804,-0.16666666666666663,0.0,6.0,2.0,5.0,8.0,3.5,4.125,3.5,2.0
MT,2017-03-20/2017-03-26,3,2,2,1000000,50000,12,1.0,6.123233995736766e-17,0.992708874098054,0.120536680255323,-0.6,1.0,5.0,6.0,1.0,4.0,3.5,3.75,3.6363636363636362,1.0
MT,2017-03-27/2017-04-02,3,1,1,1000000,50000,13,1.0,6.123233995736766e-17,1.0,-1.6081226496766364e-16,-0.5,-0.5,2.0,5.0,2.0,3.0,3.75,3.5,3.5,3.0
MT,2017-03-27/2017-04-02,4,3,3,1000000,50000,13,0.8660254037844387,-0.4999999999999998,1.0,-1.6081226496766364e-16,2.0,-0.5,1.0,2.0,6.0,4.0,3.5,3.25,3.5,5.0
MT,2017-04-03/2017-04-09,4,5,5,1000000,50000,14,0.8660254037844387,-0.4999999999999998,0.992708874098054,-0.12053668025532288,0.6666666666666667,0.0,3.0,1.0,5.0,5.0,2.75,3.125,3.6666666666666665,7.0
MT,2017-04-10/2017-04-16,4,7,7,1000000,50000,15,0.8660254037844387,-0.4999999999999998,0.9709418174260521,-0.2393156642875575,0.3999999999999999,2.5,5.0,3.0,2.0,1.0,2.75,3.125,3.4166666666666665,5.0
MT,2017-04-17/2017-04-23,4,5,5,1000000,50000,16,0.8660254037844387,-0.4999999999999998,0.9350162426854148,-0.35460488704253545,-0.2857142857142857,4.0,7.0,5.0,1.0,2.0,4.0,3.875,3.6666666666666665,5.0
MT,2017-04-24/2017-04-30,4,5,5,1000000,50000,17,0.8660254037844387,-0.4999999999999998,0.8854560256532099,-0.4647231720437685,0.0,0.6666666666666667,5.0,7.0,3.0,6.0,5.0,4.25,3.8333333333333335,10.0
MT,2017-05-01/2017-05-07,5,10,10,1000000,50000,18,0.49999999999999994,-0.8660254037844387,0.8229838658936565,-0.5680647467311557,1.0,1.0,5.0,5.0,5.0,5.0,5.5,4.125,3.9166666666666665,11.0
MT,2017-05-08/2017-05-14,5,11,11,1000000,50000,19,0.49999999999999994,-0.8660254037844387,0.7485107481711013,-0.663122658240795,0.10000000000000009,0.5714285714285714,10.0,5.0,7.0,2.0,6.75,4.75,4.333333333333333,4.0
MT,2017-05-15/2017-05-21,5,4,4,1000000,50000,20,0.49999999999999994,-0.8660254037844387,0.6631226582407952,-0.7485107481711012,-0.6363636363636364,-0.19999999999999996,11.0,10.0,5.0,1.0,7.75,5.875,5.166666666666667,8.0
MT,2017-05-22/2017-05-28,5,8,8,1000000,50000,21,0.49999999999999994,-0.8660254037844387,0.5680647467311558,-0.8229838658936564,1.0,0.6000000000000001,4.0,11.0,5.0,3.0,7.5,6.25,5.333333333333333,4.0
MT,2017-05-29/2017-06-04,5,4,4,1000000,50000,22,0.49999999999999994,-0.8660254037844387,0.46472317204376906,-0.8854560256532096,-0.5,-0.6,8.0,4.0,10.0,5.0,8.25,6.875,5.5,5.0
MT,2017-05-29/2017-06-04,6,5,5,1000000,50000,22,1.2246467991473532e-16,-1.0,0.46472317204376906,-0.8854560256532096,0.25,-0.5454545454545454,4.0,8.0,11.0,7.0,6.75,6.75,5.416666666666667,8.0
MT,2017-06-05/2017-06-11,6,8,8,1000000,50000,23,1.2246467991473532e-16,-1.0,0.35460488704253584,-0.9350162426854147,0.6000000000000001,1.0,5.0,4.0,4.0,5.0,5.25,6.5,5.666666666666667,4.0
MT,2017-06-12/2017-06-18,6,4,4,1000000,50000,24,1.2246467991473532e-16,-1.0,0.23931566428755768,-0.970941817426052,-0.5,-0.5,8.0,5.0,8.0,5.0,6.25,6.875,6.25,5.0
MT,2017-06-19/2017-06-25,6,5,5,1000000,50000,25,1.2246467991473532e-16,-1.0,0.12053668025532308,-0.992708874098054,0.25,0.25,4.0,8.0,4.0,10.0,5.25,6.75,6.333333333333333,2.0
MT,2017-06-26/2017-07-02,6,2,2,1000000,50000,26,1.2246467991473532e-16,-1.0,-3.216245299353273e-16,-1.0,-0.6,-0.6,5.0,4.0,5.0,11.0,5.5,6.125,6.333333333333333,1.0
MT,2017-06-26/2017-07-02,7,1,1,1000000,50000,26,-0.4999999999999997,-0.8660254037844388,-3.216245299353273e-16,-1.0,-0.5,-0.875,2.0,5.0,8.0,4.0,4.75,5.0,5.916666666666667,10.0
MT,2017-07-03/2017-07-09,7,10,10,1000000,50000,27,-0.4999999999999997,-0.8660254037844388,-0.12053668025532283,-0.992708874098054,9.0,1.5,1.0,2.0,4.0,8.0,3.0,4.625,5.583333333333333,8.0
MT,2017-07-10/2017-07-16,7,8,8,1000000,50000,28,-0.4999999999999997,-0.8660254037844388,-0.23931566428755743,-0.9709418174260521,-0.19999999999999996,0.6000000000000001,10.0,1.0,5.0,4.0,4.5,4.875,6.0,8.0
MT,2017-07-17/2017-07-23,7,8,8,1000000,50000,29,-0.4999999999999997,-0.8660254037844388,-0.3546048870425356,-0.9350162426854148,0.0,3.0,8.0,10.0,2.0,5.0,5.25,5.375,5.833333333333333,8.0
MT,2017-07-24/2017-07-30,7,8,8,1000000,50000,30,-0.4999999999999997,-0.8660254037844388,-0.46472317204376806,-0.8854560256532101,0.0,7.0,8.0,8.0,1.0,8.0,6.75,5.75,5.583333333333333,2.0
MT,2017-07-31/2017-08-06,7,2,2,1000000,50000,31,-0.4999999999999997,-0.8660254037844388,-0.5680647467311556,-0.8229838658936565,-0.75,-0.8,8.0,8.0,10.0,4.0,8.5,5.75,5.916666666666667,5.0
MT,2017-07-31/2017-08-06,8,5,5,1000000,50000,31,-0.8660254037844384,-0.5000000000000004,-0.5680647467311556,-0.8229838658936565,1.5,-0.375,2.0,8.0,8.0,5.0,6.5,5.5,5.416666666666667,6.0
MT,2017-08-07/2017-08-13,8,6,6,1000000,50000,32,-0.8660254037844384,-0.5000000000000004,-0.663122658240795,-0.7485107481711013,0.19999999999999996,-0.25,5.0,2.0,8.0,2.0,5.75,5.5,5.5,12.0
MT,2017-08-14/2017-08-20,8,12,12,1000000,50000,33,-0.8660254037844384,-0.5000000000000004,-0.7485107481711011,-0.6631226582407952,1.0,0.5,6.0,5.0,8.0,1.0,5.25,6.0,5.583333333333333,10.0
MT,2017-08-21/2017-08-27,8,10,10,1000000,50000,34,-0.8660254037844384,-0.5000000000000004,-0.8229838658936564,-0.5680647467311559,-0.16666666666666663,4.0,12.0,6.0,2.0,10.0,6.25,7.375,5.916666666666667,5.0
MT,2017-08-28/2017-09-03,8,5,5,1000000,50000,35,-0.8660254037844384,-0.5000000000000004,-0.8854560256532096,-0.4647231720437691,-0.5,0.0,10.0,12.0,5.0,8.0,8.25,7.375,6.416666666666667,2.0
MT,2017-08-28/2017-09-03,9,2,2,1000000,50000,35,-1.0,-1.8369701987210297e-16,-0.8854560256532096,-0.4647231720437691,-0.6,-0.6666666666666667,5.0,10.0,6.0,8.0,8.25,7.0,6.416666666666667,9.0
MT,2017-09-04/2017-09-10,9,9,9,1000000,50000,36,-1.0,-1.8369701987210297e-16,-0.9350162426854147,-0.3546048870425359,3.5,-0.25,2.0,5.0,12.0,8.0,7.25,6.25,6.416666666666667,7.0
MT,2017-09-11/2017-09-17,9,7,7,1000000,50000,37,-1.0,-1.8369701987210297e-16,-0.970941817426052,-0.23931566428755774,-0.2222222222222222,-0.30000000000000004,9.0,2.0,10.0,2.0,6.5,6.375,7.083333333333333,7.0
MT,2017-09-18/2017-09-24,9,7,7,1000000,50000,38,-1.0,-1.8369701987210297e-16,-0.992708874098054,-0.12053668025532357,0.0,0.3999999999999999,7.0,9.0,5.0,5.0,5.75,7.0,6.833333333333333,9.0
MT,2017-09-25/2017-10-01,9,9,9,1000000,50000,39,-1.0,-1.8369701987210297e-16,-1.0,-1.8369701987210297e-16,0.2857142857142858,3.5,7.0,7.0,2.0,6.0,6.25,7.25,6.75,2.0
MT,2017-09-25/2017-10-01,10,2,2,1000000,50000,39,-0.8660254037844386,0.5000000000000001,-1.0,-1.8369701987210297e-16,-0.7777777777777778,-0.7777777777777778,9.0,7.0,9.0,12.0,8.0,7.625,6.833333333333333,10.0
MT,2017-10-02/2017-10-08,10,10,10,1000000,50000,40,-0.8660254037844386,0.5000000000000001,-0.992708874098054,0.1205366802553232,4.0,0.4285714285714286,2.0,9.0,7.0,10.0,6.25,6.375,6.333333333333333,15.0
MT,2017-10-09/2017-10-15,10,15,15,1000000,50000,41,-0.8660254037844386,0.5000000000000001,-0.9709418174260521,0.23931566428755738,0.5,1.1428571428571428,10.0,2.0,7.0,5.0,7.0,6.375,7.0,8.0
MT,2017-10-16/2017-10-22,10,8,8,1000000,50000,42,-0.8660254037844386,0.5000000000000001,-0.9350162426854148,0.35460488704253557,-0.4666666666666667,-0.11111111111111116,15.0,10.0,9.0,2.0,9.0,7.625,7.833333333333333,13.0
MT,2017-10-23/2017-10-29,10,13,13,1000000,50000,43,-0.8660254037844386,0.5000000000000001,-0.8854560256532101,0.464723172043768,0.625,5.5,8.0,15.0,2.0,9.0,8.75,8.375,8.0,2.0
MT,2017-10-30/2017-11-05,10,2,2,1000000,50000,44,-0.8660254037844386,0.5000000000000001,-0.822983865893657,0.5680647467311548,-0.8461538461538461,-0.8,13.0,8.0,10.0,7.0,11.5,8.875,8.083333333333334,10.0
MT,2017-10-30/2017-11-05,11,10,10,1000000,50000,44,-0.5000000000000004,0.8660254037844384,-0.822983865893657,0.5680647467311548,4.0,-0.33333333333333337,2.0,13.0,15.0,7.0,9.5,8.25,7.416666666666667,12.0
MT,2017-11-06/2017-11-12,11,12,12,1000000,50000,45,-0.5000000000000004,0.8660254037844384,-0.7485107481711011,0.6631226582407952,0.19999999999999996,0.5,10.0,2.0,8.0,9.0,8.25,8.625,7.833333333333333,14.0
MT,2017-11-13/2017-11-19,11,14,14,1000000,50000,46,-0.5000000000000004,0.8660254037844384,-0.6631226582407955,0.7485107481711007,0.16666666666666674,0.07692307692307687,12.0,10.0,13.0,2.0,9.25,9.0,8.666666666666666,29.0
MT,2017-11-20/2017-11-26,11,29,29,1000000,50000,47,-0.5000000000000004,0.8660254037844384,-0.5680647467311559,0.8229838658936564,1.0714285714285716,13.5,14.0,12.0,2.0,10.0,9.5,10.5,9.083333333333334,8.0
MT,2017-11-27/2017-12-03,11,8,8,1000000,50000,48,-0.5000000000000004,0.8660254037844384,-0.4647231720437684,0.88545602565321,-0.7241379310344828,-0.19999999999999996,29.0,14.0,10.0,15.0,16.25,12.875,10.916666666666666,6.0
MT,2017-11-27/2017-12-03,12,6,6,1000000,50000,48,-2.4492935982947064e-16,1.0,-0.4647231720437684,0.88545602565321,-0.25,-0.5,8.0,29.0,12.0,8.0,15.75,12.0,11.0,20.0
MT,2017-12-04/2017-12-10,12,20,20,1000000,50000,49,-2.4492935982947064e-16,1.0,-0.35460488704253595,0.9350162426854147,2.3333333333333335,0.4285714285714286,6.0,8.0,14.0,13.0,14.25,11.75,10.75,7.0
MT,2017-12-11/2017-12-17,12,7,7,1000000,50000,50,-2.4492935982947064e-16,1.0,-0.2393156642875578,0.970941817426052,-0.65,-0.7586206896551724,20.0,6.0,29.0,2.0,15.75,12.625,12.25,6.0
MT,2017-12-18/2017-12-24,12,6,6,1000000,50000,51,-2.4492935982947064e-16,1.0,-0.12053668025532363,0.992708874098054,-0.1428571428571429,-0.25,7.0,20.0,8.0,10.0,10.25,13.25,12.0,10.0
MT,2017-12-25/2017-12-31,12,10,10,1000000,50000,52,-2.4492935982947064e-16,1.0,6.432490598706546e-16,1.0,0.6666666666666667,0.6666666666666667,6.0,7.0,6.0,12.0,9.75,12.75,11.25,11.0
MT,2018-01-01/2018-01-07,1,11,11,1000000,50000,1,0.49999999999999994,0.8660254037844387,0.12053668025532305,0.992708874098054,0.10000000000000009,-0.44999999999999996,10.0,6.0,20.0,14.0,10.75,12.5,11.416666666666666,22.0
MT,2018-01-08/2018-01-14,1,22,22,1000000,50000,2,0.49999999999999994,0.8660254037844387,0.23931566428755774,0.970941817426052,1.0,2.142857142857143,11.0,10.0,7.0,29.0,8.5,12.125,11.25,21.0
MT,2018-01-15/2018-01-21,1,21,21,1000000,50000,3,0.49999999999999994,0.8660254037844387,0.3546048870425356,0.9350162426854148,-0.045454545454545414,2.5,22.0,11.0,6.0,8.0,12.25,11.25,12.916666666666666,21.0
MT,2018-01-22/2018-01-28,1,21,21,1000000,50000,4,0.49999999999999994,0.8660254037844387,0.4647231720437685,0.8854560256532099,0.0,1.1,21.0,22.0,10.0,6.0,16.0,12.875,13.833333333333334,8.0
MT,2018-01-29/2018-02-04,1,8,8,1000000,50000,5,0.49999999999999994,0.8660254037844387,0.5680647467311558,0.8229838658936564,-0.6190476190476191,-0.2727272727272727,21.0,21.0,11.0,20.0,18.75,14.75,14.583333333333334,8.0
MT,2018-01-29/2018-02-04,2,8,8,1000000,50000,5,0.8660254037844386,0.5000000000000001,0.5680647467311558,0.8229838658936564,0.0,-0.6363636363636364,8.0,21.0,22.0,7.0,18.0,13.25,14.083333333333334,17.0
MT,2018-02-05/2018-02-11,2,17,17,1000000,50000,6,0.8660254037844386,0.5000000000000001,0.6631226582407952,0.7485107481711011,1.125,-0.19047619047619047,8.0,8.0,21.0,6.0,14.5,13.375,12.333333333333334,18.0
MT,2018-02-12/2018-02-18,2,18,18,1000000,50000,7,0.8660254037844386,0.5000000000000001,0.7485107481711011,0.6631226582407953,0.05882352941176472,-0.1428571428571429,17.0,8.0,21.0,10.0,13.5,14.75,13.083333333333334,13.0
MT,2018-02-19/2018-02-25,2,13,13,1000000,50000,8,0.8660254037844386,0.5000000000000001,0.8229838658936564,0.5680647467311559,-0.2777777777777778,0.625,18.0,17.0,8.0,11.0,12.75,15.75,14.083333333333334,11.0
MT,2018-02-26/2018-03-04,2,11,11,1000000,50000,9,0.8660254037844386,0.5000000000000001,0.8854560256532099,0.4647231720437686,-0.15384615384615385,0.375,13.0,18.0,8.0,22.0,14.0,16.0,13.5,9.0
MT,2018-02-26/2018-03-04,3,9,9,1000000,50000,9,1.0,6.123233995736766e-17,0.8854560256532099,0.4647231720437686,-0.18181818181818177,-0.47058823529411764,11.0,13.0,17.0,21.0,14.75,14.625,13.833333333333334,13.0
MT,2018-03-05/2018-03-11,3,13,13,1000000,50000,10,1.0,6.123233995736766e-17,0.9350162426854148,0.35460488704253557,0.4444444444444444,-0.2777777777777778,9.0,11.0,18.0,21.0,12.75,13.125,14.083333333333334,10.0
MT,2018-03-12/2018-03-18,3,10,10,1000000,50000,11,1.0,6.123233995736766e-17,0.970941817426052,0.23931566428755804,-0.23076923076923073,-0.23076923076923073,13.0,9.0,13.0,8.0,11.5,12.125,14.333333333333334,13.0
MT,2018-03-19/2018-03-25,3,13,13,1000000,50000,12,1.0,6.123233995736766e-17,0.992708874098054,0.120536680255323,0.30000000000000004,0.18181818181818188,10.0,13.0,11.0,8.0,10.75,12.375,14.25,7.0
MT,2018-03-26/2018-04-01,3,7,7,1000000,50000,13,1.0,6.123233995736766e-17,1.0,-1.6081226496766364e-16,-0.46153846153846156,-0.2222222222222222,13.0,10.0,9.0,17.0,11.25,13.0,13.5,13.0
MT,2018-04-02/2018-04-08,4,13,13,1000000,50000,14,0.8660254037844387,-0.4999999999999998,0.992708874098054,-0.12053668025532288,0.8571428571428572,0.0,7.0,13.0,13.0,18.0,10.75,11.75,12.333333333333334,15.0
MT,2018-04-09/2018-04-15,4,15,15,1000000,50000,15,0.8660254037844387,-0.4999999999999998,0.9709418174260521,-0.2393156642875575,0.15384615384615374,0.5,13.0,7.0,10.0,13.0,10.75,11.125,11.666666666666666,12.0
MT,2018-04-16/2018-04-22,4,12,12,1000000,50000,16,0.8660254037844387,-0.4999999999999998,0.9350162426854148,-0.35460488704253545,-0.19999999999999996,-0.07692307692307687,15.0,13.0,13.0,11.0,12.0,11.375,12.25,21.0
MT,2018-04-23/2018-04-29,4,21,21,1000000,50000,17,0.8660254037844387,-0.4999999999999998,0.8854560256532099,-0.4647231720437685,0.75,2.0,12.0,15.0,7.0,9.0,11.75,11.5,12.583333333333334,3.0
MT,2018-04-30/2018-05-06,4,3,3,1000000,50000,18,0.8660254037844387,-0.4999999999999998,0.8229838658936565,-0.5680647467311557,-0.8571428571428572,-0.7692307692307692,21.0,12.0,13.0,13.0,15.25,13.0,12.916666666666666,20.0
MT,2018-04-30/2018-05-06,5,20,20,1000000,50000,18,0.49999999999999994,-0.8660254037844387,0.8229838658936565,-0.5680647467311557,5.666666666666667,0.33333333333333326,3.0,21.0,15.0,10.0,12.75,11.75,11.666666666666666,22.0
MT,2018-05-07/2018-05-13,5,22,22,1000000,50000,19,0.49999999999999994,-0.8660254037844387,0.7485107481711013,-0.663122658240795,0.10000000000000009,0.8333333333333333,20.0,3.0,12.0,13.0,14.0,13.0,12.25,12.0
MT,2018-05-14/2018-05-20,5,12,12,1000000,50000,20,0.49999999999999994,-0.8660254037844387,0.6631226582407952,-0.7485107481711012,-0.4545454545454546,-0.4285714285714286,22.0,20.0,21.0,7.0,16.5,14.125,13.166666666666666,5.0
MT,2018-05-21/2018-05-27,5,5,5,1000000,50000,21,0.49999999999999994,-0.8660254037844387,0.5680647467311558,-0.8229838658936564,-0.5833333333333333,0.6666666666666667,12.0,22.0,3.0,13.0,14.25,14.75,13.416666666666666,7.0
MT,2018-05-28/2018-06-03,5,7,7,1000000,50000,22,0.49999999999999994,-0.8660254037844387,0.46472317204376906,-0.8854560256532096,0.3999999999999999,-0.65,5.0,12.0,20.0,15.0,14.75,13.75,12.75,1.0
MT,2018-05-28/2018-06-03,6,1,1,1000000,50000,22,1.2246467991473532e-16,-1.0,0.46472317204376906,-0.8854560256532096,-0.8571428571428572,-0.9545454545454546,7.0,5.0,22.0,12.0,11.5,12.75,12.5,8.0
MT,2018-06-04/2018-06-10,6,8,8,1000000,50000,23,1.2246467991473532e-16,-1.0,0.35460488704253584,-0.9350162426854147,7.0,-0.33333333333333337,1.0,7.0,12.0,21.0,6.25,11.375,11.5,14.0
MT,2018-06-11/2018-06-17,6,14,14,1000000,50000,24,1.2246467991473532e-16,-1.0,0.23931566428755768,-0.970941817426052,0.75,1.7999999999999998,8.0,1.0,5.0,3.0,5.25,9.75,11.583333333333334,20.0
MT,2018-06-18/2018-06-24,6,20,20,1000000,50000,25,1.2246467991473532e-16,-1.0,0.12053668025532308,-0.992708874098054,0.4285714285714286,1.8571428571428572,14.0,8.0,7.0,20.0,7.5,11.125,11.666666666666666,15.0
MT,2018-06-25/2018-07-01,6,15,15,1000000,50000,26,1.2246467991473532e-16,-1.0,-3.216245299353273e-16,-1.0,-0.25,14.0,20.0,14.0,1.0,22.0,10.75,11.125,12.083333333333334,3.0
MT,2018-06-25/2018-07-01,7,3,3,1000000,50000,26,-0.4999999999999997,-0.8660254037844388,-3.216245299353273e-16,-1.0,-0.8,-0.625,15.0,20.0,8.0,12.0,14.25,10.25,12.333333333333334,6.0
MT,2018-07-02/2018-07-08,7,6,6,1000000,50000,27,-0.4999999999999997,-0.8660254037844388,-0.12053668025532283,-0.992708874098054,1.0,-0.5714285714285714,3.0,15.0,14.0,5.0,13.0,9.125,10.833333333333334,9.0
MT,2018-07-09/2018-07-15,7,9,9,1000000,50000,28,-0.4999999999999997,-0.8660254037844388,-0.23931566428755743,-0.9709418174260521,0.5,-0.55,6.0,3.0,20.0,7.0,11.0,9.25,11.083333333333334,10.0
MT,2018-07-16/2018-07-22,7,10,10,1000000,50000,29,-0.4999999999999997,-0.8660254037844388,-0.3546048870425356,-0.9350162426854148,0.11111111111111116,-0.33333333333333337,9.0,6.0,15.0,1.0,8.25,9.5,10.166666666666666,13.0
MT,2018-07-23/2018-07-29,7,13,13,1000000,50000,30,-0.4999999999999997,-0.8660254037844388,-0.46472317204376806,-0.8854560256532101,0.30000000000000004,3.333333333333333,10.0,9.0,3.0,8.0,7.0,10.625,9.166666666666666,6.0
MT,2018-07-30/2018-08-05,7,6,6,1000000,50000,31,-0.4999999999999997,-0.8660254037844388,-0.5680647467311556,-0.8229838658936565,-0.5384615384615384,0.0,13.0,10.0,6.0,14.0,9.5,11.25,9.25,12.0
MT,2018-07-30/2018-08-05,8,12,12,1000000,50000,31,-0.8660254037844384,-0.5000000000000004,-0.5680647467311556,-0.8229838658936565,1.0,0.33333333333333326,6.0,13.0,9.0,20.0,9.5,10.25,9.333333333333334,12.0
MT,2018-08-06/2018-08-12,8,12,12,1000000,50000,32,-0.8660254037844384,-0.5000000000000004,-0.663122658240795,-0.7485107481711013,0.0,0.19999999999999996,12.0,6.0,10.0,15.0,10.25,9.25,9.75,11.0
MT,2018-08-13/2018-08-19,8,11,11,1000000,50000,33,-0.8660254037844384,-0.5000000000000004,-0.7485107481711011,-0.6631226582407952,-0.08333333333333337,-0.15384615384615385,12.0,12.0,13.0,3.0,10.75,8.875,10.666666666666666,4.0
PA,2016-10-03/2016-10-09,10,4,4,1000000,50000,40,-0.8660254037844386,0.5000000000000001,-0.992708874098054,0.1205366802553232,0.0,0.0,,,,,,,,1.0
PA,2017-01-09/2017-01-15,1,1,1,1000000,50000,2,0.49999999999999994,0.8660254037844387,0.23931566428755774,0.970941817426052,-0.75,0.0,4.0,,,,,,,3.0
PA,2017-01-16/2017-01-22,1,3,3,1000000,50000,3,0.49999999999999994,0.8660254037844387,0.3546048870425356,0.9350162426854148,2.0,0.0,1.0,4.0,,,2.5,2.5,2.5,4.0
PA,2017-01-23/2017-01-29,1,4,4,1000000,50000,4,0.49999999999999994,0.8660254037844387,0.4647231720437685,0.8854560256532099,0.33333333333333326,0.0,3.0,1.0,,,2.6666666666666665,2.6666666666666665,2.6666666666666665,2.0
PA,2017-01-30/2017-02-05,1,2,2,1000000,50000,5,0.49999999999999994,0.8660254037844387,0.5680647467311558,0.8229838658936564,-0.5,-0.5,4.0,3.0,4.0,,3.0,3.0,3.0,5.0
PA,2017-01-30/2017-02-05,2,5,5,1000000,50000,5,0.8660254037844386,0.5000000000000001,0.5680647467311558,0.8229838658936564,1.5,4.0,2.0,4.0,1.0,,2.5,2.8,2.8,6.0
PA,2017-02-06/2017-02-12,2,6,6,1000000,50000,6,0.8660254037844386,0.5000000000000001,0.6631226582407952,0.7485107481711011,0.19999999999999996,1.0,5.0,2.0,3.0,,3.5,3.1666666666666665,3.1666666666666665,7.0
PA,2017-02-13/2017-02-19,2,7,7,1000000,50000,7,0.8660254037844386,0.5000000000000001,0.7485107481711011,0.6631226582407953,0.16666666666666674,0.75,6.0,5.0,4.0,,4.25,3.5714285714285716,3.5714285714285716,3.0
PA,2017-02-20/2017-02-26,2,3,3,1000000,50000,8,0.8660254037844386,0.5000000000000001,0.8229838658936564,0.5680647467311559,-0.5714285714285714,0.5,7.0,6.0,2.0,4.0,5.0,4.0,4.0,3.0
PA,2017-02-27/2017-03-05,2,3,3,1000000,50000,9,0.8660254037844386,0.5000000000000001,0.8854560256532099,0.4647231720437686,0.0,-0.4,3.0,7.0,5.0,1.0,5.25,3.875,3.888888888888889,4.0
PA,2017-02-27/2017-03-05,3,4,4,1000000,50000,9,1.0,6.123233995736766e-17,0.8854560256532099,0.4647231720437686,0.33333333333333326,-0.33333333333333337,3.0,3.0,6.0,3.0,4.75,4.125,3.8,5.0
PA,2017-03-06/2017-03-12,3,5,5,1000000,50000,10,1.0,6.123233995736766e-17,0.9350162426854148,0.35460488704253557,0.25,-0.2857142857142857,4.0,3.0,7.0,4.0,4.25,4.25,3.8181818181818183,8.0
PA,2017-03-13/2017-03-19,3,8,8,1000000,50000,11,1.0,6.123233995736766e-17,0.970941817426052,0.23931566428755804,0.6000000000000001,1.6666666666666665,5.0,4.0,3.0,2.0,3.75,4.375,3.9166666666666665,9.0
PA,2017-03-20/2017-03-26,3,9,9,1000000,50000,12,1.0,6.123233995736766e-17,0.992708874098054,0.120536680255323,0.125,2.0,8.0,5.0,3.0,5.0,5.0,5.125,4.25,9.0
PA,2017-03-27/2017-04-02,3,9,9,1000000,50000,13,1.0,6.123233995736766e-17,1.0,-1.6081226496766364e-16,0.0,1.25,9.0,8.0,4.0,6.0,6.5,5.625,4.916666666666667,2.0
PA,2017-03-27/2017-04-02,4,2,2,1000000,50000,13,0.8660254037844387,-0.4999999999999998,1.0,-1.6081226496766364e-16,-0.7777777777777778,-0.6,9.0,9.0,5.0,7.0,7.75,6.0,5.416666666666667,9.0
PA,2017-04-03/2017-04-09,4,9,9,1000000,50000,14,0.8660254037844387,-0.4999999999999998,0.992708874098054,-0.12053668025532288,3.5,0.125,2.0,9.0,8.0,3.0,7.0,5.375,5.25,6.0
PA,2017-04-10/2017-04-16,4,6,6,1000000,50000,15,0.8660254037844387,-0.4999999999999998,0.9709418174260521,-0.2393156642875575,-0.33333333333333337,-0.33333333333333337,9.0,2.0,9.0,3.0,7.25,6.125,5.833333333333333,11.0
PA,2017-04-17/2017-04-23,4,11,11,1000000,50000,16,0.8660254037844387,-0.4999999999999998,0.9350162426854148,-0.35460488704253545,0.8333333333333333,0.22222222222222232,6.0,9.0,9.0,4.0,6.5,6.5,5.916666666666667,8.0
PA,2017-04-24/2017-04-30,4,8,8,1000000,50000,17,0.8660254037844387,-0.4999999999999998,0.8854560256532099,-0.4647231720437685,-0.2727272727272727,3.0,11.0,6.0,2.0,5.0,7.0,7.375,6.333333333333333,5.0
PA,2017-05-01/2017-05-07,5,5,5,1000000,50000,18,0.49999999999999994,-0.8660254037844387,0.8229838658936565,-0.5680647467311557,-0.375,-0.4444444444444444,8.0,11.0,9.0,8.0,8.5,7.75,6.416666666666667,5.0
PA,2017-05-08/2017-05-14,5,5,5,1000000,50000,19,0.49999999999999994,-0.8660254037844387,0.7485107481711013,-0.663122658240795,0.0,-0.16666666666666663,5.0,8.0,6.0,9.0,7.5,7.375,6.583333333333333,13.0
PA,2017-05-15/2017-05-21,5,13,13,1000000,50000,20,0.49999999999999994,-0.8660254037844387,0.6631226582407952,-0.7485107481711012,1.6,0.18181818181818188,5.0,5.0,11.0,9.0,7.25,6.875,6.75,7.0
PA,2017-05-22/2017-05-28,5,7,7,1000000,50000,21,0.49999999999999994,-0.8660254037844387,0.5680647467311558,-0.8229838658936564,-0.46153846153846156,-0.125,13.0,5.0,8.0,2.0,7.75,7.375,7.5,5.0
PA,2017-05-29/2017-06-04,5,5,5,1000000,50000,22,0.49999999999999994,-0.8660254037844387,0.46472317204376906,-0.8854560256532096,-0.2857142857142857,0.0,7.0,13.0,5.0,9.0,7.5,8.0,7.666666666666667,6.0
PA,2017-05-29/2017-06-04,6,6,6,1000000,50000,22,1.2246467991473532e-16,-1.0,0.46472317204376906,-0.8854560256532096,0.19999999999999996,0.19999999999999996,5.0,7.0,5.0,6.0,7.5,7.5,7.416666666666667,12.0
PA,2017-06-05/2017-06-11,6,12,12,1000000,50000,23,1.2246467991473532e-16,-1.0,0.35460488704253584,-0.9350162426854147,1.0,-0.07692307692307687,6.0,5.0,13.0,11.0,7.75,7.5,7.166666666666667,5.0
PA,2017-06-12/2017-06-18,6,5,5,1000000,50000,24,1.2246467991473532e-16,-1.0,0.23931566428755768,-0.970941817426052,-0.5833333333333333,-0.2857142857142857,12.0,6.0,7.0,8.0,7.5,7.625,7.416666666666667,6.0
PA,2017-06-19/2017-06-25,6,6,6,1000000,50000,25,1.2246467991473532e-16,-1.0,0.12053668025532308,-0.992708874098054,0.19999999999999996,0.19999999999999996,5.0,12.0,5.0,5.0,7.0,7.25,7.666666666666667,7.0
PA,2017-06-26/2017-07-02,6,7,7,1000000,50000,26,1.2246467991473532e-16,-1.0,-3.216245299353273e-16,-1.0,0.16666666666666674,0.16666666666666674,6.0,5.0,6.0,5.0,7.25,7.375,7.416666666666667,1.0
PA,2017-06-26/2017-07-02,7,1,1,1000000,50000,26,-0.4999999999999997,-0.8660254037844388,-3.216245299353273e-16,-1.0,-0.8571428571428572,-0.9166666666666666,7.0,6.0,12.0,13.0,7.5,7.625,7.5,7.0
PA,2017-07-03/2017-07-09,7,7,7,1000000,50000,27,-0.4999999999999997,-0.8660254037844388,-0.12053668025532283,-0.992708874098054,6.0,0.3999999999999999,1.0,7.0,5.0,7.0,4.75,6.125,6.666666666666667,13.0
PA,2017-07-10/2017-07-16,7,13,13,1000000,50000,28,-0.4999999999999997,-0.8660254037844388,-0.23931566428755743,-0.9709418174260521,0.8571428571428572,1.1666666666666665,7.0,1.0,6.0,5.0,5.25,6.125,6.583333333333333,8.0
PA,2017-07-17/2017-07-23,7,8,8,1000000,50000,29,-0.4999999999999997,-0.8660254037844388,-0.3546048870425356,-0.9350162426854148,-0.3846153846153846,0.1428571428571428,13.0,7.0,7.0,6.0,7.0,7.125,7.25,6.0
PA,2017-07-24/2017-07-30,7,6,6,1000000,50000,30,-0.4999999999999997,-0.8660254037844388,-0.46472317204376806,-0.8854560256532101,-0.25,5.0,8.0,13.0,1.0,12.0,7.25,7.375,7.5,1.0
PA,2017-07-31/2017-08-06,7,1,1,1000000,50000,31,-0.4999999999999997,-0.8660254037844388,-0.5680647467311556,-0.8229838658936565,-0.8333333333333334,-0.8571428571428572,6.0,8.0,7.0,5.0,8.5,6.625,6.916666666666667,15.0
PA,2017-07-31/2017-08-06,8,15,15,1000000,50000,31,-0.8660254037844384,-0.5000000000000004,-0.5680647467311556,-0.8229838658936565,14.0,0.15384615384615374,1.0,6.0,13.0,6.0,7.0,6.125,6.416666666666667,6.0
PA,2017-08-07/2017-08-13,8,6,6,1000000,50000,32,-0.8660254037844384,-0.5000000000000004,-0.663122658240795,-0.7485107481711013,-0.6,-0.25,15.0,1.0,8.0,7.0,7.5,7.25,7.25,12.0
PA,2017-08-14/2017-08-20,8,12,12,1000000,50000,33,-0.8660254037844384,-0.5000000000000004,-0.7485107481711011,-0.6631226582407952,1.0,1.0,6.0,15.0,6.0,1.0,7.0,7.125,7.25,15.0
PA,2017-08-21/2017-08-27,8,15,15,1000000,50000,34,-0.8660254037844384,-0.5000000000000004,-0.8229838658936564,-0.5680647467311559,0.25,14.0,12.0,6.0,1.0,7.0,8.5,8.5,7.25,9.0
PA,2017-08-28/2017-09-03,8,9,9,1000000,50000,35,-0.8660254037844384,-0.5000000000000004,-0.8854560256532096,-0.4647231720437691,-0.4,-0.4,15.0,12.0,15.0,13.0,12.0,9.5,8.083333333333334,1.0
PA,2017-08-28/2017-09-03,9,1,1,1000000,50000,35,-1.0,-1.8369701987210297e-16,-0.8854560256532096,-0.4647231720437691,-0.8888888888888888,-0.8333333333333334,9.0,15.0,6.0,8.0,10.5,9.0,8.333333333333334,8.0
PA,2017-09-04/2017-09-10,9,8,8,1000000,50000,36,-1.0,-1.8369701987210297e-16,-0.9350162426854147,-0.3546048870425359,7.0,-0.33333333333333337,1.0,9.0,12.0,6.0,9.25,8.125,7.833333333333333,13.0
PA,2017-09-11/2017-09-17,9,13,13,1000000,50000,37,-1.0,-1.8369701987210297e-16,-0.970941817426052,-0.23931566428755774,0.625,-0.1333333333333333,8.0,1.0,15.0,1.0,8.25,8.375,8.416666666666666,12.0
PA,2017-09-18/2017-09-24,9,12,12,1000000,50000,38,-1.0,-1.8369701987210297e-16,-0.992708874098054,-0.12053668025532357,-0.07692307692307687,0.33333333333333326,13.0,8.0,9.0,15.0,7.75,9.875,8.916666666666666,7.0
PA,2017-09-25/2017-10-01,9,7,7,1000000,50000,39,-1.0,-1.8369701987210297e-16,-1.0,-1.8369701987210297e-16,-0.41666666666666663,6.0,12.0,13.0,1.0,6.0,8.5,9.5,8.833333333333334,9.0
PA,2017-10-02/2017-10-08,10,9,9,1000000,50000,40,-0.8660254037844386,0.5000000000000001,-0.992708874098054,0.1205366802553232,0.2857142857142858,0.125,7.0,12.0,8.0,12.0,10.0,9.625,8.75,12.0
PA,2017-10-09/2017-10-15,10,12,12,1000000,50000,41,-0.8660254037844386,0.5000000000000001,-0.9709418174260521,0.23931566428755738,0.33333333333333326,-0.07692307692307687,9.0,7.0,13.0,15.0,10.25,9.25,9.0,15.0
PA,2017-10-16/2017-10-22,10,15,15,1000000,50000,42,-0.8660254037844386,0.5000000000000001,-0.9350162426854148,0.35460488704253557,0.25,0.25,12.0,9.0,12.0,9.0,10.0,8.875,9.916666666666666,13.0
PA,2017-10-23/2017-10-29,10,13,13,1000000,50000,43,-0.8660254037844386,0.5000000000000001,-0.8854560256532101,0.464723172043768,-0.1333333333333333,0.8571428571428572,15.0,12.0,7.0,1.0,10.75,9.625,9.916666666666666,3.0
PA,2017-10-30/2017-11-05,10,3,3,1000000,50000,44,-0.8660254037844386,0.5000000000000001,-0.822983865893657,0.5680647467311548,-0.7692307692307692,-0.6666666666666667,13.0,15.0,9.0,8.0,12.25,11.125,10.5,12.0
PA,2017-10-30/2017-11-05,11,12,12,1000000,50000,44,-0.5000000000000004,0.8660254037844384,-0.822983865893657,0.5680647467311548,3.0,0.0,3.0,13.0,12.0,13.0,10.75,10.5,9.75,14.0
PA,2017-11-06/2017-11-12,11,14,14,1000000,50000,45,-0.5000000000000004,0.8660254037844384,-0.7485107481711011,0.6631226582407952,0.16666666666666674,-0.06666666666666665,12.0,3.0,15.0,12.0,10.75,10.375,9.5,7.0
PA,2017-11-13/2017-11-19,11,7,7,1000000,50000,46,-0.5000000000000004,0.8660254037844384,-0.6631226582407955,0.7485107481711007,-0.5,-0.46153846153846156,14.0,12.0,13.0,7.0,10.5,10.625,9.916666666666666,26.0
PA,2017-11-20/2017-11-26,11,26,26,1000000,50000,47,-0.5000000000000004,0.8660254037844384,-0.5680647467311559,0.8229838658936564,2.7142857142857144,7.666666666666666,7.0,14.0,3.0,9.0,9.0,10.625,10.416666666666666,10.0
PA,2017-11-27/2017-12-03,11,10,10,1000000,50000,48,-0.5000000000000004,0.8660254037844384,-0.4647231720437684,0.88545602565321,-0.6153846153846154,-0.16666666666666663,26.0,7.0,12.0,12.0,14.75,12.75,11.916666666666666,8.0
PA,2017-11-27/2017-12-03,12,8,8,1000000,50000,48,-2.4492935982947064e-16,1.0,-0.4647231720437684,0.88545602565321,-0.19999999999999996,-0.4285714285714286,10.0,26.0,14.0,15.0,14.25,12.5,11.666666666666666,21.0
PA,2017-12-04/2017-12-10,12,21,21,1000000,50000,49,-2.4492935982947064e-16,1.0,-0.35460488704253595,0.9350162426854147,1.625,2.0,8.0,10.0,7.0,13.0,12.75,11.625,11.333333333333334,10.0
PA,2017-12-11/2017-12-17,12,10,10,1000000,50000,50,-2.4492935982947064e-16,1.0,-0.2393156642875578,0.970941817426052,-0.5238095238095238,-0.6153846153846154,21.0,8.0,26.0,3.0,16.25,12.625,12.5,12.0
PA,2017-12-18/2017-12-24,12,12,12,1000000,50000,51,-2.4492935982947064e-16,1.0,-0.12053668025532363,0.992708874098054,0.19999999999999996,0.19999999999999996,10.0,21.0,10.0,12.0,12.25,13.5,12.583333333333334,7.0
PA,2017-12-25/2017-12-31,12,7,7,1000000,50000,52,-2.4492935982947064e-16,1.0,6.432490598706546e-16,1.0,-0.41666666666666663,-0.125,12.0,10.0,8.0,14.0,12.75,13.5,12.583333333333334,12.0
PA,2018-01-01/2018-01-07,1,12,12,1000000,50000,1,0.49999999999999994,0.8660254037844387,0.12053668025532305,0.992708874098054,0.7142857142857142,-0.4285714285714286,7.0,12.0,21.0,7.0,12.5,12.625,11.916666666666666,21.0
PA,2018-01-08/2018-01-14,1,21,21,1000000,50000,2,0.49999999999999994,0.8660254037844387,0.23931566428755774,0.970941817426052,0.75,1.1,12.0,7.0,10.0,26.0,10.25,13.25,11.833333333333334,16.0
PA,2018-01-15/2018-01-21,1,16,16,1000000,50000,3,0.49999999999999994,0.8660254037844387,0.3546048870425356,0.9350162426854148,-0.23809523809523814,0.33333333333333326,21.0,12.0,12.0,10.0,13.0,12.625,13.333333333333334,10.0
PA,2018-01-22/2018-01-28,1,10,10,1000000,50000,4,0.49999999999999994,0.8660254037844387,0.4647231720437685,0.8854560256532099,-0.375,0.4285714285714286,16.0,21.0,7.0,8.0,14.0,13.375,13.666666666666666,10.0
PA,2018-01-29/2018-02-04,1,10,10,1000000,50000,5,0.49999999999999994,0.8660254037844387,0.5680647467311558,0.8229838658936564,0.0,-0.16666666666666663,10.0,16.0,12.0,21.0,14.75,13.625,13.333333333333334,10.0
PA,2018-01-29/2018-02-04,2,10,10,1000000,50000,5,0.8660254037844386,0.5000000000000001,0.5680647467311558,0.8229838658936564,0.0,-0.5238095238095238,10.0,10.0,21.0,10.0,14.25,12.25,13.583333333333334,14.0
PA,2018-02-05/2018-02-11,2,14,14,1000000,50000,6,0.8660254037844386,0.5000000000000001,0.6631226582407952,0.7485107481711011,0.3999999999999999,-0.125,10.0,10.0,16.0,12.0,11.5,12.25,12.25,15.0
PA,2018-02-12/2018-02-18,2,15,15,1000000,50000,7,0.8660254037844386,0.5000000000000001,0.7485107481711011,0.6631226582407953,0.0714285714285714,0.5,14.0,10.0,10.0,7.0,11.0,12.5,12.583333333333334,9.0
PA,2018-02-19/2018-02-25,2,9,9,1000000,50000,8,0.8660254037844386,0.5000000000000001,0.8229838658936564,0.5680647467311559,-0.4,-0.09999999999999998,15.0,14.0,10.0,12.0,12.25,13.5,13.166666666666666,9.0
PA,2018-02-26/2018-03-04,2,9,9,1000000,50000,9,0.8660254037844386,0.5000000000000001,0.8854560256532099,0.4647231720437686,0.0,-0.09999999999999998,9.0,15.0,10.0,21.0,12.0,13.125,12.166666666666666,16.0
PA,2018-02-26/2018-03-04,3,16,16,1000000,50000,9,1.0,6.123233995736766e-17,0.8854560256532099,0.4647231720437686,0.7777777777777777,0.1428571428571428,9.0,9.0,14.0,16.0,11.75,11.625,12.083333333333334,18.0
PA,2018-03-05/2018-03-11,3,18,18,1000000,50000,10,1.0,6.123233995736766e-17,0.9350162426854148,0.35460488704253557,0.125,0.19999999999999996,16.0,9.0,15.0,10.0,12.25,11.625,12.416666666666666,16.0
PA,2018-03-12/2018-03-18,3,16,16,1000000,50000,11,1.0,6.123233995736766e-17,0.970941817426052,0.23931566428755804,-0.11111111111111116,0.7777777777777777,18.0,16.0,9.0,10.0,13.0,12.625,13.333333333333334,12.0
PA,2018-03-19/2018-03-25,3,12,12,1000000,50000,12,1.0,6.123233995736766e-17,0.992708874098054,0.120536680255323,-0.25,0.33333333333333326,16.0,18.0,9.0,10.0,14.75,13.375,13.666666666666666,5.0
PA,2018-03-26/2018-04-01,3,5,5,1000000,50000,13,1.0,6.123233995736766e-17,1.0,-1.6081226496766364e-16,-0.5833333333333333,-0.6875,12.0,16.0,16.0,14.0,15.5,13.625,12.916666666666666,3.0
PA,2018-03-26/2018-04-01,4,3,3,1000000,50000,13,0.8660254037844387,-0.4999999999999998,1.0,-1.6081226496766364e-16,-0.4,-0.8333333333333334,5.0,12.0,18.0,15.0,12.75,12.5,12.0,13.0
PA,2018-04-02/2018-04-08,4,13,13,1000000,50000,14,0.8660254037844387,-0.4999999999999998,0.992708874098054,-0.12053668025532288,3.333333333333333,-0.1875,3.0,5.0,16.0,9.0,9.0,11.0,11.416666666666666,16.0
PA,2018-04-09/2018-04-15,4,16,16,1000000,50000,15,0.8660254037844387,-0.4999999999999998,0.9709418174260521,-0.2393156642875575,0.23076923076923084,0.33333333333333326,13.0,3.0,12.0,9.0,8.25,11.5,11.666666666666666,16.0
PA,2018-04-16/2018-04-22,4,16,16,1000000,50000,16,0.8660254037844387,-0.4999999999999998,0.9350162426854148,-0.35460488704253545,0.0,2.2,16.0,13.0,5.0,16.0,9.25,12.375,12.166666666666666,17.0
PA,2018-04-23/2018-04-29,4,17,17,1000000,50000,17,0.8660254037844387,-0.4999999999999998,0.8854560256532099,-0.4647231720437685,0.0625,4.666666666666667,16.0,16.0,3.0,18.0,12.0,12.375,12.333333333333334,1.0
PA,2018-04-30/2018-05-06,4,1,1,1000000,50000,18,0.8660254037844387,-0.4999999999999998,0.8229838658936565,-0.5680647467311557,-0.9411764705882353,-0.9230769230769231,17.0,16.0,13.0,16.0,15.5,12.25,12.5,8.0
PA,2018-04-30/2018-05-06,5,8,8,1000000,50000,18,0.49999999999999994,-0.8660254037844387,0.8229838658936565,-0.5680647467311557,7.0,-0.5,1.0,17.0,16.0,12.0,12.5,10.375,11.833333333333334,15.0
PA,2018-05-07/2018-05-13,5,15,15,1000000,50000,19,0.49999999999999994,-0.8660254037844387,0.7485107481711013,-0.663122658240795,0.875,-0.0625,8.0,1.0,16.0,5.0,10.5,9.875,11.75,9.0
PA,2018-05-14/2018-05-20,5,9,9,1000000,50000,20,0.49999999999999994,-0.8660254037844387,0.6631226582407952,-0.7485107481711012,-0.4,-0.47058823529411764,15.0,8.0,17.0,3.0,10.25,11.125,11.666666666666666,3.0
PA,2018-05-21/2018-05-27,5,3,3,1000000,50000,21,0.49999999999999994,-0.8660254037844387,0.5680647467311558,-0.8229838658936564,-0.6666666666666667,2.0,9.0,15.0,1.0,13.0,8.25,11.875,10.916666666666666,5.0
PA,2018-05-28/2018-06-03,5,5,5,1000000,50000,22,0.49999999999999994,-0.8660254037844387,0.46472317204376906,-0.8854560256532096,0.6666666666666667,-0.375,3.0,9.0,8.0,16.0,8.75,10.625,9.833333333333334,3.0
PA,2018-05-28/2018-06-03,6,3,3,1000000,50000,22,1.2246467991473532e-16,-1.0,0.46472317204376906,-0.8854560256532096,-0.4,-0.8,5.0,3.0,15.0,16.0,8.0,9.25,9.25,16.0
PA,2018-06-04/2018-06-10,6,16,16,1000000,50000,23,1.2246467991473532e-16,-1.0,0.35460488704253584,-0.9350162426854147,4.333333333333333,0.7777777777777777,3.0,5.0,9.0,17.0,5.0,7.625,9.083333333333334,16.0
PA,2018-06-11/2018-06-17,6,16,16,1000000,50000,24,1.2246467991473532e-16,-1.0,0.23931566428755768,-0.970941817426052,0.0,4.333333333333333,16.0,3.0,3.0,1.0,6.75,7.5,10.166666666666666,11.0
PA,2018-06-18/2018-06-24,6,11,11,1000000,50000,25,1.2246467991473532e-16,-1.0,0.12053668025532308,-0.992708874098054,-0.3125,1.2000000000000002,16.0,16.0,5.0,8.0,10.0,9.375,10.416666666666666,8.0
PA,2018-06-25/2018-07-01,6,8,8,1000000,50000,26,1.2246467991473532e-16,-1.0,-3.216245299353273e-16,-1.0,-0.2727272727272727,1.6666666666666665,11.0,16.0,3.0,15.0,11.5,9.75,10.0,7.0
PA,2018-07-02/2018-07-08,7,7,7,1000000,50000,27,-0.4999999999999997,-0.8660254037844388,-0.12053668025532283,-0.992708874098054,-0.125,-0.5625,8.0,11.0,16.0,9.0,12.75,8.875,9.333333333333334,10.0
PA,2018-07-09/2018-07-15,7,10,10,1000000,50000,28,-0.4999999999999997,-0.8660254037844388,-0.23931566428755743,-0.9709418174260521,0.4285714285714286,-0.375,7.0,8.0,16.0,3.0,10.5,8.625,8.5,20.0
PA,2018-07-16/2018-07-22,7,20,20,1000000,50000,29,-0.4999999999999997,-0.8660254037844388,-0.3546048870425356,-0.9350162426854148,1.0,0.8181818181818181,10.0,7.0,11.0,5.0,9.0,9.5,9.25,15.0
PA,2018-07-23/2018-07-29,7,15,15,1000000,50000,30,-0.4999999999999997,-0.8660254037844388,-0.46472317204376806,-0.8854560256532101,-0.25,0.875,20.0,10.0,8.0,3.0,11.25,11.375,10.25,5.0
PA,2018-07-30/2018-08-05,7,5,5,1000000,50000,31,-0.4999999999999997,-0.8660254037844388,-0.5680647467311556,-0.8229838658936565,-0.6666666666666667,-0.2857142857142857,15.0,20.0,7.0,16.0,13.0,12.875,10.25,23.0
PA,2018-07-30/2018-08-05,8,23,23,1000000,50000,31,-0.8660254037844384,-0.5000000000000004,-0.5680647467311556,-0.8229838658936565,3.5999999999999996,1.2999999999999998,5.0,15.0,10.0,16.0,12.5,11.5,9.916666666666666,12.0
PA,2018-08-06/2018-08-12,8,12,12,1000000,50000,32,-0.8660254037844384,-0.5000000000000004,-0.663122658240795,-0.7485107481711013,-0.4782608695652174,-0.4,23.0,5.0,20.0,11.0,15.75,12.375,11.583333333333334,8.0
PB,2016-10-10/2016-10-16,10,1,1,1000000,50000,41,-0.8660254037844386,0.5000000000000001,-0.9709418174260521,0.23931566428755738,0.0,0.0,,,,,,,,1.0
PB,2017-01-16/2017-01-22,1,1,1,1000000,50000,3,0.49999999999999994,0.8660254037844387,0.3546048870425356,0.9350162426854148,0.0,0.0,1.0,,,,,,,1.0
PB,2017-01-30/2017-02-05,1,1,1,1000000,50000,5,0.49999999999999994,0.8660254037844387,0.5680647467311558,0.8229838658936564,0.0,0.0,1.0,1.0,,,1.0,1.0,1.0,2.0
PB,2017-01-30/2017-02-05,2,2,2,1000000,50000,5,0.8660254037844386,0.5000000000000001,0.5680647467311558,0.8229838658936564,1.0,0.0,1.0,1.0,,,1.0,1.0,1.0,3.0
PB,2017-02-06/2017-02-12,2,3,3,1000000,50000,6,0.8660254037844386,0.5000000000000001,0.6631226582407952,0.7485107481711011,0.5,2.0,2.0,1.0,1.0,,1.25,1.25,1.25,3.0
PB,2017-02-13/2017-02-19,2,3,3,1000000,50000,7,0.8660254037844386,0.5000000000000001,0.7485107481711011,0.6631226582407953,0.0,2.0,3.0,2.0,1.0,,1.75,1.6,1.6,2.0
PB,2017-02-20/2017-02-26,2,2,2,1000000,50000,8,0.8660254037844386,0.5000000000000001,0.8229838658936564,0.5680647467311559,-0.33333333333333337,1.0,3.0,3.0,1.0,,2.25,1.8333333333333333,1.8333333333333333,1.0
PB,2017-02-27/2017-03-05,2,1,1,1000000,50000,9,0.8660254037844386,0.5000000000000001,0.8854560256532099,0.4647231720437686,-0.5,-0.5,2.0,3.0,2.0,,2.5,1.8571428571428572,1.8571428571428572,5.0
PB,2017-02-27/2017-03-05,3,5,5,1000000,50000,9,1.0,6.123233995736766e-17,0.8854560256532099,0.4647231720437686,4.0,0.6666666666666667,1.0,2.0,3.0,1.0,2.25,1.75,1.75,1.0
PB,2017-03-06/2017-03-12,3,1,1,1000000,50000,10,1.0,6.123233995736766e-17,0.9350162426854148,0.35460488704253557,-0.8,-0.6666666666666667,5.0,1.0,3.0,1.0,2.75,2.25,2.111111111111111,3.0
PB,2017-03-13/2017-03-19,3,3,3,1000000,50000,11,1.0,6.123233995736766e-17,0.970941817426052,0.23931566428755804,2.0,0.5,1.0,5.0,2.0,1.0,2.25,2.25,2.0,2.0
PB,2017-03-20/2017-03-26,3,2,2,1000000,50000,12,1.0,6.123233995736766e-17,0.992708874098054,0.120536680255323,-0.33333333333333337,1.0,3.0,1.0,1.0,2.0,2.5,2.5,2.090909090909091,5.0
PB,2017-03-27/2017-04-02,3,5,5,1000000,50000,13,1.0,6.123233995736766e-17,1.0,-1.6081226496766364e-16,1.5,0.0,2.0,3.0,5.0,3.0,2.75,2.5,2.0833333333333335,6.0
PB,2017-04-03/2017-04-09,4,6,6,1000000,50000,14,0.8660254037844387,-0.4999999999999998,0.992708874098054,-0.12053668025532288,0.19999999999999996,5.0,5.0,2.0,1.0,3.0,2.75,2.75,2.4166666666666665,3.0
PB,2017-04-10/2017-04-16,4,3,3,1000000,50000,15,0.8660254037844387,-0.4999999999999998,0.9709418174260521,-0.2393156642875575,-0.5,0.0,6.0,5.0,3.0,2.0,4.0,3.125,2.8333333333333335,5.0
PB,2017-04-17/2017-04-23,4,5,5,1000000,50000,16,0.8660254037844387,-0.4999999999999998,0.9350162426854148,-0.35460488704253545,0.6666666666666667,1.5,3.0,6.0,2.0,1.0,4.0,3.25,3.0,6.0
PB,2017-04-24/2017-04-30,4,6,6,1000000,50000,17,0.8660254037844387,-0.4999999999999998,0.8854560256532099,-0.4647231720437685,0.19999999999999996,0.19999999999999996,5.0,3.0,5.0,5.0,4.75,3.75,3.25,7.0
PB,2017-05-01/2017-05-07,5,7,7,1000000,50000,18,0.49999999999999994,-0.8660254037844387,0.8229838658936565,-0.5680647467311557,0.16666666666666674,0.16666666666666674,6.0,5.0,6.0,1.0,5.0,3.875,3.5,4.0
PB,2017-05-08/2017-05-14,5,4,4,1000000,50000,19,0.49999999999999994,-0.8660254037844387,0.7485107481711013,-0.663122658240795,-0.4285714285714286,0.33333333333333326,7.0,6.0,3.0,3.0,5.25,4.625,3.8333333333333335,3.0
PB,2017-05-15/2017-05-21,5,3,3,1000000,50000,20,0.49999999999999994,-0.8660254037844387,0.6631226582407952,-0.7485107481711012,-0.25,-0.4,4.0,7.0,5.0,2.0,5.5,4.75,4.0,2.0
PB,2017-05-22/2017-05-28,5,2,2,1000000,50000,21,0.49999999999999994,-0.8660254037844387,0.5680647467311558,-0.8229838658936564,-0.33333333333333337,-0.6666666666666667,3.0,4.0,6.0,5.0,5.0,4.875,4.166666666666667,1.0
PB,2017-05-29/2017-06-04,5,1,1,1000000,50000,22,0.49999999999999994,-0.8660254037844387,0.46472317204376906,-0.8854560256532096,-0.5,-0.8571428571428572,2.0,3.0,7.0,6.0,4.0,4.5,3.9166666666666665,6.0
PB,2017-05-29/2017-06-04,6,6,6,1000000,50000,22,1.2246467991473532e-16,-1.0,0.46472317204376906,-0.8854560256532096,5.0,0.5,1.0,2.0,4.0,3.0,2.5,3.875,3.9166666666666665,8.0
PB,2017-06-05/2017-06-11,6,8,8,1000000,50000,23,1.2246467991473532e-16,-1.0,0.35460488704253584,-0.9350162426854147,0.33333333333333326,1.6666666666666665,6.0,1.0,3.0,5.0,3.0,4.25,4.166666666666667,2.0
PB,2017-06-12/2017-06-18,6,2,2,1000000,50000,24,1.2246467991473532e-16,-1.0,0.23931566428755768,-0.970941817426052,-0.75,0.0,8.0,6.0,2.0,6.0,4.25,4.625,4.666666666666667,1.0
PB,2017-06-19/2017-06-25,6,1,1,1000000,50000,25,1.2246467991473532e-16,-1.0,0.12053668025532308,-0.992708874098054,-0.5,0.0,2.0,8.0,1.0,7.0,4.25,4.125,4.416666666666667,5.0
PB,2017-06-26/2017-07-02,6,5,5,1000000,50000,26,1.2246467991473532e-16,-1.0,-3.216245299353273e-16,-1.0,4.0,-0.16666666666666663,1.0,2.0,6.0,4.0,4.25,3.375,4.0,3.0
PB,2017-06-26/2017-07-02,7,3,3,1000000,50000,26,-0.4999999999999997,-0.8660254037844388,-3.216245299353273e-16,-1.0,-0.4,-0.625,5.0,1.0,8.0,3.0,4.0,3.5,4.166666666666667,5.0
PB,2017-07-03/2017-07-09,7,5,5,1000000,50000,27,-0.4999999999999997,-0.8660254037844388,-0.12053668025532283,-0.992708874098054,0.6666666666666667,1.5,3.0,5.0,2.0,2.0,2.75,3.5,4.0,5.0
PB,2017-07-10/2017-07-16,7,5,5,1000000,50000,28,-0.4999999999999997,-0.8660254037844388,-0.23931566428755743,-0.9709418174260521,0.0,4.0,5.0,3.0,1.0,1.0,3.5,3.875,3.9166666666666665,7.0
PB,2017-07-17/2017-07-23,7,7,7,1000000,50000,29,-0.4999999999999997,-0.8660254037844388,-0.3546048870425356,-0.9350162426854148,0.3999999999999999,0.3999999999999999,5.0,5.0,5.0,6.0,4.5,4.375,3.75,6.0
PB,2017-07-24/2017-07-30,7,6,6,1000000,50000,30,-0.4999999999999997,-0.8660254037844388,-0.46472317204376806,-0.8854560256532101,-0.1428571428571429,1.0,7.0,5.0,3.0,8.0,5.0,4.5,4.0,4.0
PB,2017-07-31/2017-08-06,8,4,4,1000000,50000,31,-0.8660254037844384,-0.5000000000000004,-0.5680647467311556,-0.8229838658936565,-0.33333333333333337,-0.19999999999999996,6.0,7.0,5.0,2.0,5.75,4.25,4.25,2.0
PB,2017-08-07/2017-08-13,8,2,2,1000000,50000,32,-0.8660254037844384,-0.5000000000000004,-0.663122658240795,-0.7485107481711013,-0.5,-0.6,4.0,6.0,5.0,1.0,5.5,4.5,4.416666666666667,4.0
PB,2017-08-14/2017-08-20,8,4,4,1000000,50000,33,-0.8660254037844384,-0.5000000000000004,-0.7485107481711011,-0.6631226582407952,1.0,-0.4285714285714286,2.0,4.0,7.0,5.0,4.75,4.625,4.5,5.0
PB,2017-08-21/2017-08-27,8,5,5,1000000,50000,34,-0.8660254037844384,-0.5000000000000004,-0.8229838658936564,-0.5680647467311559,0.25,-0.16666666666666663,4.0,2.0,6.0,3.0,4.0,4.5,4.333333333333333,1.0
PB,2017-08-28/2017-09-03,8,1,1,1000000,50000,35,-0.8660254037844384,-0.5000000000000004,-0.8854560256532096,-0.4647231720437691,-0.8,-0.75,5.0,4.0,4.0,5.0,3.75,4.75,4.083333333333333,1.0
PB,2017-08-28/2017-09-03,9,1,1,1000000,50000,35,-1.0,-1.8369701987210297e-16,-0.8854560256532096,-0.4647231720437691,0.0,-0.5,1.0,5.0,2.0,5.0,3.0,4.25,4.0,4.0
PB,2017-09-04/2017-09-10,9,4,4,1000000,50000,36,-1.0,-1.8369701987210297e-16,-0.9350162426854147,-0.3546048870425359,3.0,0.0,1.0,1.0,4.0,7.0,2.75,3.75,4.0,12.0
PB,2017-09-11/2017-09-17,9,12,12,1000000,50000,37,-1.0,-1.8369701987210297e-16,-0.970941817426052,-0.23931566428755774,2.0,1.4,4.0,1.0,5.0,6.0,2.75,3.375,3.9166666666666665,6.0
PB,2017-09-18/2017-09-24,9,6,6,1000000,50000,38,-1.0,-1.8369701987210297e-16,-0.992708874098054,-0.12053668025532357,-0.5,5.0,12.0,4.0,1.0,4.0,4.5,4.125,4.666666666666667,2.0
PB,2017-09-25/2017-10-01,9,2,2,1000000,50000,39,-1.0,-1.8369701987210297e-16,-1.0,-1.8369701987210297e-16,-0.6666666666666667,1.0,6.0,12.0,1.0,2.0,5.75,4.375,4.75,2.0
PB,2017-09-25/2017-10-01,10,2,2,1000000,50000,39,-0.8660254037844386,0.5000000000000001,-1.0,-1.8369701987210297e-16,0.0,-0.5,2.0,6.0,4.0,4.0,6.0,4.375,4.5,6.0
PB,2017-10-02/2017-10-08,10,6,6,1000000,50000,40,-0.8660254037844386,0.5000000000000001,-0.992708874098054,0.1205366802553232,2.0,-0.5,2.0,2.0,12.0,5.0,5.5,4.125,4.083333333333333,6.0
PB,2017-10-09/2017-10-15,10,6,6,1000000,50000,41,-0.8660254037844386,0.5000000000000001,-0.9709418174260521,0.23931566428755738,0.0,0.0,6.0,2.0,6.0,1.0,4.0,4.25,4.083333333333333,4.0
PB,2017-10-16/2017-10-22,10,4,4,1000000,50000,42,-0.8660254037844386,0.5000000000000001,-0.9350162426854148,0.35460488704253557,-0.33333333333333337,1.0,6.0,6.0,2.0,1.0,4.0,4.875,4.25,8.0
PB,2017-10-23/2017-10-29,10,8,8,1000000,50000,43,-0.8660254037844386,0.5000000000000001,-0.8854560256532101,0.464723172043768,1.0,3.0,4.0,6.0,2.0,4.0,4.5,5.25,4.416666666666667,2.0
PB,2017-10-30/2017-11-05,10,2,2,1000000,50000,44,-0.8660254037844386,0.5000000000000001,-0.822983865893657,0.5680647467311548,-0.75,-0.6666666666666667,8.0,4.0,6.0,12.0,6.0,5.75,4.75,2.0
PB,2017-10-30/2017-11-05,11,2,2,1000000,50000,44,-0.5000000000000004,0.8660254037844384,-0.822983865893657,0.5680647467311548,0.0,-0.6666666666666667,2.0,8.0,6.0,6.0,5.0,4.5,4.5,3.0
PB,2017-11-06/2017-11-12,11,3,3,1000000,50000,45,-0.5000000000000004,0.8660254037844384,-0.7485107481711011,0.6631226582407952,0.5,-0.25,2.0,2.0,4.0,2.0,4.0,4.0,4.583333333333333,5.0
PB,2017-11-13/2017-11-19,11,5,5,1000000,50000,46,-0.5000000000000004,0.8660254037844384,-0.6631226582407955,0.7485107481711007,0.6666666666666667,-0.375,3.0,2.0,8.0,2.0,3.75,4.125,4.75,9.0
PB,2017-11-20/2017-11-26,11,9,9,1000000,50000,47,-0.5000000000000004,0.8660254037844384,-0.5680647467311559,0.8229838658936564,0.8,3.5,5.0,3.0,2.0,6.0,3.0,4.5,4.833333333333333,8.0
PB,2017-11-27/2017-12-03,11,8,8,1000000,50000,48,-0.5000000000000004,0.8660254037844384,-0.4647231720437684,0.88545602565321,-0.11111111111111116,3.0,9.0,5.0,2.0,6.0,4.75,4.875,4.583333333333333,2.0
PB,2017-11-27/2017-12-03,12,2,2,1000000,50000,48,-2.4492935982947064e-16,1.0,-0.4647231720437684,0.88545602565321,-0.75,-0.33333333333333337,8.0,9.0,3.0,4.0,6.25,5.125,4.75,8.0
PB,2017-12-04/2017-12-10,12,8,8,1000000,50000,49,-2.4492935982947064e-16,1.0,-0.35460488704253595,0.9350162426854147,3.0,0.6000000000000001,2.0,8.0,5.0,8.0,6.0,4.875,4.75,12.0
PB,2017-12-11/2017-12-17,12,12,12,1000000,50000,50,-2.4492935982947064e-16,1.0,-0.2393156642875578,0.970941817426052,0.5,0.33333333333333326,8.0,2.0,9.0,2.0,6.75,4.875,5.25,6.0
PB,2017-12-18/2017-12-24,12,6,6,1000000,50000,51,-2.4492935982947064e-16,1.0,-0.12053668025532363,0.992708874098054,-0.5,-0.25,12.0,8.0,8.0,2.0,7.5,6.125,5.75,9.0
PB,2017-12-25/2017-12-31,12,9,9,1000000,50000,52,-2.4492935982947064e-16,1.0,6.432490598706546e-16,1.0,0.5,3.5,6.0,12.0,2.0,3.0,7.0,6.625,5.75,9.0
PB,2018-01-01/2018-01-07,1,9,9,1000000,50000,1,0.49999999999999994,0.8660254037844387,0.12053668025532305,0.992708874098054,0.0,0.125,9.0,6.0,8.0,5.0,8.75,7.375,6.166666666666667,7.0
PB,2018-01-08/2018-01-14,1,7,7,1000000,50000,2,0.49999999999999994,0.8660254037844387,0.23931566428755774,0.970941817426052,-0.2222222222222222,-0.41666666666666663,9.0,9.0,12.0,9.0,9.0,7.875,6.25,6.0
PB,2018-01-15/2018-01-21,1,6,6,1000000,50000,3,0.49999999999999994,0.8660254037844387,0.3546048870425356,0.9350162426854148,-0.1428571428571429,0.0,7.0,9.0,6.0,8.0,7.75,7.625,6.666666666666667,6.0
PB,2018-01-22/2018-01-28,1,6,6,1000000,50000,4,0.49999999999999994,0.8660254037844387,0.4647231720437685,0.8854560256532099,0.0,-0.33333333333333337,6.0,7.0,9.0,2.0,7.75,7.375,7.0,3.0
PB,2018-01-29/2018-02-04,1,3,3,1000000,50000,5,0.49999999999999994,0.8660254037844387,0.5680647467311558,0.8229838658936564,-0.5,-0.6666666666666667,6.0,6.0,9.0,8.0,7.0,7.875,7.25,5.0
PB,2018-01-29/2018-02-04,2,5,5,1000000,50000,5,0.8660254037844386,0.5000000000000001,0.5680647467311558,0.8229838658936564,0.6666666666666667,-0.2857142857142857,3.0,6.0,7.0,12.0,5.5,7.25,7.083333333333333,8.0
PB,2018-02-05/2018-02-11,2,8,8,1000000,50000,6,0.8660254037844386,0.5000000000000001,0.6631226582407952,0.7485107481711011,0.6000000000000001,0.33333333333333326,5.0,3.0,6.0,6.0,5.0,6.375,6.75,11.0
PB,2018-02-12/2018-02-18,2,11,11,1000000,50000,7,0.8660254037844386,0.5000000000000001,0.7485107481711011,0.6631226582407953,0.375,0.8333333333333333,8.0,5.0,6.0,9.0,5.5,6.625,6.75,9.0
PB,2018-02-19/2018-02-25,2,9,9,1000000,50000,8,0.8660254037844386,0.5000000000000001,0.8229838658936564,0.5680647467311559,-0.18181818181818177,2.0,11.0,8.0,3.0,9.0,6.75,6.875,7.5,2.0
PB,2018-02-26/2018-03-04,2,2,2,1000000,50000,9,0.8660254037844386,0.5000000000000001,0.8854560256532099,0.4647231720437686,-0.7777777777777778,-0.6,9.0,11.0,5.0,7.0,8.25,6.875,7.583333333333333,9.0
PB,2018-02-26/2018-03-04,3,9,9,1000000,50000,9,1.0,6.123233995736766e-17,0.8854560256532099,0.4647231720437686,3.5,0.125,2.0,9.0,8.0,6.0,7.5,6.25,6.75,6.0
PB,2018-03-05/2018-03-11,3,6,6,1000000,50000,10,1.0,6.123233995736766e-17,0.9350162426854148,0.35460488704253557,-0.33333333333333337,-0.4545454545454546,9.0,2.0,11.0,6.0,7.75,6.625,7.0,10.0
PB,2018-03-12/2018-03-18,3,10,10,1000000,50000,11,1.0,6.123233995736766e-17,0.970941817426052,0.23931566428755804,0.6666666666666667,0.11111111111111116,6.0,9.0,9.0,3.0,6.5,6.625,6.75,6.0
PB,2018-03-19/2018-03-25,3,6,6,1000000,50000,12,1.0,6.123233995736766e-17,0.992708874098054,0.120536680255323,-0.4,2.0,10.0,6.0,2.0,5.0,6.75,7.5,6.833333333333333,8.0
PB,2018-03-26/2018-04-01,3,8,8,1000000,50000,13,1.0,6.123233995736766e-17,1.0,-1.6081226496766364e-16,0.33333333333333326,-0.11111111111111116,6.0,10.0,9.0,8.0,7.75,7.625,6.75,1.0
PB,2018-03-26/2018-04-01,4,1,1,1000000,50000,13,0.8660254037844387,-0.4999999999999998,1.0,-1.6081226496766364e-16,-0.875,-0.8333333333333334,8.0,6.0,6.0,11.0,7.5,7.625,6.916666666666667,4.0
PB,2018-04-02/2018-04-08,4,4,4,1000000,50000,14,0.8660254037844387,-0.4999999999999998,0.992708874098054,-0.12053668025532288,3.0,-0.6,1.0,8.0,10.0,9.0,6.25,6.375,6.5,12.0
PB,2018-04-09/2018-04-15,4,12,12,1000000,50000,15,0.8660254037844387,-0.4999999999999998,0.9709418174260521,-0.2393156642875575,2.0,1.0,4.0,1.0,6.0,2.0,4.75,5.75,6.583333333333333,4.0
PB,2018-04-16/2018-04-22,4,4,4,1000000,50000,16,0.8660254037844387,-0.4999999999999998,0.9350162426854148,-0.35460488704253545,-0.6666666666666667,-0.5,12.0,4.0,8.0,9.0,6.25,7.0,7.166666666666667,6.0
PB,2018-04-23/2018-04-29,4,6,6,1000000,50000,17,0.8660254037844387,-0.4999999999999998,0.8854560256532099,-0.4647231720437685,0.5,5.0,4.0,12.0,1.0,6.0,5.25,6.375,6.833333333333333,1.0
PB,2018-04-30/2018-05-06,4,1,1,1000000,50000,18,0.8660254037844387,-0.4999999999999998,0.8229838658936565,-0.5680647467311557,-0.8333333333333334,-0.75,6.0,4.0,4.0,10.0,6.5,6.375,6.416666666666667,6.0
PB,2018-04-30/2018-05-06,5,6,6,1000000,50000,18,0.49999999999999994,-0.8660254037844387,0.8229838658936565,-0.5680647467311557,5.0,-0.5,1.0,6.0,12.0,6.0,5.75,5.25,5.75,10.0
PB,2018-05-07/2018-05-13,5,10,10,1000000,50000,19,0.49999999999999994,-0.8660254037844387,0.7485107481711013,-0.663122658240795,0.6666666666666667,1.5,6.0,1.0,4.0,8.0,4.25,5.25,6.083333333333333,4.0
PB,2018-05-14/2018-05-20,5,4,4,1000000,50000,20,0.49999999999999994,-0.8660254037844387,0.6631226582407952,-0.7485107481711012,-0.6,-0.33333333333333337,10.0,6.0,6.0,1.0,5.75,5.5,6.166666666666667,6.0
PB,2018-05-21/2018-05-27,5,6,6,1000000,50000,21,0.49999999999999994,-0.8660254037844387,0.5680647467311558,-0.8229838658936564,0.5,5.0,4.0,10.0,1.0,4.0,5.25,5.875,6.0,3.0
PB,2018-05-28/2018-06-03,5,3,3,1000000,50000,22,0.49999999999999994,-0.8660254037844387,0.46472317204376906,-0.8854560256532096,-0.5,-0.5,6.0,4.0,6.0,12.0,6.5,6.125,5.666666666666667,6.0
PB,2018-06-04/2018-06-10,6,6,6,1000000,50000,23,1.2246467991473532e-16,-1.0,0.35460488704253584,-0.9350162426854147,1.0,-0.4,3.0,6.0,10.0,4.0,5.75,5.0,5.416666666666667,6.0
PB,2018-06-11/2018-06-17,6,6,6,1000000,50000,24,1.2246467991473532e-16,-1.0,0.23931566428755768,-0.970941817426052,0.0,0.5,6.0,3.0,4.0,6.0,4.75,5.25,5.25,12.0
PB,2018-06-18/2018-06-24,6,12,12,1000000,50000,25,1.2246467991473532e-16,-1.0,0.12053668025532308,-0.992708874098054,1.0,1.0,6.0,6.0,6.0,1.0,5.25,5.25,5.666666666666667,4.0
PB,2018-06-25/2018-07-01,6,4,4,1000000,50000,26,1.2246467991473532e-16,-1.0,-3.216245299353273e-16,-1.0,-0.6666666666666667,0.33333333333333326,12.0,6.0,3.0,6.0,6.75,6.625,6.333333333333333,2.0
PB,2018-06-25/2018-07-01,7,2,2,1000000,50000,26,-0.4999999999999997,-0.8660254037844388,-3.216245299353273e-16,-1.0,-0.5,-0.6666666666666667,4.0,12.0,6.0,10.0,7.0,6.375,5.666666666666667,12.0
PB,2018-07-02/2018-07-08,7,12,12,1000000,50000,27,-0.4999999999999997,-0.8660254037844388,-0.12053668025532283,-0.992708874098054,5.0,1.0,2.0,4.0,6.0,4.0,6.0,5.375,5.5,10.0
PB,2018-07-09/2018-07-15,7,10,10,1000000,50000,28,-0.4999999999999997,-0.8660254037844388,-0.23931566428755743,-0.9709418174260521,-0.16666666666666663,-0.16666666666666663,12.0,2.0,12.0,6.0,7.5,6.375,6.0,14.0
PB,2018-07-16/2018-07-22,7,14,14,1000000,50000,29,-0.4999999999999997,-0.8660254037844388,-0.3546048870425356,-0.9350162426854148,0.3999999999999999,2.5,10.0,12.0,4.0,3.0,7.0,6.875,6.75,10.0
PB,2018-07-23/2018-07-29,7,10,10,1000000,50000,30,-0.4999999999999997,-0.8660254037844388,-0.46472317204376806,-0.8854560256532101,-0.2857142857142857,4.0,14.0,10.0,2.0,6.0,9.5,8.25,7.416666666666667,3.0
PB,2018-07-30/2018-08-05,7,3,3,1000000,50000,31,-0.4999999999999997,-0.8660254037844388,-0.5680647467311556,-0.8229838658936565,-0.7,-0.75,10.0,14.0,12.0,6.0,11.5,8.75,7.416666666666667,7.0
PB,2018-07-30/2018-08-05,8,7,7,1000000,50000,31,-0.8660254037844384,-0.5000000000000004,-0.5680647467311556,-0.8229838658936565,1.3333333333333335,-0.30000000000000004,3.0,10.0,10.0,12.0,9.25,8.375,7.333333333333333,10.0
PB,2018-08-06/2018-08-12,8,10,10,1000000,50000,32,-0.8660254037844384,-0.5000000000000004,-0.663122658240795,-0.7485107481711013,0.4285714285714286,-0.2857142857142857,7.0,3.0,14.0,4.0,8.5,7.75,7.416666666666667,8.0
PB,2018-08-13/2018-08-19,8,8,8,1000000,50000,33,-0.8660254037844384,-0.5000000000000004,-0.7485107481711011,-0.6631226582407952,-0.19999999999999996,-0.19999999999999996,10.0,7.0,10.0,2.0,7.5,8.5,8.0,3.0
PE,2016-10-03/2016-10-09,10,6,6,1000000,50000,40,-0.8660254037844386,0.5000000000000001,-0.992708874098054,0.1205366802553232,0.0,0.0,,,,,,,,4.0
PE,2017-01-16/2017-01-22,1,4,4,1000000,50000,3,0.49999999999999994,0.8660254037844387,0.3546048870425356,0.9350162426854148,-0.33333333333333337,0.0,6.0,,,,,,,3.0
PE,2017-01-23/2017-01-29,1,3,3,1000000,50000,4,0.49999999999999994,0.8660254037844387,0.4647231720437685,0.8854560256532099,-0.25,0.0,4.0,6.0,,,5.0,5.0,5.0,2.0
PE,2017-01-30/2017-02-05,1,2,2,1000000,50000,5,0.49999999999999994,0.8660254037844387,0.5680647467311558,0.8229838658936564,-0.33333333333333337,0.0,3.0,4.0,,,4.333333333333333,4.333333333333333,4.333333333333333,4.0
PE,2017-01-30/2017-02-05,2,4,4,1000000,50000,5,0.8660254037844386,0.5000000000000001,0.5680647467311558,0.8229838658936564,1.0,-0.33333333333333337,2.0,3.0,6.0,,3.75,3.75,3.75,7.0
PE,2017-02-06/2017-02-12,2,7,7,1000000,50000,6,0.8660254037844386,0.5000000000000001,0.6631226582407952,0.7485107481711011,0.75,0.75,4.0,2.0,4.0,,3.25,3.8,3.8,4.0
PE,2017-02-13/2017-02-19,2,4,4,1000000,50000,7,0.8660254037844386,0.5000000000000001,0.7485107481711011,0.6631226582407953,-0.4285714285714286,0.33333333333333326,7.0,4.0,3.0,,4.0,4.333333333333333,4.333333333333333,5.0
PE,2017-02-20/2017-02-26,2,5,5,1000000,50000,8,0.8660254037844386,0.5000000000000001,0.8229838658936564,0.5680647467311559,0.25,1.5,4.0,7.0,2.0,,4.25,4.285714285714286,4.285714285714286,5.0
PE,2017-02-27/2017-03-05,3,5,5,1000000,50000,9,1.0,6.123233995736766e-17,0.8854560256532099,0.4647231720437686,0.0,0.25,5.0,4.0,4.0,6.0,5.0,4.375,4.375,8.0
PE,2017-03-06/2017-03-12,3,8,8,1000000,50000,10,1.0,6.123233995736766e-17,0.9350162426854148,0.35460488704253557,0.6000000000000001,0.1428571428571428,5.0,5.0,7.0,4.0,5.25,4.25,4.444444444444445,9.0
PE,2017-03-13/2017-03-19,3,9,9,1000000,50000,11,1.0,6.123233995736766e-17,0.970941817426052,0.23931566428755804,0.125,1.25,8.0,5.0,4.0,3.0,5.5,4.75,4.8,5.0
PE,2017-03-20/2017-03-26,3,5,5,1000000,50000,12,1.0,6.123233995736766e-17,0.992708874098054,0.120536680255323,-0.4444444444444444,0.0,9.0,8.0,5.0,2.0,6.75,5.5,5.181818181818182,9.0
PE,2017-03-27/2017-04-02,3,9,9,1000000,50000,13,1.0,6.123233995736766e-17,1.0,-1.6081226496766364e-16,0.8,0.8,5.0,9.0,5.0,4.0,6.75,5.875,5.166666666666667,1.0
PE,2017-03-27/2017-04-02,4,1,1,1000000,50000,13,0.8660254037844387,-0.4999999999999998,1.0,-1.6081226496766364e-16,-0.8888888888888888,-0.875,9.0,5.0,8.0,7.0,7.75,6.5,5.416666666666667,8.0
PE,2017-04-03/2017-04-09,4,8,8,1000000,50000,14,0.8660254037844387,-0.4999999999999998,0.992708874098054,-0.12053668025532288,7.0,-0.11111111111111116,1.0,9.0,9.0,4.0,6.0,5.75,5.166666666666667,8.0
PE,2017-04-10/2017-04-16,4,8,8,1000000,50000,15,0.8660254037844387,-0.4999999999999998,0.9709418174260521,-0.2393156642875575,0.0,0.6000000000000001,8.0,1.0,5.0,5.0,5.75,6.25,5.583333333333333,6.0
PE,2017-04-17/2017-04-23,4,6,6,1000000,50000,16,0.8660254037844387,-0.4999999999999998,0.9350162426854148,-0.35460488704253545,-0.25,-0.33333333333333337,8.0,8.0,9.0,5.0,6.5,6.625,6.083333333333333,13.0
PE,2017-04-24/2017-04-30,4,13,13,1000000,50000,17,0.8660254037844387,-0.4999999999999998,0.8854560256532099,-0.4647231720437685,1.1666666666666665,12.0,6.0,8.0,1.0,8.0,5.75,6.75,6.25,15.0
PE,2017-05-01/2017-05-07,5,15,15,1000000,50000,18,0.49999999999999994,-0.8660254037844387,0.8229838658936565,-0.5680647467311557,0.15384615384615374,0.875,13.0,6.0,8.0,9.0,8.75,7.375,6.75,14.0
PE,2017-05-08/2017-05-14,5,14,14,1000000,50000,19,0.49999999999999994,-0.8660254037844387,0.7485107481711013,-0.663122658240795,-0.06666666666666665,0.75,15.0,13.0,8.0,5.0,10.5,8.125,7.666666666666667,16.0
PE,2017-05-15/2017-05-21,5,16,16,1000000,50000,20,0.49999999999999994,-0.8660254037844387,0.6631226582407952,-0.7485107481711012,0.1428571428571428,1.6666666666666665,14.0,15.0,6.0,9.0,12.0,9.25,8.416666666666666,14.0
PE,2017-05-22/2017-05-28,5,14,14,1000000,50000,21,0.49999999999999994,-0.8660254037844387,0.5680647467311558,-0.8229838658936564,-0.125,0.07692307692307687,16.0,14.0,13.0,1.0,14.5,10.125,9.333333333333334,4.0
PE,2017-05-29/2017-06-04,5,4,4,1000000,50000,22,0.49999999999999994,-0.8660254037844387,0.46472317204376906,-0.8854560256532096,-0.7142857142857143,-0.7333333333333334,14.0,16.0,15.0,8.0,14.75,11.75,9.833333333333334,6.0
PE,2017-05-29/2017-06-04,6,6,6,1000000,50000,22,1.2246467991473532e-16,-1.0,0.46472317204376906,-0.8854560256532096,0.5,-0.5714285714285714,4.0,14.0,14.0,8.0,12.0,11.25,9.416666666666666,13.0
PE,2017-06-05/2017-06-11,6,13,13,1000000,50000,23,1.2246467991473532e-16,-1.0,0.35460488704253584,-0.9350162426854147,1.1666666666666665,-0.1875,6.0,4.0,16.0,6.0,10.0,11.0,9.5,9.0
PE,2017-06-12/2017-06-18,6,9,9,1000000,50000,24,1.2246467991473532e-16,-1.0,0.23931566428755768,-0.970941817426052,-0.3076923076923077,-0.3571428571428571,13.0,6.0,14.0,13.0,9.25,11.875,9.833333333333334,6.0
PE,2017-06-19/2017-06-25,6,6,6,1000000,50000,25,1.2246467991473532e-16,-1.0,0.12053668025532308,-0.992708874098054,-0.33333333333333337,0.5,9.0,13.0,4.0,15.0,8.0,11.375,10.5,7.0
PE,2017-06-26/2017-07-02,6,7,7,1000000,50000,26,1.2246467991473532e-16,-1.0,-3.216245299353273e-16,-1.0,0.16666666666666674,0.16666666666666674,6.0,9.0,6.0,14.0,8.5,10.25,10.333333333333334,2.0
PE,2017-06-26/2017-07-02,7,2,2,1000000,50000,26,-0.4999999999999997,-0.8660254037844388,-3.216245299353273e-16,-1.0,-0.7142857142857143,-0.8461538461538461,7.0,6.0,13.0,16.0,8.75,9.375,10.25,13.0
PE,2017-07-03/2017-07-09,7,13,13,1000000,50000,27,-0.4999999999999997,-0.8660254037844388,-0.12053668025532283,-0.992708874098054,5.5,0.4444444444444444,2.0,7.0,9.0,14.0,6.0,7.625,9.916666666666666,18.0
PE,2017-07-10/2017-07-16,7,18,18,1000000,50000,28,-0.4999999999999997,-0.8660254037844388,-0.23931566428755743,-0.9709418174260521,0.3846153846153846,2.0,13.0,2.0,6.0,4.0,7.0,7.5,9.916666666666666,14.0
PE,2017-07-17/2017-07-23,7,14,14,1000000,50000,29,-0.4999999999999997,-0.8660254037844388,-0.3546048870425356,-0.9350162426854148,-0.2222222222222222,1.0,18.0,13.0,7.0,6.0,10.0,9.25,10.166666666666666,19.0
PE,2017-07-24/2017-07-30,7,19,19,1000000,50000,30,-0.4999999999999997,-0.8660254037844388,-0.46472317204376806,-0.8854560256532101,0.3571428571428572,8.5,14.0,18.0,2.0,13.0,11.75,10.25,10.166666666666666,4.0
PE,2017-07-31/2017-08-06,7,4,4,1000000,50000,31,-0.4999999999999997,-0.8660254037844388,-0.5680647467311556,-0.8229838658936565,-0.7894736842105263,-0.6923076923076923,19.0,14.0,13.0,9.0,16.0,11.0,10.416666666666666,16.0
PE,2017-07-31/2017-08-06,8,16,16,1000000,50000,31,-0.8660254037844384,-0.5000000000000004,-0.5680647467311556,-0.8229838658936565,3.0,-0.11111111111111116,4.0,19.0,18.0,6.0,13.75,10.375,9.583333333333334,20.0
PE,2017-08-07/2017-08-13,8,20,20,1000000,50000,32,-0.8660254037844384,-0.5000000000000004,-0.663122658240795,-0.7485107481711013,0.25,0.4285714285714286,16.0,4.0,14.0,7.0,13.25,11.625,10.583333333333334,19.0
PE,2017-08-14/2017-08-20,8,19,19,1000000,50000,33,-0.8660254037844384,-0.5000000000000004,-0.7485107481711011,-0.6631226582407952,-0.050000000000000044,0.0,20.0,16.0,19.0,2.0,14.75,13.25,11.75,16.0
PE,2017-08-21/2017-08-27,8,16,16,1000000,50000,34,-0.8660254037844384,-0.5000000000000004,-0.8229838658936564,-0.5680647467311559,-0.1578947368421053,3.0,19.0,20.0,4.0,13.0,14.75,15.375,12.25,12.0
PE,2017-08-28/2017-09-03,8,12,12,1000000,50000,35,-0.8660254037844384,-0.5000000000000004,-0.8854560256532096,-0.4647231720437691,-0.25,-0.25,16.0,19.0,16.0,18.0,17.75,15.75,12.833333333333334,7.0
PE,2017-08-28/2017-09-03,9,7,7,1000000,50000,35,-1.0,-1.8369701987210297e-16,-0.8854560256532096,-0.4647231720437691,-0.41666666666666663,-0.65,12.0,16.0,20.0,14.0,16.75,15.0,13.333333333333334,20.0
PE,2017-09-04/2017-09-10,9,20,20,1000000,50000,36,-1.0,-1.8369701987210297e-16,-0.9350162426854147,-0.3546048870425359,1.8571428571428572,0.05263157894736836,7.0,12.0,19.0,19.0,13.5,14.125,13.333333333333334,28.0
PE,2017-09-11/2017-09-17,9,28,28,1000000,50000,37,-1.0,-1.8369701987210297e-16,-0.970941817426052,-0.23931566428755774,0.3999999999999999,0.75,20.0,7.0,16.0,4.0,13.75,14.25,14.833333333333334,11.0
PE,2017-09-18/2017-09-24,9,11,11,1000000,50000,38,-1.0,-1.8369701987210297e-16,-0.992708874098054,-0.12053668025532357,-0.6071428571428572,-0.08333333333333337,28.0,20.0,12.0,16.0,16.75,17.25,16.083333333333332,8.0
PE,2017-09-25/2017-10-01,9,8,8,1000000,50000,39,-1.0,-1.8369701987210297e-16,-1.0,-1.8369701987210297e-16,-0.2727272727272727,0.1428571428571428,11.0,28.0,7.0,20.0,16.5,16.625,15.5,3.0
PE,2017-09-25/2017-10-01,10,3,3,1000000,50000,39,-0.8660254037844386,0.5000000000000001,-1.0,-1.8369701987210297e-16,-0.625,-0.85,8.0,11.0,20.0,19.0,16.75,15.125,15.0,21.0
PE,2017-10-02/2017-10-08,10,21,21,1000000,50000,40,-0.8660254037844386,0.5000000000000001,-0.992708874098054,0.1205366802553232,6.0,-0.25,3.0,8.0,28.0,16.0,12.5,13.125,13.666666666666666,17.0
PE,2017-10-09/2017-10-15,10,17,17,1000000,50000,41,-0.8660254037844386,0.5000000000000001,-0.9709418174260521,0.23931566428755738,-0.19047619047619047,0.5454545454545454,21.0,3.0,11.0,12.0,10.75,13.75,15.083333333333334,20.0
PE,2017-10-16/2017-10-22,10,20,20,1000000,50000,42,-0.8660254037844386,0.5000000000000001,-0.9350162426854148,0.35460488704253557,0.17647058823529416,1.5,17.0,21.0,8.0,7.0,12.25,14.375,15.166666666666666,15.0
PE,2017-10-23/2017-10-29,10,15,15,1000000,50000,43,-0.8660254037844386,0.5000000000000001,-0.8854560256532101,0.464723172043768,-0.25,4.0,20.0,17.0,3.0,20.0,15.25,16.0,15.166666666666666,1.0
PE,2017-10-30/2017-11-05,10,1,1,1000000,50000,44,-0.8660254037844386,0.5000000000000001,-0.822983865893657,0.5680647467311548,-0.9333333333333333,-0.9523809523809523,15.0,20.0,21.0,28.0,18.25,15.375,14.833333333333334,13.0
PE,2017-10-30/2017-11-05,11,13,13,1000000,50000,44,-0.5000000000000004,0.8660254037844384,-0.822983865893657,0.5680647467311548,12.0,-0.23529411764705888,1.0,15.0,17.0,11.0,13.25,12.0,13.583333333333334,18.0
PE,2017-11-06/2017-11-12,11,18,18,1000000,50000,45,-0.5000000000000004,0.8660254037844384,-0.7485107481711011,0.6631226582407952,0.3846153846153846,-0.09999999999999998,13.0,1.0,20.0,8.0,12.25,12.25,13.666666666666666,30.0
PE,2017-11-13/2017-11-19,11,30,30,1000000,50000,46,-0.5000000000000004,0.8660254037844384,-0.6631226582407955,0.7485107481711007,0.6666666666666667,1.0,18.0,13.0,15.0,3.0,11.75,13.5,14.583333333333334,45.0
PE,2017-11-20/2017-11-26,11,45,45,1000000,50000,47,-0.5000000000000004,0.8660254037844384,-0.5680647467311559,0.8229838658936564,0.5,44.0,30.0,18.0,1.0,21.0,15.5,16.875,15.416666666666666,19.0
PE,2017-11-27/2017-12-03,11,19,19,1000000,50000,48,-0.5000000000000004,0.8660254037844384,-0.4647231720437684,0.88545602565321,-0.5777777777777777,0.46153846153846145,45.0,30.0,13.0,17.0,26.5,19.875,16.833333333333332,15.0
PE,2017-11-27/2017-12-03,12,15,15,1000000,50000,48,-2.4492935982947064e-16,1.0,-0.4647231720437684,0.88545602565321,-0.21052631578947367,-0.16666666666666663,19.0,45.0,18.0,20.0,28.0,20.125,17.5,27.0
PE,2017-12-04/2017-12-10,12,27,27,1000000,50000,49,-2.4492935982947064e-16,1.0,-0.35460488704253595,0.9350162426854147,0.8,-0.09999999999999998,15.0,19.0,30.0,15.0,27.25,19.5,18.083333333333332,26.0
PE,2017-12-11/2017-12-17,12,26,26,1000000,50000,50,-2.4492935982947064e-16,1.0,-0.2393156642875578,0.970941817426052,-0.03703703703703709,-0.4222222222222223,27.0,15.0,45.0,1.0,26.5,21.0,20.083333333333332,19.0
PE,2017-12-18/2017-12-24,12,19,19,1000000,50000,51,-2.4492935982947064e-16,1.0,-0.12053668025532363,0.992708874098054,-0.2692307692307693,0.0,26.0,27.0,19.0,13.0,21.75,24.125,20.5,14.0
PE,2017-12-25/2017-12-31,12,14,14,1000000,50000,52,-2.4492935982947064e-16,1.0,6.432490598706546e-16,1.0,-0.26315789473684215,-0.06666666666666665,19.0,26.0,15.0,18.0,21.75,24.875,20.666666666666668,14.0
PE,2018-01-01/2018-01-07,1,14,14,1000000,50000,1,0.49999999999999994,0.8660254037844387,0.12053668025532305,0.992708874098054,0.0,-0.4814814814814815,14.0,19.0,27.0,30.0,21.5,24.375,20.166666666666668,26.0
PE,2018-01-08/2018-01-14,1,26,26,1000000,50000,2,0.49999999999999994,0.8660254037844387,0.23931566428755774,0.970941817426052,0.8571428571428572,0.0,14.0,14.0,26.0,45.0,18.25,22.375,20.083333333333332,27.0
PE,2018-01-15/2018-01-21,1,27,27,1000000,50000,3,0.49999999999999994,0.8660254037844387,0.3546048870425356,0.9350162426854148,0.03846153846153855,0.42105263157894735,26.0,14.0,19.0,19.0,18.25,20.0,22.166666666666668,23.0
PE,2018-01-22/2018-01-28,1,23,23,1000000,50000,4,0.49999999999999994,0.8660254037844387,0.4647231720437685,0.8854560256532099,-0.14814814814814814,0.6428571428571428,27.0,26.0,14.0,15.0,20.25,21.0,23.333333333333332,12.0
PE,2018-01-29/2018-02-04,1,12,12,1000000,50000,5,0.49999999999999994,0.8660254037844387,0.5680647467311558,0.8229838658936564,-0.4782608695652174,-0.1428571428571429,23.0,27.0,14.0,27.0,22.5,22.0,23.75,19.0
PE,2018-01-29/2018-02-04,2,19,19,1000000,50000,5,0.8660254037844386,0.5000000000000001,0.5680647467311558,0.8229838658936564,0.5833333333333333,-0.2692307692307693,12.0,23.0,26.0,26.0,22.0,20.125,22.25,30.0
PE,2018-02-05/2018-02-11,2,30,30,1000000,50000,6,0.8660254037844386,0.5000000000000001,0.6631226582407952,0.7485107481711011,0.5789473684210527,0.11111111111111116,19.0,12.0,27.0,19.0,20.25,19.25,20.083333333333332,28.0
PE,2018-02-12/2018-02-18,2,28,28,1000000,50000,7,0.8660254037844386,0.5000000000000001,0.7485107481711011,0.6631226582407953,-0.06666666666666665,0.21739130434782616,30.0,19.0,23.0,14.0,21.0,20.625,21.0,28.0
PE,2018-02-19/2018-02-25,2,28,28,1000000,50000,8,0.8660254037844386,0.5000000000000001,0.8229838658936564,0.5680647467311559,0.0,1.3333333333333335,28.0,30.0,12.0,14.0,22.25,22.375,22.083333333333332,16.0
PE,2018-02-26/2018-03-04,2,16,16,1000000,50000,9,0.8660254037844386,0.5000000000000001,0.8854560256532099,0.4647231720437686,-0.4285714285714286,-0.1578947368421053,28.0,28.0,19.0,26.0,26.25,24.125,22.166666666666668,11.0
PE,2018-02-26/2018-03-04,3,11,11,1000000,50000,9,1.0,6.123233995736766e-17,0.8854560256532099,0.4647231720437686,-0.3125,-0.6333333333333333,16.0,28.0,30.0,27.0,25.5,22.875,21.333333333333332,35.0
PE,2018-03-05/2018-03-11,3,35,35,1000000,50000,10,1.0,6.123233995736766e-17,0.9350162426854148,0.35460488704253557,2.1818181818181817,0.25,11.0,16.0,28.0,23.0,20.75,20.875,20.666666666666668,21.0
PE,2018-03-12/2018-03-18,3,21,21,1000000,50000,11,1.0,6.123233995736766e-17,0.970941817426052,0.23931566428755804,-0.4,-0.25,35.0,11.0,28.0,12.0,22.5,22.375,22.416666666666668,25.0
PE,2018-03-19/2018-03-25,3,25,25,1000000,50000,12,1.0,6.123233995736766e-17,0.992708874098054,0.120536680255323,0.19047619047619047,0.5625,21.0,35.0,16.0,19.0,20.75,23.5,23.0,15.0
PE,2018-03-26/2018-04-01,3,15,15,1000000,50000,13,1.0,6.123233995736766e-17,1.0,-1.6081226496766364e-16,-0.4,0.36363636363636354,25.0,21.0,11.0,30.0,23.0,24.25,22.916666666666668,2.0
PE,2018-03-26/2018-04-01,4,2,2,1000000,50000,13,0.8660254037844387,-0.4999999999999998,1.0,-1.6081226496766364e-16,-0.8666666666666667,-0.9428571428571428,15.0,25.0,35.0,28.0,24.0,22.375,21.916666666666668,27.0
PE,2018-04-02/2018-04-08,4,27,27,1000000,50000,14,0.8660254037844387,-0.4999999999999998,0.992708874098054,-0.12053668025532288,12.5,0.2857142857142858,2.0,15.0,21.0,28.0,15.75,19.125,20.166666666666668,17.0
PE,2018-04-09/2018-04-15,4,17,17,1000000,50000,15,0.8660254037844387,-0.4999999999999998,0.9709418174260521,-0.2393156642875575,-0.37037037037037035,-0.31999999999999995,27.0,2.0,25.0,16.0,17.25,19.0,21.416666666666668,34.0
PE,2018-04-16/2018-04-22,4,34,34,1000000,50000,16,0.8660254037844387,-0.4999999999999998,0.9350162426854148,-0.35460488704253545,1.0,1.2666666666666666,17.0,27.0,15.0,11.0,15.25,19.125,21.25,27.0
PE,2018-04-23/2018-04-29,4,27,27,1000000,50000,17,0.8660254037844387,-0.4999999999999998,0.8854560256532099,-0.4647231720437685,-0.20588235294117652,12.5,34.0,17.0,2.0,35.0,20.0,22.0,21.583333333333332,3.0
PE,2018-04-30/2018-05-06,4,3,3,1000000,50000,18,0.8660254037844387,-0.4999999999999998,0.8229838658936565,-0.5680647467311557,-0.8888888888888888,-0.8888888888888888,27.0,34.0,27.0,21.0,26.25,21.0,21.5,21.0
PE,2018-04-30/2018-05-06,5,21,21,1000000,50000,18,0.49999999999999994,-0.8660254037844387,0.8229838658936565,-0.5680647467311557,6.0,0.23529411764705888,3.0,27.0,17.0,25.0,20.25,18.75,19.416666666666668,39.0
PE,2018-05-07/2018-05-13,5,39,39,1000000,50000,19,0.49999999999999994,-0.8660254037844387,0.7485107481711013,-0.663122658240795,0.8571428571428572,0.1470588235294117,21.0,3.0,34.0,15.0,21.25,18.25,19.833333333333332,21.0
PE,2018-05-14/2018-05-20,5,21,21,1000000,50000,20,0.49999999999999994,-0.8660254037844387,0.6631226582407952,-0.7485107481711012,-0.46153846153846156,-0.2222222222222222,39.0,21.0,27.0,2.0,22.5,21.25,22.166666666666668,10.0
PE,2018-05-21/2018-05-27,5,10,10,1000000,50000,21,0.49999999999999994,-0.8660254037844387,0.5680647467311558,-0.8229838658936564,-0.5238095238095238,2.3333333333333335,21.0,39.0,3.0,27.0,21.0,23.625,21.0,11.0
PE,2018-05-28/2018-06-03,5,11,11,1000000,50000,22,0.49999999999999994,-0.8660254037844387,0.46472317204376906,-0.8854560256532096,0.10000000000000009,-0.47619047619047616,10.0,21.0,21.0,17.0,22.75,21.5,20.083333333333332,12.0
PE,2018-05-28/2018-06-03,6,12,12,1000000,50000,22,1.2246467991473532e-16,-1.0,0.46472317204376906,-0.8854560256532096,0.09090909090909083,-0.6923076923076923,11.0,10.0,39.0,34.0,20.25,20.75,18.916666666666668,25.0
PE,2018-06-04/2018-06-10,6,25,25,1000000,50000,23,1.2246467991473532e-16,-1.0,0.35460488704253584,-0.9350162426854147,1.0833333333333335,0.19047619047619047,12.0,11.0,21.0,27.0,13.5,18.0,18.666666666666668,23.0
PE,2018-06-11/2018-06-17,6,23,23,1000000,50000,24,1.2246467991473532e-16,-1.0,0.23931566428755768,-0.970941817426052,-0.07999999999999996,1.2999999999999998,25.0,12.0,10.0,3.0,14.5,17.75,20.583333333333332,15.0
PE,2018-06-18/2018-06-24,6,15,15,1000000,50000,25,1.2246467991473532e-16,-1.0,0.12053668025532308,-0.992708874098054,-0.34782608695652173,0.36363636363636354,23.0,25.0,11.0,21.0,17.75,20.25,20.25,16.0
PE,2018-06-25/2018-07-01,6,16,16,1000000,50000,26,1.2246467991473532e-16,-1.0,-3.216245299353273e-16,-1.0,0.06666666666666665,0.33333333333333326,15.0,23.0,12.0,39.0,18.75,19.5,20.083333333333332,3.0
PE,2018-06-25/2018-07-01,7,3,3,1000000,50000,26,-0.4999999999999997,-0.8660254037844388,-3.216245299353273e-16,-1.0,-0.8125,-0.88,16.0,15.0,25.0,21.0,19.75,16.625,18.583333333333332,22.0
PE,2018-07-02/2018-07-08,7,22,22,1000000,50000,27,-0.4999999999999997,-0.8660254037844388,-0.12053668025532283,-0.992708874098054,6.333333333333333,-0.04347826086956519,3.0,16.0,23.0,10.0,14.25,14.375,16.583333333333332,34.0
PE,2018-07-09/2018-07-15,7,34,34,1000000,50000,28,-0.4999999999999997,-0.8660254037844388,-0.23931566428755743,-0.9709418174260521,0.5454545454545454,1.2666666666666666,22.0,3.0,15.0,11.0,14.0,15.875,18.166666666666668,34.0
PE,2018-07-16/2018-07-22,7,34,34,1000000,50000,29,-0.4999999999999997,-0.8660254037844388,-0.3546048870425356,-0.9350162426854148,0.0,1.125,34.0,22.0,16.0,12.0,18.75,18.75,19.25,31.0
PE,2018-07-23/2018-07-29,7,31,31,1000000,50000,30,-0.4999999999999997,-0.8660254037844388,-0.46472317204376806,-0.8854560256532101,-0.08823529411764708,9.333333333333334,34.0,34.0,3.0,25.0,23.25,21.5,18.833333333333332,12.0
PE,2018-07-30/2018-08-05,7,12,12,1000000,50000,31,-0.4999999999999997,-0.8660254037844388,-0.5680647467311556,-0.8229838658936565,-0.6129032258064516,-0.4545454545454546,31.0,34.0,22.0,23.0,30.25,22.25,19.666666666666668,27.0
PE,2018-07-30/2018-08-05,8,27,27,1000000,50000,31,-0.8660254037844384,-0.5000000000000004,-0.5680647467311556,-0.8229838658936565,1.25,-0.20588235294117652,12.0,31.0,34.0,15.0,27.75,20.875,19.833333333333332,23.0
PE,2018-08-06/2018-08-12,8,23,23,1000000,50000,32,-0.8660254037844384,-0.5000000000000004,-0.663122658240795,-0.7485107481711013,-0.14814814814814814,-0.32352941176470584,27.0,12.0,34.0,16.0,26.0,22.375,21.166666666666668,28.0
PE,2018-08-13/2018-08-19,8,28,28,1000000,50000,33,-0.8660254037844384,-0.5000000000000004,-0.7485107481711011,-0.6631226582407952,0.21739130434782616,-0.09677419354838712,23.0,27.0,31.0,3.0,23.25,23.25,22.083333333333332,5.0
PI,2016-10-03/2016-10-09,10,1,1,1000000,50000,40,-0.8660254037844386,0.5000000000000001,-0.992708874098054,0.1205366802553232,0.0,0.0,,,,,,,,2.0
PI,2017-01-16/2017-01-22,1,2,2,1000000,50000,3,0.49999999999999994,0.8660254037844387,0.3546048870425356,0.9350162426854148,1.0,0.0,1.0,,,,,,,2.0
PI,2017-01-23/2017-01-29,1,2,2,1000000,50000,4,0.49999999999999994,0.8660254037844387,0.4647231720437685,0.8854560256532099,0.0,0.0,2.0,1.0,,,1.5,1.5,1.5,3.0
PI,2017-01-30/2017-02-05,1,3,3,1000000,50000,5,0.49999999999999994,0.8660254037844387,0.5680647467311558,0.8229838658936564,0.5,0.0,2.0,2.0,,,1.6666666666666667,1.6666666666666667,1.6666666666666667,3.0
PI,2017-01-30/2017-02-05,2,3,3,1000000,50000,5,0.8660254037844386,0.5000000000000001,0.5680647467311558,0.8229838658936564,0.0,2.0,3.0,2.0,1.0,,2.0,2.0,2.0,3.0
PI,2017-02-13/2017-02-19,2,3,3,1000000,50000,7,0.8660254037844386,0.5000000000000001,0.7485107481711011,0.6631226582407953,0.0,0.5,3.0,3.0,2.0,,2.5,2.2,2.2,3.0
PI,2017-02-20/2017-02-26,2,3,3,1000000,50000,8,0.8660254037844386,0.5000000000000001,0.8229838658936564,0.5680647467311559,0.0,0.5,3.0,3.0,2.0,,2.75,2.3333333333333335,2.3333333333333335,1.0
PI,2017-02-27/2017-03-05,2,1,1,1000000,50000,9,0.8660254037844386,0.5000000000000001,0.8854560256532099,0.4647231720437686,-0.6666666666666667,-0.6666666666666667,3.0,3.0,3.0,,3.0,2.4285714285714284,2.4285714285714284,2.0
PI,2017-02-27/2017-03-05,3,2,2,1000000,50000,9,1.0,6.123233995736766e-17,0.8854560256532099,0.4647231720437686,1.0,-0.33333333333333337,1.0,3.0,3.0,1.0,2.5,2.25,2.25,6.0
PI,2017-03-06/2017-03-12,3,6,6,1000000,50000,10,1.0,6.123233995736766e-17,0.9350162426854148,0.35460488704253557,2.0,1.0,2.0,1.0,3.0,2.0,2.25,2.375,2.2222222222222223,2.0
PI,2017-03-13/2017-03-19,3,2,2,1000000,50000,11,1.0,6.123233995736766e-17,0.970941817426052,0.23931566428755804,-0.6666666666666667,-0.33333333333333337,6.0,2.0,3.0,2.0,3.0,2.875,2.6,1.0
PI,2017-03-20/2017-03-26,3,1,1,1000000,50000,12,1.0,6.123233995736766e-17,0.992708874098054,0.120536680255323,-0.5,0.0,2.0,6.0,1.0,3.0,2.75,2.875,2.5454545454545454,2.0
PI,2017-03-27/2017-04-02,3,2,2,1000000,50000,13,1.0,6.123233995736766e-17,1.0,-1.6081226496766364e-16,1.0,0.0,1.0,2.0,2.0,3.0,2.75,2.625,2.4166666666666665,3.0
PI,2017-04-10/2017-04-16,4,3,3,1000000,50000,15,0.8660254037844387,-0.4999999999999998,0.9709418174260521,-0.2393156642875575,0.5,-0.5,2.0,1.0,6.0,3.0,2.75,2.5,2.5,3.0
PI,2017-04-17/2017-04-23,4,3,3,1000000,50000,16,0.8660254037844387,-0.4999999999999998,0.9350162426854148,-0.35460488704253545,0.0,0.5,3.0,2.0,2.0,3.0,2.0,2.5,2.5833333333333335,5.0
PI,2017-04-24/2017-04-30,4,5,5,1000000,50000,17,0.8660254037844387,-0.4999999999999998,0.8854560256532099,-0.4647231720437685,0.6666666666666667,4.0,3.0,3.0,1.0,1.0,2.25,2.5,2.6666666666666665,10.0
PI,2017-05-01/2017-05-07,5,10,10,1000000,50000,18,0.49999999999999994,-0.8660254037844387,0.8229838658936565,-0.5680647467311557,1.0,4.0,5.0,3.0,2.0,2.0,3.25,3.0,2.8333333333333335,4.0
PI,2017-05-08/2017-05-14,5,4,4,1000000,50000,19,0.49999999999999994,-0.8660254037844387,0.7485107481711013,-0.663122658240795,-0.6,0.33333333333333326,10.0,5.0,3.0,6.0,5.25,4.0,3.4166666666666665,4.0
PI,2017-05-15/2017-05-21,5,4,4,1000000,50000,20,0.49999999999999994,-0.8660254037844387,0.6631226582407952,-0.7485107481711012,0.0,0.33333333333333326,4.0,10.0,3.0,2.0,5.5,3.75,3.5,4.0
PI,2017-05-22/2017-05-28,5,4,4,1000000,50000,21,0.49999999999999994,-0.8660254037844387,0.5680647467311558,-0.8229838658936564,0.0,-0.19999999999999996,4.0,4.0,5.0,1.0,5.75,4.0,3.5833333333333335,1.0
PI,2017-05-29/2017-06-04,5,1,1,1000000,50000,22,0.49999999999999994,-0.8660254037844387,0.46472317204376906,-0.8854560256532096,-0.75,-0.9,4.0,4.0,10.0,2.0,5.5,4.375,3.8333333333333335,3.0
PI,2017-06-05/2017-06-11,6,3,3,1000000,50000,23,1.2246467991473532e-16,-1.0,0.35460488704253584,-0.9350162426854147,2.0,-0.25,1.0,4.0,4.0,3.0,3.25,4.25,3.75,6.0
PI,2017-06-12/2017-06-18,6,6,6,1000000,50000,24,1.2246467991473532e-16,-1.0,0.23931566428755768,-0.970941817426052,1.0,0.5,3.0,1.0,4.0,3.0,3.0,4.25,3.5,4.0
PI,2017-06-19/2017-06-25,6,4,4,1000000,50000,25,1.2246467991473532e-16,-1.0,0.12053668025532308,-0.992708874098054,-0.33333333333333337,0.0,6.0,3.0,4.0,5.0,3.5,4.625,3.8333333333333335,1.0
PI,2017-06-26/2017-07-02,6,1,1,1000000,50000,26,1.2246467991473532e-16,-1.0,-3.216245299353273e-16,-1.0,-0.75,0.0,4.0,6.0,1.0,10.0,3.5,4.5,4.083333333333333,1.0
PI,2017-06-26/2017-07-02,7,1,1,1000000,50000,26,-0.4999999999999997,-0.8660254037844388,-3.216245299353273e-16,-1.0,0.0,-0.6666666666666667,1.0,4.0,3.0,4.0,3.5,3.375,4.0,5.0
PI,2017-07-03/2017-07-09,7,5,5,1000000,50000,27,-0.4999999999999997,-0.8660254037844388,-0.12053668025532283,-0.992708874098054,4.0,-0.16666666666666663,1.0,1.0,6.0,4.0,3.0,3.0,3.8333333333333335,6.0
PI,2017-07-10/2017-07-16,7,6,6,1000000,50000,28,-0.4999999999999997,-0.8660254037844388,-0.23931566428755743,-0.9709418174260521,0.19999999999999996,0.5,5.0,1.0,4.0,4.0,2.75,3.125,4.0,4.0
PI,2017-07-17/2017-07-23,7,4,4,1000000,50000,29,-0.4999999999999997,-0.8660254037844388,-0.3546048870425356,-0.9350162426854148,-0.33333333333333337,3.0,6.0,5.0,1.0,1.0,3.25,3.375,4.083333333333333,3.0
PI,2017-07-24/2017-07-30,7,3,3,1000000,50000,30,-0.4999999999999997,-0.8660254037844388,-0.46472317204376806,-0.8854560256532101,-0.25,2.0,4.0,6.0,1.0,3.0,4.0,3.75,3.5833333333333335,1.0
PI,2017-07-31/2017-08-06,7,1,1,1000000,50000,31,-0.4999999999999997,-0.8660254037844388,-0.5680647467311556,-0.8229838658936565,-0.6666666666666667,-0.8,3.0,4.0,5.0,6.0,4.5,3.75,3.5,2.0
PI,2017-07-31/2017-08-06,8,2,2,1000000,50000,31,-0.8660254037844384,-0.5000000000000004,-0.5680647467311556,-0.8229838658936565,1.0,-0.6666666666666667,1.0,3.0,6.0,4.0,3.5,3.125,3.25,3.0
PI,2017-08-07/2017-08-13,8,3,3,1000000,50000,32,-0.8660254037844384,-0.5000000000000004,-0.663122658240795,-0.7485107481711013,0.5,-0.25,2.0,1.0,4.0,1.0,2.5,2.875,3.0833333333333335,9.0
PI,2017-08-14/2017-08-20,8,9,9,1000000,50000,33,-0.8660254037844384,-0.5000000000000004,-0.7485107481711011,-0.6631226582407952,2.0,2.0,3.0,2.0,3.0,1.0,2.25,3.125,3.25,4.0
PI,2017-08-21/2017-08-27,8,4,4,1000000,50000,34,-0.8660254037844384,-0.5000000000000004,-0.8229838658936564,-0.5680647467311559,-0.5555555555555556,3.0,9.0,3.0,1.0,5.0,3.75,4.125,3.75,2.0
PI,2017-08-28/2017-09-03,8,2,2,1000000,50000,35,-0.8660254037844384,-0.5000000000000004,-0.8854560256532096,-0.4647231720437691,-0.5,0.0,4.0,9.0,2.0,6.0,4.5,4.0,3.5833333333333335,1.0
PI,2017-08-28/2017-09-03,9,1,1,1000000,50000,35,-1.0,-1.8369701987210297e-16,-0.8854560256532096,-0.4647231720437691,-0.5,-0.6666666666666667,2.0,4.0,3.0,4.0,4.5,3.5,3.4166666666666665,7.0
PI,2017-09-04/2017-09-10,9,7,7,1000000,50000,36,-1.0,-1.8369701987210297e-16,-0.9350162426854147,-0.3546048870425359,6.0,-0.2222222222222222,1.0,2.0,9.0,3.0,4.0,3.125,3.4166666666666665,9.0
PI,2017-09-11/2017-09-17,9,9,9,1000000,50000,37,-1.0,-1.8369701987210297e-16,-0.970941817426052,-0.23931566428755774,0.2857142857142858,1.25,7.0,1.0,4.0,1.0,3.5,3.625,3.9166666666666665,4.0
PI,2017-09-18/2017-09-24,9,4,4,1000000,50000,38,-1.0,-1.8369701987210297e-16,-0.992708874098054,-0.12053668025532357,-0.5555555555555556,1.0,9.0,7.0,2.0,2.0,4.75,4.625,4.25,1.0
PI,2017-09-25/2017-10-01,9,1,1,1000000,50000,39,-1.0,-1.8369701987210297e-16,-1.0,-1.8369701987210297e-16,-0.75,0.0,4.0,9.0,1.0,3.0,5.25,4.875,4.083333333333333,9.0
PI,2017-10-02/2017-10-08,10,9,9,1000000,50000,40,-0.8660254037844386,0.5000000000000001,-0.992708874098054,0.1205366802553232,8.0,0.2857142857142858,1.0,4.0,7.0,9.0,5.25,4.625,3.8333333333333335,3.0
PI,2017-10-09/2017-10-15,10,3,3,1000000,50000,41,-0.8660254037844386,0.5000000000000001,-0.9709418174260521,0.23931566428755738,-0.6666666666666667,-0.6666666666666667,9.0,1.0,9.0,4.0,5.75,4.625,4.333333333333333,3.0
PI,2017-10-16/2017-10-22,10,3,3,1000000,50000,42,-0.8660254037844386,0.5000000000000001,-0.9350162426854148,0.35460488704253557,0.0,-0.25,3.0,9.0,4.0,2.0,4.25,4.5,4.5,7.0
PI,2017-10-23/2017-10-29,10,7,7,1000000,50000,43,-0.8660254037844386,0.5000000000000001,-0.8854560256532101,0.464723172043768,1.3333333333333335,6.0,3.0,3.0,1.0,1.0,4.0,4.625,4.583333333333333,1.0
PI,2017-10-30/2017-11-05,10,1,1,1000000,50000,44,-0.8660254037844386,0.5000000000000001,-0.822983865893657,0.5680647467311548,-0.8571428571428572,-0.8888888888888888,7.0,3.0,9.0,7.0,5.5,5.375,4.916666666666667,2.0
PI,2017-10-30/2017-11-05,11,2,2,1000000,50000,44,-0.5000000000000004,0.8660254037844384,-0.822983865893657,0.5680647467311548,1.0,-0.33333333333333337,1.0,7.0,3.0,9.0,3.5,4.625,4.25,8.0
PI,2017-11-06/2017-11-12,11,8,8,1000000,50000,45,-0.5000000000000004,0.8660254037844384,-0.7485107481711011,0.6631226582407952,3.0,1.6666666666666665,2.0,1.0,3.0,4.0,3.25,3.75,4.083333333333333,4.0
PI,2017-11-13/2017-11-19,11,4,4,1000000,50000,46,-0.5000000000000004,0.8660254037844384,-0.6631226582407955,0.7485107481711007,-0.5,-0.4285714285714286,8.0,2.0,7.0,1.0,4.5,4.25,4.583333333333333,11.0
PI,2017-11-20/2017-11-26,11,11,11,1000000,50000,47,-0.5000000000000004,0.8660254037844384,-0.5680647467311559,0.8229838658936564,1.75,10.0,4.0,8.0,1.0,9.0,3.75,4.625,4.833333333333333,6.0
PI,2017-11-27/2017-12-03,11,6,6,1000000,50000,48,-0.5000000000000004,0.8660254037844384,-0.4647231720437684,0.88545602565321,-0.4545454545454546,2.0,11.0,4.0,2.0,3.0,6.25,4.875,5.166666666666667,2.0
PI,2017-11-27/2017-12-03,12,2,2,1000000,50000,48,-2.4492935982947064e-16,1.0,-0.4647231720437684,0.88545602565321,-0.6666666666666667,-0.75,6.0,11.0,8.0,3.0,7.25,5.25,4.916666666666667,9.0
PI,2017-12-04/2017-12-10,12,9,9,1000000,50000,49,-2.4492935982947064e-16,1.0,-0.35460488704253595,0.9350162426854147,3.5,1.25,2.0,6.0,4.0,7.0,5.75,5.125,4.75,4.0
PI,2017-12-11/2017-12-17,12,4,4,1000000,50000,50,-2.4492935982947064e-16,1.0,-0.2393156642875578,0.970941817426052,-0.5555555555555556,-0.6363636363636364,9.0,2.0,11.0,1.0,7.0,5.375,5.416666666666667,3.0
PI,2017-12-18/2017-12-24,12,3,3,1000000,50000,51,-2.4492935982947064e-16,1.0,-0.12053668025532363,0.992708874098054,-0.25,-0.5,4.0,9.0,6.0,2.0,5.25,5.75,5.0,5.0
PI,2017-12-25/2017-12-31,12,5,5,1000000,50000,52,-2.4492935982947064e-16,1.0,6.432490598706546e-16,1.0,0.6666666666666667,1.5,3.0,4.0,2.0,8.0,4.5,5.875,5.0,7.0
PI,2018-01-01/2018-01-07,1,7,7,1000000,50000,1,0.49999999999999994,0.8660254037844387,0.12053668025532305,0.992708874098054,0.3999999999999999,-0.2222222222222222,5.0,3.0,9.0,4.0,5.25,5.5,5.166666666666667,13.0
PI,2018-01-08/2018-01-14,1,13,13,1000000,50000,2,0.49999999999999994,0.8660254037844387,0.23931566428755774,0.970941817426052,0.8571428571428572,2.25,7.0,5.0,4.0,11.0,4.75,5.875,5.166666666666667,15.0
PI,2018-01-15/2018-01-21,1,15,15,1000000,50000,3,0.49999999999999994,0.8660254037844387,0.3546048870425356,0.9350162426854148,0.15384615384615374,4.0,13.0,7.0,3.0,6.0,7.0,6.125,6.166666666666667,9.0
PI,2018-01-22/2018-01-28,1,9,9,1000000,50000,4,0.49999999999999994,0.8660254037844387,0.4647231720437685,0.8854560256532099,-0.4,0.8,15.0,13.0,5.0,2.0,10.0,7.25,7.25,3.0
PI,2018-01-29/2018-02-04,1,3,3,1000000,50000,5,0.49999999999999994,0.8660254037844387,0.5680647467311558,0.8229838658936564,-0.6666666666666667,-0.5714285714285714,9.0,15.0,7.0,9.0,11.0,8.125,7.333333333333333,5.0
PI,2018-01-29/2018-02-04,2,5,5,1000000,50000,5,0.8660254037844386,0.5000000000000001,0.5680647467311558,0.8229838658936564,0.6666666666666667,-0.6153846153846154,3.0,9.0,13.0,4.0,10.0,7.375,7.25,11.0
PI,2018-02-05/2018-02-11,2,11,11,1000000,50000,6,0.8660254037844386,0.5000000000000001,0.6631226582407952,0.7485107481711011,1.2000000000000002,-0.2666666666666667,5.0,3.0,15.0,3.0,8.0,7.5,6.75,4.0
PI,2018-02-12/2018-02-18,2,4,4,1000000,50000,7,0.8660254037844386,0.5000000000000001,0.7485107481711011,0.6631226582407953,-0.6363636363636364,-0.5555555555555556,11.0,5.0,9.0,5.0,7.0,8.5,7.166666666666667,9.0
PI,2018-02-19/2018-02-25,2,9,9,1000000,50000,8,0.8660254037844386,0.5000000000000001,0.8229838658936564,0.5680647467311559,1.25,2.0,4.0,11.0,3.0,7.0,5.75,8.375,7.333333333333333,3.0
PI,2018-02-26/2018-03-04,2,3,3,1000000,50000,9,0.8660254037844386,0.5000000000000001,0.8854560256532099,0.4647231720437686,-0.6666666666666667,-0.4,9.0,4.0,5.0,13.0,7.25,8.625,7.333333333333333,2.0
PI,2018-02-26/2018-03-04,3,2,2,1000000,50000,9,1.0,6.123233995736766e-17,0.8854560256532099,0.4647231720437686,-0.33333333333333337,-0.8181818181818181,3.0,9.0,11.0,15.0,6.75,7.375,7.25,10.0
PI,2018-03-05/2018-03-11,3,10,10,1000000,50000,10,1.0,6.123233995736766e-17,0.9350162426854148,0.35460488704253557,4.0,1.5,2.0,3.0,4.0,9.0,4.5,5.75,7.166666666666667,8.0
PI,2018-03-12/2018-03-18,3,8,8,1000000,50000,11,1.0,6.123233995736766e-17,0.970941817426052,0.23931566428755804,-0.19999999999999996,-0.11111111111111116,10.0,2.0,9.0,3.0,6.0,5.875,7.583333333333333,8.0
PI,2018-03-19/2018-03-25,3,8,8,1000000,50000,12,1.0,6.123233995736766e-17,0.992708874098054,0.120536680255323,0.0,1.6666666666666665,8.0,10.0,3.0,5.0,5.75,6.5,7.666666666666667,6.0
PI,2018-03-26/2018-04-01,3,6,6,1000000,50000,13,1.0,6.123233995736766e-17,1.0,-1.6081226496766364e-16,-0.25,2.0,8.0,8.0,2.0,11.0,7.0,6.875,7.25,6.0
PI,2018-04-02/2018-04-08,4,6,6,1000000,50000,14,0.8660254037844387,-0.4999999999999998,0.992708874098054,-0.12053668025532288,0.0,-0.4,6.0,8.0,10.0,4.0,8.0,6.25,6.5,11.0
PI,2018-04-09/2018-04-15,4,11,11,1000000,50000,15,0.8660254037844387,-0.4999999999999998,0.9709418174260521,-0.2393156642875575,0.8333333333333333,0.375,6.0,6.0,8.0,9.0,7.0,6.5,6.25,6.0
PI,2018-04-16/2018-04-22,4,6,6,1000000,50000,16,0.8660254037844387,-0.4999999999999998,0.9350162426854148,-0.35460488704253545,-0.4545454545454546,-0.25,11.0,6.0,8.0,3.0,7.75,6.75,6.916666666666667,11.0
PI,2018-04-23/2018-04-29,4,11,11,1000000,50000,17,0.8660254037844387,-0.4999999999999998,0.8854560256532099,-0.4647231720437685,0.8333333333333333,0.8333333333333333,6.0,11.0,6.0,2.0,7.25,7.125,7.0,5.0
PI,2018-04-30/2018-05-06,5,5,5,1000000,50000,18,0.49999999999999994,-0.8660254037844387,0.8229838658936565,-0.5680647467311557,-0.5454545454545454,-0.16666666666666663,11.0,6.0,6.0,10.0,8.5,8.25,7.0,9.0
PI,2018-05-07/2018-05-13,5,9,9,1000000,50000,19,0.49999999999999994,-0.8660254037844387,0.7485107481711013,-0.663122658240795,0.8,-0.18181818181818177,5.0,11.0,11.0,8.0,8.25,7.625,7.083333333333333,10.0
PI,2018-05-14/2018-05-20,5,10,10,1000000,50000,20,0.49999999999999994,-0.8660254037844387,0.6631226582407952,-0.7485107481711012,0.11111111111111116,0.6666666666666667,9.0,5.0,6.0,8.0,7.75,7.75,7.083333333333333,3.0
PI,2018-05-21/2018-05-27,5,3,3,1000000,50000,21,0.49999999999999994,-0.8660254037844387,0.5680647467311558,-0.8229838658936564,-0.7,-0.7272727272727273,10.0,9.0,11.0,6.0,8.75,8.0,7.666666666666667,3.0
PI,2018-05-28/2018-06-03,5,3,3,1000000,50000,22,0.49999999999999994,-0.8660254037844387,0.46472317204376906,-0.8854560256532096,0.0,-0.4,3.0,10.0,5.0,6.0,6.75,7.625,7.75,2.0
PI,2018-05-28/2018-06-03,6,2,2,1000000,50000,22,1.2246467991473532e-16,-1.0,0.46472317204376906,-0.8854560256532096,-0.33333333333333337,-0.7777777777777778,3.0,3.0,9.0,11.0,6.25,7.25,7.166666666666667,9.0
PI,2018-06-04/2018-06-10,6,9,9,1000000,50000,23,1.2246467991473532e-16,-1.0,0.35460488704253584,-0.9350162426854147,3.5,-0.09999999999999998,2.0,3.0,10.0,6.0,4.5,6.125,6.666666666666667,5.0
PI,2018-06-11/2018-06-17,6,5,5,1000000,50000,24,1.2246467991473532e-16,-1.0,0.23931566428755768,-0.970941817426052,-0.4444444444444444,0.6666666666666667,9.0,2.0,3.0,11.0,4.25,6.5,6.75,8.0
PI,2018-06-18/2018-06-24,6,8,8,1000000,50000,25,1.2246467991473532e-16,-1.0,0.12053668025532308,-0.992708874098054,0.6000000000000001,1.6666666666666665,5.0,9.0,3.0,5.0,4.75,5.75,6.666666666666667,5.0
PI,2018-06-25/2018-07-01,6,5,5,1000000,50000,26,1.2246467991473532e-16,-1.0,-3.216245299353273e-16,-1.0,-0.375,1.5,8.0,5.0,2.0,9.0,6.0,6.125,6.833333333333333,3.0
PI,2018-07-02/2018-07-08,7,3,3,1000000,50000,27,-0.4999999999999997,-0.8660254037844388,-0.12053668025532283,-0.992708874098054,-0.4,-0.6666666666666667,5.0,8.0,9.0,10.0,6.75,5.625,6.333333333333333,10.0
PI,2018-07-09/2018-07-15,7,10,10,1000000,50000,28,-0.4999999999999997,-0.8660254037844388,-0.23931566428755743,-0.9709418174260521,2.3333333333333335,1.0,3.0,5.0,5.0,3.0,5.25,4.75,6.083333333333333,6.0
PI,2018-07-16/2018-07-22,7,6,6,1000000,50000,29,-0.4999999999999997,-0.8660254037844388,-0.3546048870425356,-0.9350162426854148,-0.4,-0.25,10.0,3.0,8.0,3.0,6.5,5.625,6.0,10.0
PI,2018-07-23/2018-07-29,7,10,10,1000000,50000,30,-0.4999999999999997,-0.8660254037844388,-0.46472317204376806,-0.8854560256532101,0.6666666666666667,1.0,6.0,10.0,5.0,2.0,6.0,6.0,6.083333333333333,3.0
PI,2018-07-30/2018-08-05,7,3,3,1000000,50000,31,-0.4999999999999997,-0.8660254037844388,-0.5680647467311556,-0.8229838658936565,-0.7,0.0,10.0,6.0,3.0,9.0,7.25,7.0,6.166666666666667,6.0
PI,2018-07-30/2018-08-05,8,6,6,1000000,50000,31,-0.8660254037844384,-0.5000000000000004,-0.5680647467311556,-0.8229838658936565,1.0,-0.4,3.0,10.0,10.0,5.0,7.25,6.25,5.583333333333333,10.0
PI,2018-08-06/2018-08-12,8,10,10,1000000,50000,32,-0.8660254037844384,-0.5000000000000004,-0.663122658240795,-0.7485107481711013,0.6666666666666667,0.6666666666666667,6.0,3.0,6.0,8.0,6.25,6.375,5.833333333333333,3.0
PI,2018-08-13/2018-08-19,8,3,3,1000000,50000,33,-0.8660254037844384,-0.5000000000000004,-0.7485107481711011,-0.6631226582407952,-0.7,-0.7,10.0,6.0,10.0,5.0,7.25,6.625,6.416666666666667,1.0
PR,2016-10-03/2016-10-09,10,17,17,1000000,50000,40,-0.8660254037844386,0.5000000000000001,-0.992708874098054,0.1205366802553232,0.0,0.0,,,,,,,,2.0
PR,2016-10-10/2016-10-16,10,2,2,1000000,50000,41,-0.8660254037844386,0.5000000000000001,-0.9709418174260521,0.23931566428755738,-0.8823529411764706,0.0,17.0,,,,,,,1.0
PR,2016-12-19/2016-12-25,12,1,1,1000000,50000,51,-2.4492935982947064e-16,1.0,-0.12053668025532363,0.992708874098054,-0.5,0.0,2.0,17.0,,,9.5,9.5,9.5,30.0
PR,2017-01-02/2017-01-08,1,30,30,1000000,50000,1,0.49999999999999994,0.8660254037844387,0.12053668025532305,0.992708874098054,29.0,0.0,1.0,2.0,,,6.666666666666667,6.666666666666667,6.666666666666667,4.0
PR,2017-01-09/2017-01-15,1,4,4,1000000,50000,2,0.49999999999999994,0.8660254037844387,0.23931566428755774,0.970941817426052,-0.8666666666666667,-0.7647058823529411,30.0,1.0,17.0,,12.5,12.5,12.5,4.0
PR,2017-01-16/2017-01-22,1,4,4,1000000,50000,3,0.49999999999999994,0.8660254037844387,0.3546048870425356,0.9350162426854148,0.0,1.0,4.0,30.0,2.0,,9.25,10.8,10.8,15.0
PR,2017-01-23/2017-01-29,1,15,15,1000000,50000,4,0.49999999999999994,0.8660254037844387,0.4647231720437685,0.8854560256532099,2.75,14.0,4.0,4.0,1.0,,9.75,9.666666666666666,9.666666666666666,9.0
PR,2017-01-30/2017-02-05,1,9,9,1000000,50000,5,0.49999999999999994,0.8660254037844387,0.5680647467311558,0.8229838658936564,-0.4,-0.7,15.0,4.0,30.0,,13.25,10.428571428571429,10.428571428571429,27.0
PR,2017-01-30/2017-02-05,2,27,27,1000000,50000,5,0.8660254037844386,0.5000000000000001,0.5680647467311558,0.8229838658936564,2.0,5.75,9.0,15.0,4.0,17.0,8.0,10.25,10.25,33.0
PR,2017-02-06/2017-02-12,2,33,33,1000000,50000,6,0.8660254037844386,0.5000000000000001,0.6631226582407952,0.7485107481711011,0.22222222222222232,7.25,27.0,9.0,4.0,2.0,13.75,11.5,12.11111111111111,28.0
PR,2017-02-13/2017-02-19,2,28,28,1000000,50000,7,0.8660254037844386,0.5000000000000001,0.7485107481711011,0.6631226582407953,-0.1515151515151515,0.8666666666666667,33.0,27.0,15.0,1.0,21.0,15.375,14.2,15.0
PR,2017-02-20/2017-02-26,2,15,15,1000000,50000,8,0.8660254037844386,0.5000000000000001,0.8229838658936564,0.5680647467311559,-0.4642857142857143,0.6666666666666667,28.0,33.0,9.0,30.0,24.25,18.75,15.454545454545455,7.0
PR,2017-02-27/2017-03-05,2,7,7,1000000,50000,9,0.8660254037844386,0.5000000000000001,0.8854560256532099,0.4647231720437686,-0.5333333333333333,-0.7407407407407407,15.0,28.0,27.0,4.0,25.75,16.875,15.416666666666666,19.0
PR,2017-02-27/2017-03-05,3,19,19,1000000,50000,9,1.0,6.123233995736766e-17,0.8854560256532099,0.4647231720437686,1.7142857142857144,-0.4242424242424242,7.0,15.0,33.0,4.0,20.75,17.25,14.583333333333334,30.0
PR,2017-03-06/2017-03-12,3,30,30,1000000,50000,10,1.0,6.123233995736766e-17,0.9350162426854148,0.35460488704253557,0.5789473684210527,0.0714285714285714,19.0,7.0,28.0,15.0,17.25,19.125,16.0,27.0
PR,2017-03-13/2017-03-19,3,27,27,1000000,50000,11,1.0,6.123233995736766e-17,0.970941817426052,0.23931566428755804,-0.09999999999999998,0.8,30.0,19.0,15.0,9.0,17.75,21.0,18.416666666666668,28.0
PR,2017-03-20/2017-03-26,3,28,28,1000000,50000,12,1.0,6.123233995736766e-17,0.992708874098054,0.120536680255323,0.03703703703703698,3.0,27.0,30.0,7.0,27.0,20.75,23.25,18.166666666666668,17.0
PR,2017-03-27/2017-04-02,3,17,17,1000000,50000,13,1.0,6.123233995736766e-17,1.0,-1.6081226496766364e-16,-0.3928571428571429,-0.10526315789473684,28.0,27.0,19.0,33.0,26.0,23.375,20.166666666666668,7.0
PR,2017-03-27/2017-04-02,4,7,7,1000000,50000,13,0.8660254037844387,-0.4999999999999998,1.0,-1.6081226496766364e-16,-0.5882352941176471,-0.7666666666666666,17.0,28.0,30.0,28.0,25.5,21.375,21.25,21.0
PR,2017-04-03/2017-04-09,4,21,21,1000000,50000,14,0.8660254037844387,-0.4999999999999998,0.992708874098054,-0.12053668025532288,2.0,-0.2222222222222222,7.0,17.0,27.0,15.0,19.75,18.75,20.583333333333332,15.0
PR,2017-04-10/2017-04-16,4,15,15,1000000,50000,15,0.8660254037844387,-0.4999999999999998,0.9709418174260521,-0.2393156642875575,-0.2857142857142857,-0.4642857142857143,21.0,7.0,28.0,7.0,18.25,19.5,21.583333333333332,33.0
PR,2017-04-17/2017-04-23,4,33,33,1000000,50000,16,0.8660254037844387,-0.4999999999999998,0.9350162426854148,-0.35460488704253545,1.2000000000000002,0.9411764705882353,15.0,21.0,17.0,19.0,15.0,20.5,20.583333333333332,36.0
PR,2017-04-24/2017-04-30,4,36,36,1000000,50000,17,0.8660254037844387,-0.4999999999999998,0.8854560256532099,-0.4647231720437685,0.09090909090909083,4.142857142857143,33.0,15.0,7.0,30.0,19.0,22.25,20.583333333333332,35.0
PR,2017-05-01/2017-05-07,5,35,35,1000000,50000,18,0.49999999999999994,-0.8660254037844387,0.8229838658936565,-0.5680647467311557,-0.02777777777777779,0.6666666666666667,36.0,33.0,21.0,27.0,26.25,23.0,21.25,52.0
PR,2017-05-08/2017-05-14,5,52,52,1000000,50000,19,0.49999999999999994,-0.8660254037844387,0.7485107481711013,-0.663122658240795,0.48571428571428577,2.466666666666667,35.0,36.0,15.0,28.0,29.75,24.0,22.916666666666668,56.0
PR,2017-05-15/2017-05-21,5,56,56,1000000,50000,20,0.49999999999999994,-0.8660254037844387,0.6631226582407952,-0.7485107481711012,0.07692307692307687,0.696969696969697,52.0,35.0,33.0,17.0,39.0,27.0,26.666666666666668,43.0
PR,2017-05-22/2017-05-28,5,43,43,1000000,50000,21,0.49999999999999994,-0.8660254037844387,0.5680647467311558,-0.8229838658936564,-0.2321428571428571,0.19444444444444442,56.0,52.0,36.0,7.0,44.75,31.875,29.75,20.0
PR,2017-05-29/2017-06-04,5,20,20,1000000,50000,22,0.49999999999999994,-0.8660254037844387,0.46472317204376906,-0.8854560256532096,-0.5348837209302326,-0.4285714285714286,43.0,56.0,35.0,21.0,46.5,36.375,30.833333333333332,18.0
PR,2017-05-29/2017-06-04,6,18,18,1000000,50000,22,1.2246467991473532e-16,-1.0,0.46472317204376906,-0.8854560256532096,-0.09999999999999998,-0.6538461538461539,20.0,43.0,52.0,15.0,42.75,36.25,30.25,47.0
PR,2017-06-05/2017-06-11,6,47,47,1000000,50000,23,1.2246467991473532e-16,-1.0,0.35460488704253584,-0.9350162426854147,1.6111111111111112,-0.1607142857142857,18.0,20.0,56.0,33.0,34.25,36.625,29.416666666666668,39.0
PR,2017-06-12/2017-06-18,6,39,39,1000000,50000,24,1.2246467991473532e-16,-1.0,0.23931566428755768,-0.970941817426052,-0.17021276595744683,-0.09302325581395354,47.0,18.0,43.0,36.0,32.0,38.375,31.916666666666668,35.0
PR,2017-06-19/2017-06-25,6,35,35,1000000,50000,25,1.2246467991473532e-16,-1.0,0.12053668025532308,-0.992708874098054,-0.10256410256410253,0.75,39.0,47.0,20.0,35.0,31.0,38.75,34.583333333333336,28.0
PR,2017-06-26/2017-07-02,6,28,28,1000000,50000,26,1.2246467991473532e-16,-1.0,-3.216245299353273e-16,-1.0,-0.19999999999999996,0.5555555555555556,35.0,39.0,18.0,52.0,34.75,38.75,35.75,8.0
PR,2017-06-26/2017-07-02,7,8,8,1000000,50000,26,-0.4999999999999997,-0.8660254037844388,-3.216245299353273e-16,-1.0,-0.7142857142857143,-0.8297872340425532,28.0,35.0,47.0,56.0,37.25,35.75,36.833333333333336,40.0
PR,2017-07-03/2017-07-09,7,40,40,1000000,50000,27,-0.4999999999999997,-0.8660254037844388,-0.12053668025532283,-0.992708874098054,4.0,0.02564102564102555,8.0,28.0,39.0,43.0,27.5,29.75,34.75,46.0
PR,2017-07-10/2017-07-16,7,46,46,1000000,50000,28,-0.4999999999999997,-0.8660254037844388,-0.23931566428755743,-0.9709418174260521,0.1499999999999999,0.3142857142857143,40.0,8.0,35.0,20.0,27.75,29.375,35.083333333333336,46.0
PR,2017-07-17/2017-07-23,7,46,46,1000000,50000,29,-0.4999999999999997,-0.8660254037844388,-0.3546048870425356,-0.9350162426854148,0.0,0.6428571428571428,46.0,40.0,28.0,18.0,30.5,32.625,36.0,48.0
PR,2017-07-24/2017-07-30,7,48,48,1000000,50000,30,-0.4999999999999997,-0.8660254037844388,-0.46472317204376806,-0.8854560256532101,0.04347826086956519,5.0,46.0,46.0,8.0,47.0,35.0,36.125,35.5,7.0
PR,2017-07-31/2017-08-06,7,7,7,1000000,50000,31,-0.4999999999999997,-0.8660254037844388,-0.5680647467311556,-0.8229838658936565,-0.8541666666666666,-0.825,48.0,46.0,40.0,39.0,45.0,36.25,34.833333333333336,49.0
PR,2017-07-31/2017-08-06,8,49,49,1000000,50000,31,-0.8660254037844384,-0.5000000000000004,-0.5680647467311556,-0.8229838658936565,6.0,0.0652173913043479,7.0,48.0,46.0,35.0,36.75,32.25,31.833333333333332,59.0
PR,2017-08-07/2017-08-13,8,59,59,1000000,50000,32,-0.8660254037844384,-0.5000000000000004,-0.663122658240795,-0.7485107481711013,0.20408163265306123,0.28260869565217384,49.0,7.0,46.0,28.0,37.5,34.0,34.25,38.0
PR,2017-08-14/2017-08-20,8,38,38,1000000,50000,33,-0.8660254037844384,-0.5000000000000004,-0.7485107481711011,-0.6631226582407952,-0.35593220338983056,-0.20833333333333337,59.0,49.0,48.0,8.0,40.75,37.875,37.666666666666664,41.0
PR,2017-08-21/2017-08-27,8,41,41,1000000,50000,34,-0.8660254037844384,-0.5000000000000004,-0.8229838658936564,-0.5680647467311559,0.07894736842105265,4.857142857142857,38.0,59.0,7.0,40.0,38.25,41.625,36.916666666666664,33.0
PR,2017-08-28/2017-09-03,8,33,33,1000000,50000,35,-0.8660254037844384,-0.5000000000000004,-0.8854560256532096,-0.4647231720437691,-0.19512195121951215,-0.326530612244898,41.0,38.0,49.0,46.0,46.75,41.75,37.083333333333336,16.0
PR,2017-08-28/2017-09-03,9,16,16,1000000,50000,35,-1.0,-1.8369701987210297e-16,-0.8854560256532096,-0.4647231720437691,-0.5151515151515151,-0.728813559322034,33.0,41.0,59.0,46.0,42.75,40.125,36.916666666666664,35.0
PR,2017-09-04/2017-09-10,9,35,35,1000000,50000,36,-1.0,-1.8369701987210297e-16,-0.9350162426854147,-0.3546048870425359,1.1875,-0.07894736842105265,16.0,33.0,38.0,48.0,32.0,36.375,35.916666666666664,42.0
PR,2017-09-11/2017-09-17,9,42,42,1000000,50000,37,-1.0,-1.8369701987210297e-16,-0.970941817426052,-0.23931566428755774,0.19999999999999996,0.024390243902439046,35.0,16.0,41.0,7.0,31.25,34.75,38.166666666666664,49.0
PR,2017-09-18/2017-09-24,9,49,49,1000000,50000,38,-1.0,-1.8369701987210297e-16,-0.992708874098054,-0.12053668025532357,0.16666666666666674,0.48484848484848486,42.0,35.0,33.0,49.0,31.5,39.125,38.333333333333336,34.0
PR,2017-09-25/2017-10-01,9,34,34,1000000,50000,39,-1.0,-1.8369701987210297e-16,-1.0,-1.8369701987210297e-16,-0.30612244897959184,1.125,49.0,42.0,16.0,59.0,35.5,39.125,38.583333333333336,10.0
PR,2017-09-25/2017-10-01,10,10,10,1000000,50000,39,-0.8660254037844386,0.5000000000000001,-1.0,-1.8369701987210297e-16,-0.7058823529411764,-0.7142857142857143,34.0,49.0,35.0,38.0,40.0,36.0,37.583333333333336,35.0
PR,2017-10-02/2017-10-08,10,35,35,1000000,50000,40,-0.8660254037844386,0.5000000000000001,-0.992708874098054,0.1205366802553232,2.5,-0.16666666666666663,10.0,34.0,42.0,41.0,33.75,32.5,34.416666666666664,43.0
PR,2017-10-09/2017-10-15,10,43,43,1000000,50000,41,-0.8660254037844386,0.5000000000000001,-0.9709418174260521,0.23931566428755738,0.22857142857142865,-0.12244897959183676,35.0,10.0,49.0,33.0,32.0,31.75,36.75,57.0
PR,2017-10-16/2017-10-22,10,57,57,1000000,50000,42,-0.8660254037844386,0.5000000000000001,-0.9350162426854148,0.35460488704253557,0.3255813953488371,0.6764705882352942,43.0,35.0,34.0,16.0,30.5,33.0,36.25,38.0
PR,2017-10-23/2017-10-29,10,38,38,1000000,50000,43,-0.8660254037844386,0.5000000000000001,-0.8854560256532101,0.464723172043768,-0.33333333333333337,2.8,57.0,43.0,10.0,35.0,36.25,38.125,36.083333333333336,15.0
PR,2017-10-30/2017-11-05,10,15,15,1000000,50000,44,-0.8660254037844386,0.5000000000000001,-0.822983865893657,0.5680647467311548,-0.6052631578947368,-0.5714285714285714,38.0,57.0,35.0,42.0,43.25,38.5,36.083333333333336,32.0
PR,2017-10-30/2017-11-05,11,32,32,1000000,50000,44,-0.5000000000000004,0.8660254037844384,-0.822983865893657,0.5680647467311548,1.1333333333333333,-0.2558139534883721,15.0,38.0,43.0,49.0,38.25,35.125,33.916666666666664,50.0
PR,2017-11-06/2017-11-12,11,50,50,1000000,50000,45,-0.5000000000000004,0.8660254037844384,-0.7485107481711011,0.6631226582407952,0.5625,-0.1228070175438597,32.0,15.0,57.0,34.0,35.5,33.0,33.833333333333336,63.0
PR,2017-11-13/2017-11-19,11,63,63,1000000,50000,46,-0.5000000000000004,0.8660254037844384,-0.6631226582407955,0.7485107481711007,0.26,0.6578947368421053,50.0,32.0,38.0,10.0,33.75,35.0,36.666666666666664,136.0
PR,2017-11-20/2017-11-26,11,136,136,1000000,50000,47,-0.5000000000000004,0.8660254037844384,-0.5680647467311559,0.8229838658936564,1.1587301587301586,8.066666666666666,63.0,50.0,15.0,35.0,40.0,41.625,39.0,84.0
PR,2017-11-27/2017-12-03,11,84,84,1000000,50000,48,-0.5000000000000004,0.8660254037844384,-0.4647231720437684,0.88545602565321,-0.38235294117647056,1.625,136.0,63.0,32.0,43.0,70.25,54.25,46.833333333333336,27.0
PR,2017-11-27/2017-12-03,12,27,27,1000000,50000,48,-2.4492935982947064e-16,1.0,-0.4647231720437684,0.88545602565321,-0.6785714285714286,-0.45999999999999996,84.0,136.0,50.0,57.0,83.25,59.375,49.75,67.0
PR,2017-12-04/2017-12-10,12,67,67,1000000,50000,49,-2.4492935982947064e-16,1.0,-0.35460488704253595,0.9350162426854147,1.4814814814814814,0.06349206349206349,27.0,84.0,63.0,38.0,77.5,55.625,49.166666666666664,75.0
PR,2017-12-11/2017-12-17,12,75,75,1000000,50000,50,-2.4492935982947064e-16,1.0,-0.2393156642875578,0.970941817426052,0.11940298507462677,-0.44852941176470584,67.0,27.0,136.0,15.0,78.5,59.25,53.916666666666664,54.0
PR,2017-12-18/2017-12-24,12,54,54,1000000,50000,51,-2.4492935982947064e-16,1.0,-0.12053668025532363,0.992708874098054,-0.28,-0.3571428571428571,75.0,67.0,84.0,32.0,63.25,66.75,57.25,37.0
PR,2017-12-25/2017-12-31,12,37,37,1000000,50000,52,-2.4492935982947064e-16,1.0,6.432490598706546e-16,1.0,-0.31481481481481477,0.37037037037037046,54.0,75.0,27.0,50.0,55.75,69.5,58.166666666666664,63.0
PR,2018-01-01/2018-01-07,1,63,63,1000000,50000,1,0.49999999999999994,0.8660254037844387,0.12053668025532305,0.992708874098054,0.7027027027027026,-0.05970149253731338,37.0,54.0,67.0,63.0,58.25,67.875,56.5,103.0
PR,2018-01-08/2018-01-14,1,103,103,1000000,50000,2,0.49999999999999994,0.8660254037844387,0.23931566428755774,0.970941817426052,0.6349206349206349,0.3733333333333333,63.0,37.0,75.0,136.0,57.25,67.875,58.583333333333336,81.0
PR,2018-01-15/2018-01-21,1,81,81,1000000,50000,3,0.49999999999999994,0.8660254037844387,0.3546048870425356,0.9350162426854148,-0.21359223300970875,0.5,103.0,63.0,54.0,84.0,64.25,63.75,65.91666666666667,90.0
PR,2018-01-22/2018-01-28,1,90,90,1000000,50000,4,0.49999999999999994,0.8660254037844387,0.4647231720437685,0.8854560256532099,0.11111111111111116,1.4324324324324325,81.0,103.0,37.0,27.0,71.0,63.375,70.0,34.0
PR,2018-01-29/2018-02-04,1,34,34,1000000,50000,5,0.49999999999999994,0.8660254037844387,0.5680647467311558,0.8229838658936564,-0.6222222222222222,-0.46031746031746035,90.0,81.0,63.0,67.0,84.25,71.25,73.33333333333333,35.0
PR,2018-01-29/2018-02-04,2,35,35,1000000,50000,5,0.8660254037844386,0.5000000000000001,0.5680647467311558,0.8229838658936564,0.02941176470588225,-0.6601941747572815,34.0,90.0,103.0,75.0,77.0,67.125,70.91666666666667,81.0
PR,2018-02-05/2018-02-11,2,81,81,1000000,50000,6,0.8660254037844386,0.5000000000000001,0.6631226582407952,0.7485107481711011,1.3142857142857145,0.0,35.0,34.0,81.0,54.0,60.0,62.125,62.5,79.0
PR,2018-02-12/2018-02-18,2,79,79,1000000,50000,7,0.8660254037844386,0.5000000000000001,0.7485107481711011,0.6631226582407953,-0.024691358024691357,-0.12222222222222223,81.0,35.0,90.0,37.0,60.0,65.5,62.25,89.0
PR,2018-02-19/2018-02-25,2,89,89,1000000,50000,8,0.8660254037844386,0.5000000000000001,0.8229838658936564,0.5680647467311559,0.12658227848101267,1.6176470588235294,79.0,81.0,34.0,63.0,57.25,70.75,66.58333333333333,51.0
PR,2018-02-26/2018-03-04,2,51,51,1000000,50000,9,0.8660254037844386,0.5000000000000001,0.8854560256532099,0.4647231720437686,-0.4269662921348315,0.4571428571428571,89.0,79.0,35.0,103.0,71.0,74.0,68.41666666666667,55.0
PR,2018-02-26/2018-03-04,3,55,55,1000000,50000,9,1.0,6.123233995736766e-17,0.8854560256532099,0.4647231720437686,0.07843137254901955,-0.32098765432098764,51.0,89.0,81.0,81.0,75.0,67.5,66.41666666666667,84.0
PR,2018-03-05/2018-03-11,3,84,84,1000000,50000,10,1.0,6.123233995736766e-17,0.9350162426854148,0.35460488704253557,0.5272727272727273,0.06329113924050622,55.0,51.0,79.0,90.0,68.5,64.25,66.5,85.0
PR,2018-03-12/2018-03-18,3,85,85,1000000,50000,11,1.0,6.123233995736766e-17,0.970941817426052,0.23931566428755804,0.011904761904761862,-0.0449438202247191,84.0,55.0,89.0,34.0,69.75,63.5,70.41666666666667,79.0
PR,2018-03-19/2018-03-25,3,79,79,1000000,50000,12,1.0,6.123233995736766e-17,0.992708874098054,0.120536680255323,-0.07058823529411762,0.5490196078431373,85.0,84.0,51.0,35.0,68.75,69.875,72.25,66.0
PR,2018-03-26/2018-04-01,3,66,66,1000000,50000,13,1.0,6.123233995736766e-17,1.0,-1.6081226496766364e-16,-0.16455696202531644,0.19999999999999996,79.0,85.0,55.0,81.0,75.75,75.375,70.25,14.0
PR,2018-03-26/2018-04-01,4,14,14,1000000,50000,13,0.8660254037844387,-0.4999999999999998,1.0,-1.6081226496766364e-16,-0.7878787878787878,-0.8333333333333334,66.0,79.0,84.0,79.0,78.5,73.5,69.0,83.0
PR,2018-04-02/2018-04-08,4,83,83,1000000,50000,14,0.8660254037844387,-0.4999999999999998,0.992708874098054,-0.12053668025532288,4.928571428571429,-0.02352941176470591,14.0,66.0,85.0,89.0,61.0,65.375,62.666666666666664,80.0
PR,2018-04-09/2018-04-15,4,80,80,1000000,50000,15,0.8660254037844387,-0.4999999999999998,0.9709418174260521,-0.2393156642875575,-0.03614457831325302,0.012658227848101333,83.0,14.0,79.0,51.0,60.5,64.625,66.75,97.0
PR,2018-04-16/2018-04-22,4,97,97,1000000,50000,16,0.8660254037844387,-0.4999999999999998,0.9350162426854148,-0.35460488704253545,0.2124999999999999,0.4696969696969697,80.0,83.0,66.0,55.0,60.75,68.25,70.5,96.0
PR,2018-04-23/2018-04-29,4,96,96,1000000,50000,17,0.8660254037844387,-0.4999999999999998,0.8854560256532099,-0.4647231720437685,-0.010309278350515427,5.857142857142857,97.0,80.0,14.0,84.0,68.5,73.5,71.83333333333333,11.0
PR,2018-04-30/2018-05-06,4,11,11,1000000,50000,18,0.8660254037844387,-0.4999999999999998,0.8229838658936565,-0.5680647467311557,-0.8854166666666666,-0.8674698795180723,96.0,97.0,83.0,85.0,89.0,75.0,73.25,71.0
PR,2018-04-30/2018-05-06,5,71,71,1000000,50000,18,0.49999999999999994,-0.8660254037844387,0.8229838658936565,-0.5680647467311557,5.454545454545454,-0.11250000000000004,11.0,96.0,80.0,79.0,71.0,65.75,66.75,97.0
PR,2018-05-07/2018-05-13,5,97,97,1000000,50000,19,0.49999999999999994,-0.8660254037844387,0.7485107481711013,-0.663122658240795,0.3661971830985915,0.0,71.0,11.0,97.0,66.0,68.75,64.75,68.41666666666667,73.0
PR,2018-05-14/2018-05-20,5,73,73,1000000,50000,20,0.49999999999999994,-0.8660254037844387,0.6631226582407952,-0.7485107481711012,-0.24742268041237114,-0.23958333333333337,97.0,71.0,96.0,14.0,68.75,68.625,71.91666666666667,40.0
PR,2018-05-21/2018-05-27,5,40,40,1000000,50000,21,0.49999999999999994,-0.8660254037844387,0.5680647467311558,-0.8229838658936564,-0.452054794520548,2.6363636363636362,73.0,97.0,11.0,83.0,63.0,76.0,71.0,27.0
PR,2018-05-28/2018-06-03,5,27,27,1000000,50000,22,0.49999999999999994,-0.8660254037844387,0.46472317204376906,-0.8854560256532096,-0.32499999999999996,-0.619718309859155,40.0,73.0,71.0,80.0,70.25,70.625,67.25,18.0
PR,2018-05-28/2018-06-03,6,18,18,1000000,50000,22,1.2246467991473532e-16,-1.0,0.46472317204376906,-0.8854560256532096,-0.33333333333333337,-0.8144329896907216,27.0,40.0,97.0,97.0,59.25,64.0,62.916666666666664,75.0
PR,2018-06-04/2018-06-10,6,75,75,1000000,50000,23,1.2246467991473532e-16,-1.0,0.35460488704253584,-0.9350162426854147,3.166666666666667,0.027397260273972712,18.0,27.0,73.0,96.0,39.5,54.125,58.916666666666664,71.0
PR,2018-06-11/2018-06-17,6,71,71,1000000,50000,24,1.2246467991473532e-16,-1.0,0.23931566428755768,-0.970941817426052,-0.053333333333333344,0.7749999999999999,75.0,18.0,40.0,11.0,40.0,51.5,64.0,73.0
PR,2018-06-18/2018-06-24,6,73,73,1000000,50000,25,1.2246467991473532e-16,-1.0,0.12053668025532308,-0.992708874098054,0.028169014084507005,1.7037037037037037,71.0,75.0,27.0,71.0,47.75,59.0,63.0,69.0
PR,2018-06-25/2018-07-01,6,69,69,1000000,50000,26,1.2246467991473532e-16,-1.0,-3.216245299353273e-16,-1.0,-0.0547945205479452,2.8333333333333335,73.0,71.0,18.0,97.0,59.25,59.25,62.416666666666664,8.0
PR,2018-06-25/2018-07-01,7,8,8,1000000,50000,26,-0.4999999999999997,-0.8660254037844388,-3.216245299353273e-16,-1.0,-0.8840579710144928,-0.8933333333333333,69.0,73.0,75.0,73.0,72.0,55.75,60.083333333333336,52.0
PR,2018-07-02/2018-07-08,7,52,52,1000000,50000,27,-0.4999999999999997,-0.8660254037844388,-0.12053668025532283,-0.992708874098054,5.5,-0.2676056338028169,8.0,69.0,71.0,40.0,55.25,47.625,52.75,59.0
PR,2018-07-09/2018-07-15,7,59,59,1000000,50000,28,-0.4999999999999997,-0.8660254037844388,-0.23931566428755743,-0.9709418174260521,0.13461538461538458,-0.1917808219178082,52.0,8.0,73.0,27.0,50.5,49.125,56.166666666666664,93.0
PR,2018-07-16/2018-07-22,7,93,93,1000000,50000,29,-0.4999999999999997,-0.8660254037844388,-0.3546048870425356,-0.9350162426854148,0.576271186440678,0.34782608695652173,59.0,52.0,69.0,18.0,47.0,53.125,55.166666666666664,83.0
PR,2018-07-23/2018-07-29,7,83,83,1000000,50000,30,-0.4999999999999997,-0.8660254037844388,-0.46472317204376806,-0.8854560256532101,-0.10752688172043012,9.375,93.0,59.0,8.0,75.0,53.0,62.5,54.833333333333336,19.0
PR,2018-07-30/2018-08-05,7,19,19,1000000,50000,31,-0.4999999999999997,-0.8660254037844388,-0.5680647467311556,-0.8229838658936565,-0.7710843373493976,-0.6346153846153846,83.0,93.0,52.0,71.0,71.75,63.5,55.666666666666664,69.0
PR,2018-07-30/2018-08-05,8,69,69,1000000,50000,31,-0.8660254037844384,-0.5000000000000004,-0.5680647467311556,-0.8229838658936565,2.6315789473684212,0.1694915254237288,19.0,83.0,59.0,73.0,63.5,57.0,53.916666666666664,109.0
PR,2018-08-06/2018-08-12,8,109,109,1000000,50000,32,-0.8660254037844384,-0.5000000000000004,-0.663122658240795,-0.7485107481711013,0.5797101449275361,0.17204301075268824,69.0,19.0,93.0,69.0,66.0,56.5,57.416666666666664,97.0
PR,2018-08-13/2018-08-19,8,97,97,1000000,50000,33,-0.8660254037844384,-0.5000000000000004,-0.7485107481711011,-0.6631226582407952,-0.11009174311926606,0.16867469879518082,109.0,69.0,83.0,8.0,70.0,61.5,65.0,48.0
PR,2018-08-20/2018-08-26,8,48,48,1000000,50000,34,-0.8660254037844384,-0.5000000000000004,-0.8229838658936564,-0.5680647467311559,-0.5051546391752577,1.526315789473684,97.0,109.0,19.0,52.0,73.5,72.625,66.83333333333333,4.0
RJ,2016-10-03/2016-10-09,10,35,35,1000000,50000,40,-0.8660254037844386,0.5000000000000001,-0.992708874098054,0.1205366802553232,0.0,0.0,,,,,,,,5.0
RJ,2016-10-10/2016-10-16,10,5,5,1000000,50000,41,-0.8660254037844386,0.5000000000000001,-0.9709418174260521,0.23931566428755738,-0.8571428571428572,0.0,35.0,,,,,,,3.0
RJ,2017-01-02/2017-01-08,1,3,3,1000000,50000,1,0.49999999999999994,0.8660254037844387,0.12053668025532305,0.992708874098054,-0.4,0.0,5.0,35.0,,,20.0,20.0,20.0,10.0
RJ,2017-01-09/2017-01-15,1,10,10,1000000,50000,2,0.49999999999999994,0.8660254037844387,0.23931566428755774,0.970941817426052,2.3333333333333335,0.0,3.0,5.0,,,14.333333333333334,14.333333333333334,14.333333333333334,26.0
RJ,2017-01-16/2017-01-22,1,26,26,1000000,50000,3,0.49999999999999994,0.8660254037844387,0.3546048870425356,0.9350162426854148,1.6,-0.2571428571428571,10.0,3.0,35.0,,13.25,13.25,13.25,34.0
RJ,2017-01-23/2017-01-29,1,34,34,1000000,50000,4,0.49999999999999994,0.8660254037844387,0.4647231720437685,0.8854560256532099,0.3076923076923077,5.8,26.0,10.0,5.0,,11.0,15.8,15.8,18.0
RJ,2017-01-30/2017-02-05,1,18,18,1000000,50000,5,0.49999999999999994,0.8660254037844387,0.5680647467311558,0.8229838658936564,-0.47058823529411764,5.0,34.0,26.0,3.0,,18.25,18.833333333333332,18.833333333333332,57.0
RJ,2017-01-30/2017-02-05,2,57,57,1000000,50000,5,0.8660254037844386,0.5000000000000001,0.5680647467311558,0.8229838658936564,2.1666666666666665,4.7,18.0,34.0,10.0,,22.0,18.714285714285715,18.714285714285715,81.0
RJ,2017-02-06/2017-02-12,2,81,81,1000000,50000,6,0.8660254037844386,0.5000000000000001,0.6631226582407952,0.7485107481711011,0.42105263157894735,2.1153846153846154,57.0,18.0,26.0,35.0,33.75,23.5,23.5,42.0
RJ,2017-02-13/2017-02-19,2,42,42,1000000,50000,7,0.8660254037844386,0.5000000000000001,0.7485107481711011,0.6631226582407953,-0.4814814814814815,0.23529411764705888,81.0,57.0,34.0,5.0,47.5,29.25,29.88888888888889,43.0
RJ,2017-02-20/2017-02-26,2,43,43,1000000,50000,8,0.8660254037844386,0.5000000000000001,0.8229838658936564,0.5680647467311559,0.023809523809523725,1.3888888888888888,42.0,81.0,18.0,3.0,49.5,33.875,31.1,7.0
RJ,2017-02-27/2017-03-05,2,7,7,1000000,50000,9,0.8660254037844386,0.5000000000000001,0.8854560256532099,0.4647231720437686,-0.8372093023255813,-0.8771929824561404,43.0,42.0,57.0,10.0,55.75,38.875,32.18181818181818,49.0
RJ,2017-02-27/2017-03-05,3,49,49,1000000,50000,9,1.0,6.123233995736766e-17,0.8854560256532099,0.4647231720437686,6.0,-0.3950617283950617,7.0,43.0,81.0,26.0,43.25,38.5,30.083333333333332,85.0
RJ,2017-03-06/2017-03-12,3,85,85,1000000,50000,10,1.0,6.123233995736766e-17,0.9350162426854148,0.35460488704253557,0.7346938775510203,1.0238095238095237,49.0,7.0,42.0,34.0,35.25,41.375,31.25,86.0
RJ,2017-03-13/2017-03-19,3,86,86,1000000,50000,11,1.0,6.123233995736766e-17,0.970941817426052,0.23931566428755804,0.0117647058823529,1.0,85.0,49.0,43.0,18.0,46.0,47.75,37.916666666666664,102.0
RJ,2017-03-20/2017-03-26,3,102,102,1000000,50000,12,1.0,6.123233995736766e-17,0.992708874098054,0.120536680255323,0.18604651162790709,13.571428571428571,86.0,85.0,7.0,57.0,56.75,56.25,44.833333333333336,48.0
RJ,2017-03-27/2017-04-02,3,48,48,1000000,50000,13,1.0,6.123233995736766e-17,1.0,-1.6081226496766364e-16,-0.5294117647058824,-0.020408163265306145,102.0,86.0,49.0,81.0,80.5,61.875,52.5,15.0
RJ,2017-03-27/2017-04-02,4,15,15,1000000,50000,13,0.8660254037844387,-0.4999999999999998,1.0,-1.6081226496766364e-16,-0.6875,-0.8235294117647058,48.0,102.0,85.0,42.0,80.25,57.75,54.333333333333336,72.0
RJ,2017-04-03/2017-04-09,4,72,72,1000000,50000,14,0.8660254037844387,-0.4999999999999998,0.992708874098054,-0.12053668025532288,3.8,-0.16279069767441856,15.0,48.0,86.0,43.0,62.75,54.375,52.75,52.0
RJ,2017-04-10/2017-04-16,4,52,52,1000000,50000,15,0.8660254037844387,-0.4999999999999998,0.9709418174260521,-0.2393156642875575,-0.2777777777777778,-0.4901960784313726,72.0,15.0,102.0,7.0,59.25,58.0,57.25,86.0
RJ,2017-04-17/2017-04-23,4,86,86,1000000,50000,16,0.8660254037844387,-0.4999999999999998,0.9350162426854148,-0.35460488704253545,0.6538461538461537,0.7916666666666667,52.0,72.0,48.0,49.0,46.75,63.625,56.833333333333336,100.0
RJ,2017-04-24/2017-04-30,4,100,100,1000000,50000,17,0.8660254037844387,-0.4999999999999998,0.8854560256532099,-0.4647231720437685,0.16279069767441867,5.666666666666667,86.0,52.0,15.0,85.0,56.25,68.25,57.25,104.0
RJ,2017-05-01/2017-05-07,5,104,104,1000000,50000,18,0.49999999999999994,-0.8660254037844387,0.8229838658936565,-0.5680647467311557,0.040000000000000036,0.4444444444444444,100.0,86.0,72.0,86.0,77.5,70.125,62.083333333333336,90.0
RJ,2017-05-08/2017-05-14,5,90,90,1000000,50000,19,0.49999999999999994,-0.8660254037844387,0.7485107481711013,-0.663122658240795,-0.13461538461538458,0.7307692307692308,104.0,100.0,52.0,102.0,85.5,72.375,67.16666666666667,126.0
RJ,2017-05-15/2017-05-21,5,126,126,1000000,50000,20,0.49999999999999994,-0.8660254037844387,0.6631226582407952,-0.7485107481711012,0.3999999999999999,0.4651162790697674,90.0,104.0,86.0,48.0,95.0,70.875,74.08333333333333,97.0
RJ,2017-05-22/2017-05-28,5,97,97,1000000,50000,21,0.49999999999999994,-0.8660254037844387,0.5680647467311558,-0.8229838658936564,-0.23015873015873012,-0.030000000000000027,126.0,90.0,100.0,15.0,105.0,80.625,80.5,49.0
RJ,2017-05-29/2017-06-04,5,49,49,1000000,50000,22,0.49999999999999994,-0.8660254037844387,0.46472317204376906,-0.8854560256532096,-0.4948453608247423,-0.5288461538461539,97.0,126.0,104.0,72.0,104.25,90.875,81.5,57.0
RJ,2017-05-29/2017-06-04,6,57,57,1000000,50000,22,1.2246467991473532e-16,-1.0,0.46472317204376906,-0.8854560256532096,0.16326530612244894,-0.3666666666666667,49.0,97.0,90.0,52.0,90.5,88.0,78.41666666666667,105.0
RJ,2017-06-05/2017-06-11,6,105,105,1000000,50000,23,1.2246467991473532e-16,-1.0,0.35460488704253584,-0.9350162426854147,0.8421052631578947,-0.16666666666666663,57.0,49.0,126.0,86.0,82.25,88.625,74.66666666666667,92.0
RJ,2017-06-12/2017-06-18,6,92,92,1000000,50000,24,1.2246467991473532e-16,-1.0,0.23931566428755768,-0.970941817426052,-0.12380952380952381,-0.05154639175257736,105.0,57.0,97.0,100.0,77.0,91.0,79.41666666666667,86.0
RJ,2017-06-19/2017-06-25,6,86,86,1000000,50000,25,1.2246467991473532e-16,-1.0,0.12053668025532308,-0.992708874098054,-0.06521739130434778,0.7551020408163265,92.0,105.0,49.0,104.0,75.75,90.0,85.83333333333333,59.0
RJ,2017-06-26/2017-07-02,6,59,59,1000000,50000,26,1.2246467991473532e-16,-1.0,-3.216245299353273e-16,-1.0,-0.313953488372093,0.03508771929824572,86.0,92.0,57.0,90.0,85.0,87.75,87.0,24.0
RJ,2017-06-26/2017-07-02,7,24,24,1000000,50000,26,-0.4999999999999997,-0.8660254037844388,-3.216245299353273e-16,-1.0,-0.5932203389830508,-0.7714285714285715,59.0,86.0,105.0,126.0,85.5,83.875,87.58333333333333,127.0
RJ,2017-07-03/2017-07-09,7,127,127,1000000,50000,27,-0.4999999999999997,-0.8660254037844388,-0.12053668025532283,-0.992708874098054,4.291666666666667,0.38043478260869557,24.0,59.0,92.0,97.0,65.25,71.125,82.41666666666667,123.0
RJ,2017-07-10/2017-07-16,7,123,123,1000000,50000,28,-0.4999999999999997,-0.8660254037844388,-0.23931566428755743,-0.9709418174260521,-0.03149606299212604,0.430232558139535,127.0,24.0,86.0,49.0,74.0,74.875,84.66666666666667,133.0
RJ,2017-07-17/2017-07-23,7,133,133,1000000,50000,29,-0.4999999999999997,-0.8660254037844388,-0.3546048870425356,-0.9350162426854148,0.08130081300813008,1.2542372881355934,123.0,127.0,59.0,57.0,83.25,84.125,86.25,121.0
RJ,2017-07-24/2017-07-30,7,121,121,1000000,50000,30,-0.4999999999999997,-0.8660254037844388,-0.46472317204376806,-0.8854560256532101,-0.09022556390977443,4.041666666666667,133.0,123.0,24.0,105.0,101.75,93.625,89.83333333333333,19.0
RJ,2017-07-31/2017-08-06,7,19,19,1000000,50000,31,-0.4999999999999997,-0.8660254037844388,-0.5680647467311556,-0.8229838658936565,-0.8429752066115702,-0.8503937007874016,121.0,133.0,127.0,92.0,126.0,95.625,89.41666666666667,114.0
RJ,2017-07-31/2017-08-06,8,114,114,1000000,50000,31,-0.8660254037844384,-0.5000000000000004,-0.5680647467311556,-0.8229838658936565,5.0,-0.07317073170731703,19.0,121.0,123.0,86.0,99.0,86.5,82.91666666666667,127.0
RJ,2017-08-07/2017-08-13,8,127,127,1000000,50000,32,-0.8660254037844384,-0.5000000000000004,-0.663122658240795,-0.7485107481711013,0.11403508771929816,-0.045112781954887216,114.0,19.0,133.0,59.0,96.75,90.0,88.33333333333333,117.0
RJ,2017-08-14/2017-08-20,8,117,117,1000000,50000,33,-0.8660254037844384,-0.5000000000000004,-0.7485107481711011,-0.6631226582407952,-0.07874015748031493,-0.03305785123966942,127.0,114.0,121.0,24.0,95.25,98.5,94.16666666666667,98.0
RJ,2017-08-21/2017-08-27,8,98,98,1000000,50000,34,-0.8660254037844384,-0.5000000000000004,-0.8229838658936564,-0.5680647467311559,-0.16239316239316237,4.157894736842105,117.0,127.0,19.0,127.0,94.25,110.125,95.16666666666667,81.0
RJ,2017-08-28/2017-09-03,8,81,81,1000000,50000,35,-0.8660254037844384,-0.5000000000000004,-0.8854560256532096,-0.4647231720437691,-0.173469387755102,-0.2894736842105263,98.0,117.0,114.0,123.0,114.0,106.5,95.66666666666667,54.0
RJ,2017-08-28/2017-09-03,9,54,54,1000000,50000,35,-1.0,-1.8369701987210297e-16,-0.8854560256532096,-0.4647231720437691,-0.33333333333333337,-0.5748031496062992,81.0,98.0,127.0,133.0,105.75,101.25,95.25,124.0
RJ,2017-09-04/2017-09-10,9,124,124,1000000,50000,36,-1.0,-1.8369701987210297e-16,-0.9350162426854147,-0.3546048870425359,1.2962962962962963,0.05982905982905984,54.0,81.0,117.0,121.0,87.5,91.375,94.83333333333333,155.0
RJ,2017-09-11/2017-09-17,9,155,155,1000000,50000,37,-1.0,-1.8369701987210297e-16,-0.970941817426052,-0.23931566428755774,0.25,0.5816326530612246,124.0,54.0,98.0,19.0,89.25,91.75,103.16666666666667,145.0
RJ,2017-09-18/2017-09-24,9,145,145,1000000,50000,38,-1.0,-1.8369701987210297e-16,-0.992708874098054,-0.12053668025532357,-0.06451612903225812,0.7901234567901234,155.0,124.0,81.0,114.0,103.5,108.75,105.5,113.0
RJ,2017-09-25/2017-10-01,9,113,113,1000000,50000,39,-1.0,-1.8369701987210297e-16,-1.0,-1.8369701987210297e-16,-0.2206896551724138,1.0925925925925926,145.0,155.0,54.0,127.0,119.5,112.625,107.33333333333333,12.0
RJ,2017-09-25/2017-10-01,10,12,12,1000000,50000,39,-0.8660254037844386,0.5000000000000001,-1.0,-1.8369701987210297e-16,-0.8938053097345133,-0.9032258064516129,113.0,145.0,124.0,117.0,134.25,110.875,105.66666666666667,137.0
RJ,2017-10-02/2017-10-08,10,137,137,1000000,50000,40,-0.8660254037844386,0.5000000000000001,-0.992708874098054,0.1205366802553232,10.416666666666666,-0.11612903225806448,12.0,113.0,155.0,98.0,106.25,97.75,96.58333333333333,170.0
RJ,2017-10-09/2017-10-15,10,170,170,1000000,50000,41,-0.8660254037844386,0.5000000000000001,-0.9709418174260521,0.23931566428755738,0.24087591240875916,0.17241379310344818,137.0,12.0,145.0,81.0,101.75,102.625,106.41666666666667,162.0
RJ,2017-10-16/2017-10-22,10,162,162,1000000,50000,42,-0.8660254037844386,0.5000000000000001,-0.9350162426854148,0.35460488704253557,-0.04705882352941182,0.4336283185840708,170.0,137.0,113.0,54.0,108.0,113.75,111.08333333333333,136.0
RJ,2017-10-23/2017-10-29,10,136,136,1000000,50000,43,-0.8660254037844386,0.5000000000000001,-0.8854560256532101,0.464723172043768,-0.16049382716049387,10.333333333333334,162.0,170.0,12.0,124.0,120.25,127.25,114.0,37.0
RJ,2017-10-30/2017-11-05,10,37,37,1000000,50000,44,-0.8660254037844386,0.5000000000000001,-0.822983865893657,0.5680647467311548,-0.7279411764705883,-0.7299270072992701,136.0,162.0,137.0,155.0,151.25,128.75,115.58333333333333,87.0
RJ,2017-10-30/2017-11-05,11,87,87,1000000,50000,44,-0.5000000000000004,0.8660254037844384,-0.822983865893657,0.5680647467311548,1.3513513513513513,-0.4882352941176471,37.0,136.0,170.0,145.0,126.25,114.0,110.5,161.0
RJ,2017-11-06/2017-11-12,11,161,161,1000000,50000,45,-0.5000000000000004,0.8660254037844384,-0.7485107481711011,0.6631226582407952,0.8505747126436782,-0.006172839506172867,87.0,37.0,162.0,113.0,105.5,106.75,111.0,167.0
RJ,2017-11-13/2017-11-19,11,167,167,1000000,50000,46,-0.5000000000000004,0.8660254037844384,-0.6631226582407955,0.7485107481711007,0.037267080745341685,0.2279411764705883,161.0,87.0,136.0,12.0,105.25,112.75,119.91666666666667,407.0
RJ,2017-11-20/2017-11-26,11,407,407,1000000,50000,47,-0.5000000000000004,0.8660254037844384,-0.5680647467311559,0.8229838658936564,1.4371257485029938,10.0,167.0,161.0,37.0,137.0,113.0,132.125,123.5,190.0
RJ,2017-11-27/2017-12-03,11,190,190,1000000,50000,48,-0.5000000000000004,0.8660254037844384,-0.4647231720437684,0.88545602565321,-0.5331695331695332,1.1839080459770117,407.0,167.0,87.0,170.0,205.5,165.875,144.5,107.0
RJ,2017-11-27/2017-12-03,12,107,107,1000000,50000,48,-2.4492935982947064e-16,1.0,-0.4647231720437684,0.88545602565321,-0.4368421052631579,-0.3354037267080745,190.0,407.0,161.0,162.0,231.25,168.375,148.25,242.0
RJ,2017-12-04/2017-12-10,12,242,242,1000000,50000,49,-2.4492935982947064e-16,1.0,-0.35460488704253595,0.9350162426854147,1.2616822429906542,0.4491017964071857,107.0,190.0,167.0,136.0,217.75,161.5,147.75,170.0
RJ,2017-12-11/2017-12-17,12,170,170,1000000,50000,50,-2.4492935982947064e-16,1.0,-0.2393156642875578,0.970941817426052,-0.2975206611570248,-0.5823095823095823,242.0,107.0,407.0,37.0,236.5,174.75,166.91666666666666,127.0
RJ,2017-12-18/2017-12-24,12,127,127,1000000,50000,51,-2.4492935982947064e-16,1.0,-0.12053668025532363,0.992708874098054,-0.2529411764705882,-0.3315789473684211,170.0,242.0,190.0,87.0,177.25,191.375,169.66666666666666,100.0
RJ,2017-12-25/2017-12-31,12,100,100,1000000,50000,52,-2.4492935982947064e-16,1.0,6.432490598706546e-16,1.0,-0.21259842519685035,-0.06542056074766356,127.0,170.0,107.0,161.0,161.5,196.375,166.08333333333334,189.0
RJ,2018-01-01/2018-01-07,1,189,189,1000000,50000,1,0.49999999999999994,0.8660254037844387,0.12053668025532305,0.992708874098054,0.8899999999999999,-0.21900826446280997,100.0,127.0,242.0,167.0,159.75,188.75,160.91666666666666,191.0
RJ,2018-01-08/2018-01-14,1,191,191,1000000,50000,2,0.49999999999999994,0.8660254037844387,0.23931566428755774,0.970941817426052,0.010582010582010692,0.12352941176470589,189.0,100.0,170.0,407.0,146.5,191.5,165.33333333333334,186.0
RJ,2018-01-15/2018-01-21,1,186,186,1000000,50000,3,0.49999999999999994,0.8660254037844387,0.3546048870425356,0.9350162426854148,-0.02617801047120416,0.46456692913385833,191.0,189.0,127.0,190.0,151.75,164.5,178.16666666666666,178.0
RJ,2018-01-22/2018-01-28,1,178,178,1000000,50000,4,0.49999999999999994,0.8660254037844387,0.4647231720437685,0.8854560256532099,-0.043010752688172005,0.78,186.0,191.0,100.0,107.0,166.5,164.0,186.41666666666666,106.0
RJ,2018-01-29/2018-02-04,1,106,106,1000000,50000,5,0.49999999999999994,0.8660254037844387,0.5680647467311558,0.8229838658936564,-0.4044943820224719,-0.4391534391534392,178.0,186.0,189.0,242.0,186.0,172.875,187.83333333333334,109.0
RJ,2018-01-29/2018-02-04,2,109,109,1000000,50000,5,0.8660254037844386,0.5000000000000001,0.5680647467311558,0.8229838658936564,0.028301886792452935,-0.4293193717277487,106.0,178.0,191.0,170.0,165.25,155.875,182.75,179.0
RJ,2018-02-05/2018-02-11,2,179,179,1000000,50000,6,0.8660254037844386,0.5000000000000001,0.6631226582407952,0.7485107481711011,0.6422018348623852,-0.037634408602150504,109.0,106.0,186.0,127.0,144.75,148.25,157.91666666666666,188.0
RJ,2018-02-12/2018-02-18,2,188,188,1000000,50000,7,0.8660254037844386,0.5000000000000001,0.7485107481711011,0.6631226582407953,0.05027932960893855,0.05617977528089879,179.0,109.0,178.0,100.0,143.0,154.75,157.0,258.0
RJ,2018-02-19/2018-02-25,2,258,258,1000000,50000,8,0.8660254037844386,0.5000000000000001,0.8229838658936564,0.5680647467311559,0.37234042553191493,1.4339622641509435,188.0,179.0,106.0,189.0,145.5,165.75,163.75,145.0
RJ,2018-02-26/2018-03-04,2,145,145,1000000,50000,9,0.8660254037844386,0.5000000000000001,0.8854560256532099,0.4647231720437686,-0.437984496124031,0.3302752293577982,258.0,188.0,109.0,191.0,183.5,174.375,165.08333333333334,129.0
RJ,2018-02-26/2018-03-04,3,129,129,1000000,50000,9,1.0,6.123233995736766e-17,0.8854560256532099,0.4647231720437686,-0.1103448275862069,-0.2793296089385475,145.0,258.0,179.0,186.0,192.5,168.625,163.0,213.0
RJ,2018-03-05/2018-03-11,3,213,213,1000000,50000,10,1.0,6.123233995736766e-17,0.9350162426854148,0.35460488704253557,0.6511627906976745,0.13297872340425543,129.0,145.0,188.0,178.0,180.0,161.5,163.16666666666666,196.0
RJ,2018-03-12/2018-03-18,3,196,196,1000000,50000,11,1.0,6.123233995736766e-17,0.970941817426052,0.23931566428755804,-0.07981220657277,-0.24031007751937983,213.0,129.0,258.0,106.0,186.25,165.875,172.58333333333334,164.0
RJ,2018-03-19/2018-03-25,3,164,164,1000000,50000,12,1.0,6.123233995736766e-17,0.992708874098054,0.120536680255323,-0.16326530612244894,0.13103448275862073,196.0,213.0,145.0,109.0,170.75,177.125,173.16666666666666,162.0
RJ,2018-03-26/2018-04-01,3,162,162,1000000,50000,13,1.0,6.123233995736766e-17,1.0,-1.6081226496766364e-16,-0.012195121951219523,0.2558139534883721,164.0,196.0,129.0,179.0,175.5,184.0,170.91666666666666,19.0
RJ,2018-03-26/2018-04-01,4,19,19,1000000,50000,13,0.8660254037844387,-0.4999999999999998,1.0,-1.6081226496766364e-16,-0.8827160493827161,-0.9107981220657277,162.0,164.0,213.0,188.0,183.75,181.875,168.91666666666666,179.0
RJ,2018-04-02/2018-04-08,4,179,179,1000000,50000,14,0.8660254037844387,-0.4999999999999998,0.992708874098054,-0.12053668025532288,8.421052631578947,-0.08673469387755106,19.0,162.0,196.0,258.0,135.25,160.75,155.66666666666666,171.0
RJ,2018-04-09/2018-04-15,4,171,171,1000000,50000,15,0.8660254037844387,-0.4999999999999998,0.9709418174260521,-0.2393156642875575,-0.04469273743016755,0.04268292682926833,179.0,19.0,164.0,145.0,131.0,150.875,161.75,214.0
RJ,2018-04-16/2018-04-22,4,214,214,1000000,50000,16,0.8660254037844387,-0.4999999999999998,0.9350162426854148,-0.35460488704253545,0.2514619883040936,0.32098765432098775,171.0,179.0,162.0,129.0,132.75,154.125,166.91666666666666,196.0
RJ,2018-04-23/2018-04-29,4,196,196,1000000,50000,17,0.8660254037844387,-0.4999999999999998,0.8854560256532099,-0.4647231720437685,-0.08411214953271029,9.31578947368421,214.0,171.0,19.0,213.0,145.75,164.75,169.83333333333334,28.0
RJ,2018-04-30/2018-05-06,4,28,28,1000000,50000,18,0.8660254037844387,-0.4999999999999998,0.8229838658936565,-0.5680647467311557,-0.8571428571428572,-0.8435754189944134,196.0,214.0,179.0,196.0,190.0,162.625,170.5,186.0
RJ,2018-04-30/2018-05-06,5,186,186,1000000,50000,18,0.49999999999999994,-0.8660254037844387,0.8229838658936565,-0.5680647467311557,5.642857142857143,0.08771929824561409,28.0,196.0,171.0,164.0,152.25,141.625,151.33333333333334,257.0
RJ,2018-05-07/2018-05-13,5,257,257,1000000,50000,19,0.49999999999999994,-0.8660254037844387,0.7485107481711013,-0.663122658240795,0.381720430107527,0.2009345794392523,186.0,28.0,214.0,162.0,156.0,144.375,154.75,211.0
RJ,2018-05-14/2018-05-20,5,211,211,1000000,50000,20,0.49999999999999994,-0.8660254037844387,0.6631226582407952,-0.7485107481711012,-0.17898832684824906,0.07653061224489788,257.0,186.0,196.0,19.0,166.75,156.25,165.41666666666666,96.0
RJ,2018-05-21/2018-05-27,5,96,96,1000000,50000,21,0.49999999999999994,-0.8660254037844387,0.5680647467311558,-0.8229838658936564,-0.5450236966824644,2.4285714285714284,211.0,257.0,28.0,179.0,170.5,180.25,165.25,66.0
RJ,2018-05-28/2018-06-03,5,66,66,1000000,50000,22,0.49999999999999994,-0.8660254037844387,0.46472317204376906,-0.8854560256532096,-0.3125,-0.6451612903225806,96.0,211.0,186.0,171.0,187.5,169.875,156.91666666666666,70.0
RJ,2018-05-28/2018-06-03,6,70,70,1000000,50000,22,1.2246467991473532e-16,-1.0,0.46472317204376906,-0.8854560256532096,0.06060606060606055,-0.727626459143969,66.0,96.0,257.0,214.0,157.5,156.75,148.75,163.0
RJ,2018-06-04/2018-06-10,6,163,163,1000000,50000,23,1.2246467991473532e-16,-1.0,0.35460488704253584,-0.9350162426854147,1.3285714285714287,-0.2274881516587678,70.0,66.0,211.0,196.0,110.75,138.75,141.08333333333334,191.0
RJ,2018-06-11/2018-06-17,6,191,191,1000000,50000,24,1.2246467991473532e-16,-1.0,0.23931566428755768,-0.970941817426052,0.17177914110429437,0.9895833333333333,163.0,70.0,96.0,28.0,98.75,134.625,153.08333333333334,151.0
RJ,2018-06-18/2018-06-24,6,151,151,1000000,50000,25,1.2246467991473532e-16,-1.0,0.12053668025532308,-0.992708874098054,-0.2094240837696335,1.287878787878788,191.0,163.0,66.0,186.0,122.5,155.0,154.08333333333334,132.0
RJ,2018-06-25/2018-07-01,6,132,132,1000000,50000,26,1.2246467991473532e-16,-1.0,-3.216245299353273e-16,-1.0,-0.1258278145695364,0.8857142857142857,151.0,191.0,70.0,257.0,143.75,150.625,152.41666666666666,14.0
RJ,2018-06-25/2018-07-01,7,14,14,1000000,50000,26,-0.4999999999999997,-0.8660254037844388,-3.216245299353273e-16,-1.0,-0.8939393939393939,-0.9141104294478528,132.0,151.0,163.0,211.0,159.25,135.0,145.58333333333334,128.0
RJ,2018-07-02/2018-07-08,7,128,128,1000000,50000,27,-0.4999999999999997,-0.8660254037844388,-0.12053668025532283,-0.992708874098054,8.142857142857142,-0.32984293193717273,14.0,132.0,191.0,96.0,122.0,110.375,130.41666666666666,104.0
RJ,2018-07-09/2018-07-15,7,104,104,1000000,50000,28,-0.4999999999999997,-0.8660254037844388,-0.23931566428755743,-0.9709418174260521,-0.1875,-0.3112582781456954,128.0,14.0,151.0,66.0,106.25,114.375,138.75,205.0
RJ,2018-07-16/2018-07-22,7,205,205,1000000,50000,29,-0.4999999999999997,-0.8660254037844388,-0.3546048870425356,-0.9350162426854148,0.9711538461538463,0.553030303030303,104.0,128.0,132.0,70.0,94.5,119.125,131.91666666666666,173.0
RJ,2018-07-23/2018-07-29,7,173,173,1000000,50000,30,-0.4999999999999997,-0.8660254037844388,-0.46472317204376806,-0.8854560256532101,-0.15609756097560978,11.357142857142858,205.0,104.0,14.0,163.0,112.75,136.0,127.58333333333333,72.0
RJ,2018-07-30/2018-08-05,7,72,72,1000000,50000,31,-0.4999999999999997,-0.8660254037844388,-0.5680647467311556,-0.8229838658936565,-0.5838150289017341,-0.4375,173.0,205.0,128.0,191.0,152.5,137.25,124.41666666666667,155.0
RJ,2018-07-30/2018-08-05,8,155,155,1000000,50000,31,-0.8660254037844384,-0.5000000000000004,-0.5680647467311556,-0.8229838658936565,1.1527777777777777,0.4903846153846154,72.0,173.0,104.0,151.0,138.5,122.375,122.41666666666667,217.0
RJ,2018-08-06/2018-08-12,8,217,217,1000000,50000,32,-0.8660254037844384,-0.5000000000000004,-0.663122658240795,-0.7485107481711013,0.3999999999999999,0.05853658536585371,155.0,72.0,205.0,132.0,151.25,122.875,129.83333333333334,232.0
RJ,2018-08-13/2018-08-19,8,232,232,1000000,50000,33,-0.8660254037844384,-0.5000000000000004,-0.7485107481711011,-0.6631226582407952,0.06912442396313367,0.34104046242774566,217.0,155.0,173.0,14.0,154.25,133.5,142.08333333333334,114.0
RJ,2018-08-20/2018-08-26,8,114,114,1000000,50000,34,-0.8660254037844384,-0.5000000000000004,-0.8229838658936564,-0.5680647467311559,-0.5086206896551724,0.5833333333333333,232.0,217.0,72.0,128.0,169.0,160.75,147.83333333333334,5.0
RN,2016-10-03/2016-10-09,10,3,3,1000000,50000,40,-0.8660254037844386,0.5000000000000001,-0.992708874098054,0.1205366802553232,0.0,0.0,,,,,,,,1.0
RN,2016-10-10/2016-10-16,10,1,1,1000000,50000,41,-0.8660254037844386,0.5000000000000001,-0.9709418174260521,0.23931566428755738,-0.6666666666666667,0.0,3.0,,,,,,,1.0
RN,2017-01-02/2017-01-08,1,1,1,1000000,50000,1,0.49999999999999994,0.8660254037844387,0.12053668025532305,0.992708874098054,0.0,0.0,1.0,3.0,,,2.0,2.0,2.0,3.0
RN,2017-01-16/2017-01-22,1,3,3,1000000,50000,3,0.49999999999999994,0.8660254037844387,0.3546048870425356,0.9350162426854148,2.0,0.0,1.0,1.0,,,1.6666666666666667,1.6666666666666667,1.6666666666666667,1.0
RN,2017-01-23/2017-01-29,1,1,1,1000000,50000,4,0.49999999999999994,0.8660254037844387,0.4647231720437685,0.8854560256532099,-0.6666666666666667,-0.6666666666666667,3.0,1.0,3.0,,2.0,2.0,2.0,1.0
RN,2017-02-06/2017-02-12,2,1,1,1000000,50000,6,0.8660254037844386,0.5000000000000001,0.6631226582407952,0.7485107481711011,0.0,0.0,1.0,3.0,1.0,,1.5,1.8,1.8,4.0
RN,2017-02-13/2017-02-19,2,4,4,1000000,50000,7,0.8660254037844386,0.5000000000000001,0.7485107481711011,0.6631226582407953,3.0,3.0,1.0,1.0,1.0,,1.5,1.6666666666666667,1.6666666666666667,1.0
RN,2017-02-20/2017-02-26,2,1,1,1000000,50000,8,0.8660254037844386,0.5000000000000001,0.8229838658936564,0.5680647467311559,-0.75,-0.6666666666666667,4.0,1.0,3.0,,2.25,2.0,2.0,2.0
RN,2017-02-27/2017-03-05,2,2,2,1000000,50000,9,0.8660254037844386,0.5000000000000001,0.8854560256532099,0.4647231720437686,1.0,1.0,1.0,4.0,1.0,3.0,1.75,1.875,1.875,1.0
RN,2017-02-27/2017-03-05,3,1,1,1000000,50000,9,1.0,6.123233995736766e-17,0.8854560256532099,0.4647231720437686,-0.5,0.0,2.0,1.0,1.0,1.0,2.0,1.75,1.8888888888888888,5.0
RN,2017-03-06/2017-03-12,3,5,5,1000000,50000,10,1.0,6.123233995736766e-17,0.9350162426854148,0.35460488704253557,4.0,0.25,1.0,2.0,4.0,1.0,2.0,1.75,1.8,2.0
RN,2017-03-13/2017-03-19,3,2,2,1000000,50000,11,1.0,6.123233995736766e-17,0.970941817426052,0.23931566428755804,-0.6,1.0,5.0,1.0,1.0,3.0,2.25,2.25,2.090909090909091,3.0
RN,2017-03-20/2017-03-26,3,3,3,1000000,50000,12,1.0,6.123233995736766e-17,0.992708874098054,0.120536680255323,0.5,0.5,2.0,5.0,2.0,1.0,2.5,2.125,2.0833333333333335,2.0
RN,2017-03-27/2017-04-02,3,2,2,1000000,50000,13,1.0,6.123233995736766e-17,1.0,-1.6081226496766364e-16,-0.33333333333333337,1.0,3.0,2.0,1.0,1.0,2.75,2.375,2.0833333333333335,2.0
RN,2017-04-03/2017-04-09,4,2,2,1000000,50000,14,0.8660254037844387,-0.4999999999999998,0.992708874098054,-0.12053668025532288,0.0,-0.6,2.0,3.0,5.0,4.0,3.0,2.5,2.1666666666666665,3.0
RN,2017-04-10/2017-04-16,4,3,3,1000000,50000,15,0.8660254037844387,-0.4999999999999998,0.9709418174260521,-0.2393156642875575,0.5,0.5,2.0,2.0,2.0,1.0,2.25,2.25,2.25,2.0
RN,2017-04-17/2017-04-23,4,2,2,1000000,50000,16,0.8660254037844387,-0.4999999999999998,0.9350162426854148,-0.35460488704253545,-0.33333333333333337,-0.33333333333333337,3.0,2.0,3.0,2.0,2.5,2.5,2.25,3.0
RN,2017-04-24/2017-04-30,4,3,3,1000000,50000,17,0.8660254037844387,-0.4999999999999998,0.8854560256532099,-0.4647231720437685,0.5,0.5,2.0,3.0,2.0,1.0,2.25,2.5,2.3333333333333335,4.0
RN,2017-05-01/2017-05-07,5,4,4,1000000,50000,18,0.49999999999999994,-0.8660254037844387,0.8229838658936565,-0.5680647467311557,0.33333333333333326,1.0,3.0,2.0,2.0,5.0,2.5,2.75,2.5,5.0
RN,2017-05-08/2017-05-14,5,5,5,1000000,50000,19,0.49999999999999994,-0.8660254037844387,0.7485107481711013,-0.663122658240795,0.25,0.6666666666666667,4.0,3.0,3.0,2.0,3.0,2.625,2.5,4.0
RN,2017-05-15/2017-05-21,5,4,4,1000000,50000,20,0.49999999999999994,-0.8660254037844387,0.6631226582407952,-0.7485107481711012,-0.19999999999999996,1.0,5.0,4.0,2.0,3.0,3.5,3.0,2.8333333333333335,3.0
RN,2017-05-22/2017-05-28,5,3,3,1000000,50000,21,0.49999999999999994,-0.8660254037844387,0.5680647467311558,-0.8229838658936564,-0.25,0.0,4.0,5.0,3.0,2.0,4.0,3.125,3.0,1.0
RN,2017-05-29/2017-06-04,5,1,1,1000000,50000,22,0.49999999999999994,-0.8660254037844387,0.46472317204376906,-0.8854560256532096,-0.6666666666666667,-0.75,3.0,4.0,4.0,2.0,4.0,3.25,3.1666666666666665,3.0
RN,2017-05-29/2017-06-04,6,3,3,1000000,50000,22,1.2246467991473532e-16,-1.0,0.46472317204376906,-0.8854560256532096,2.0,-0.4,1.0,3.0,5.0,3.0,3.25,3.125,2.8333333333333335,3.0
RN,2017-06-05/2017-06-11,6,3,3,1000000,50000,23,1.2246467991473532e-16,-1.0,0.35460488704253584,-0.9350162426854147,0.0,-0.25,3.0,1.0,4.0,2.0,2.75,3.125,2.9166666666666665,3.0
RN,2017-06-12/2017-06-18,6,3,3,1000000,50000,24,1.2246467991473532e-16,-1.0,0.23931566428755768,-0.970941817426052,0.0,0.0,3.0,3.0,3.0,3.0,2.5,3.25,2.9166666666666665,1.0
RN,2017-06-19/2017-06-25,6,1,1,1000000,50000,25,1.2246467991473532e-16,-1.0,0.12053668025532308,-0.992708874098054,-0.6666666666666667,0.0,3.0,3.0,1.0,4.0,2.5,3.25,3.0,2.0
RN,2017-06-26/2017-07-02,6,2,2,1000000,50000,26,1.2246467991473532e-16,-1.0,-3.216245299353273e-16,-1.0,1.0,-0.33333333333333337,1.0,3.0,3.0,5.0,2.5,2.875,2.9166666666666665,4.0
RN,2017-06-26/2017-07-02,7,4,4,1000000,50000,26,-0.4999999999999997,-0.8660254037844388,-3.216245299353273e-16,-1.0,1.0,0.33333333333333326,2.0,1.0,3.0,4.0,2.25,2.5,2.8333333333333335,5.0
RN,2017-07-03/2017-07-09,7,5,5,1000000,50000,27,-0.4999999999999997,-0.8660254037844388,-0.12053668025532283,-0.992708874098054,0.25,0.6666666666666667,4.0,2.0,3.0,3.0,2.5,2.5,3.0,4.0
RN,2017-07-10/2017-07-16,7,4,4,1000000,50000,28,-0.4999999999999997,-0.8660254037844388,-0.23931566428755743,-0.9709418174260521,-0.19999999999999996,3.0,5.0,4.0,1.0,1.0,3.0,2.75,3.1666666666666665,6.0
RN,2017-07-17/2017-07-23,7,6,6,1000000,50000,29,-0.4999999999999997,-0.8660254037844388,-0.3546048870425356,-0.9350162426854148,0.5,2.0,4.0,5.0,2.0,3.0,3.75,3.125,3.1666666666666665,6.0
RN,2017-07-24/2017-07-30,7,6,6,1000000,50000,30,-0.4999999999999997,-0.8660254037844388,-0.46472317204376806,-0.8854560256532101,0.0,0.5,6.0,4.0,4.0,3.0,4.75,3.5,3.25,2.0
RN,2017-07-31/2017-08-06,7,2,2,1000000,50000,31,-0.4999999999999997,-0.8660254037844388,-0.5680647467311556,-0.8229838658936565,-0.6666666666666667,-0.6,6.0,6.0,5.0,3.0,5.25,3.875,3.4166666666666665,3.0
RN,2017-07-31/2017-08-06,8,3,3,1000000,50000,31,-0.8660254037844384,-0.5000000000000004,-0.5680647467311556,-0.8229838658936565,0.5,-0.25,2.0,6.0,4.0,1.0,4.5,3.75,3.3333333333333335,5.0
RN,2017-08-07/2017-08-13,8,5,5,1000000,50000,32,-0.8660254037844384,-0.5000000000000004,-0.663122658240795,-0.7485107481711013,0.6666666666666667,-0.16666666666666663,3.0,2.0,6.0,2.0,4.25,4.0,3.5,4.0
RN,2017-08-14/2017-08-20,8,4,4,1000000,50000,33,-0.8660254037844384,-0.5000000000000004,-0.7485107481711011,-0.6631226582407952,-0.19999999999999996,-0.33333333333333337,5.0,3.0,6.0,4.0,4.0,4.375,3.6666666666666665,3.0
RN,2017-08-21/2017-08-27,8,3,3,1000000,50000,34,-0.8660254037844384,-0.5000000000000004,-0.8229838658936564,-0.5680647467311559,-0.25,0.5,4.0,5.0,2.0,5.0,3.5,4.375,3.75,5.0
RN,2017-08-28/2017-09-03,8,5,5,1000000,50000,35,-0.8660254037844384,-0.5000000000000004,-0.8854560256532096,-0.4647231720437691,0.6666666666666667,0.6666666666666667,3.0,4.0,3.0,4.0,3.75,4.125,3.75,1.0
RN,2017-08-28/2017-09-03,9,1,1,1000000,50000,35,-1.0,-1.8369701987210297e-16,-0.8854560256532096,-0.4647231720437691,-0.8,-0.8,5.0,3.0,5.0,6.0,4.25,4.25,4.083333333333333,4.0
RN,2017-09-04/2017-09-10,9,4,4,1000000,50000,36,-1.0,-1.8369701987210297e-16,-0.9350162426854147,-0.3546048870425359,3.0,0.0,1.0,5.0,4.0,6.0,3.25,3.625,4.0,7.0
RN,2017-09-11/2017-09-17,9,7,7,1000000,50000,37,-1.0,-1.8369701987210297e-16,-0.970941817426052,-0.23931566428755774,0.75,1.3333333333333335,4.0,1.0,3.0,2.0,3.25,3.375,4.0,5.0
RN,2017-09-18/2017-09-24,9,5,5,1000000,50000,38,-1.0,-1.8369701987210297e-16,-0.992708874098054,-0.12053668025532357,-0.2857142857142857,0.0,7.0,4.0,5.0,3.0,4.25,4.0,4.166666666666667,6.0
RN,2017-09-25/2017-10-01,9,6,6,1000000,50000,39,-1.0,-1.8369701987210297e-16,-1.0,-1.8369701987210297e-16,0.19999999999999996,5.0,5.0,7.0,1.0,5.0,4.25,4.25,4.25,1.0
RN,2017-10-02/2017-10-08,10,1,1,1000000,50000,40,-0.8660254037844386,0.5000000000000001,-0.992708874098054,0.1205366802553232,-0.8333333333333334,-0.75,6.0,5.0,4.0,4.0,5.5,4.375,4.25,5.0
RN,2017-10-09/2017-10-15,10,5,5,1000000,50000,41,-0.8660254037844386,0.5000000000000001,-0.9709418174260521,0.23931566428755738,4.0,-0.2857142857142857,1.0,6.0,7.0,3.0,4.75,4.0,3.8333333333333335,12.0
RN,2017-10-16/2017-10-22,10,12,12,1000000,50000,42,-0.8660254037844386,0.5000000000000001,-0.9350162426854148,0.35460488704253557,1.4,1.4,5.0,1.0,5.0,5.0,4.25,4.25,4.083333333333333,3.0
RN,2017-10-23/2017-10-29,10,3,3,1000000,50000,43,-0.8660254037844386,0.5000000000000001,-0.8854560256532101,0.464723172043768,-0.75,-0.5,12.0,5.0,6.0,1.0,6.0,5.125,4.833333333333333,2.0
RN,2017-10-30/2017-11-05,10,2,2,1000000,50000,44,-0.8660254037844386,0.5000000000000001,-0.822983865893657,0.5680647467311548,-0.33333333333333337,1.0,3.0,12.0,1.0,4.0,5.25,5.375,4.666666666666667,6.0
RN,2017-10-30/2017-11-05,11,6,6,1000000,50000,44,-0.5000000000000004,0.8660254037844384,-0.822983865893657,0.5680647467311548,2.0,0.19999999999999996,2.0,3.0,5.0,7.0,5.5,5.125,4.5,7.0
RN,2017-11-06/2017-11-12,11,7,7,1000000,50000,45,-0.5000000000000004,0.8660254037844384,-0.7485107481711011,0.6631226582407952,0.16666666666666674,-0.41666666666666663,6.0,2.0,12.0,5.0,5.75,5.0,4.75,8.0
RN,2017-11-13/2017-11-19,11,8,8,1000000,50000,46,-0.5000000000000004,0.8660254037844384,-0.6631226582407955,0.7485107481711007,0.1428571428571428,1.6666666666666665,7.0,6.0,3.0,6.0,4.5,5.25,4.916666666666667,10.0
RN,2017-11-20/2017-11-26,11,10,10,1000000,50000,47,-0.5000000000000004,0.8660254037844384,-0.5680647467311559,0.8229838658936564,0.25,4.0,8.0,7.0,2.0,1.0,5.75,5.5,5.5,10.0
RN,2017-11-27/2017-12-03,11,10,10,1000000,50000,48,-0.5000000000000004,0.8660254037844384,-0.4647231720437684,0.88545602565321,0.0,0.6666666666666667,10.0,8.0,6.0,5.0,7.75,6.625,6.0,2.0
RN,2017-11-27/2017-12-03,12,2,2,1000000,50000,48,-2.4492935982947064e-16,1.0,-0.4647231720437684,0.88545602565321,-0.8,-0.7142857142857143,10.0,10.0,7.0,12.0,8.75,7.25,6.25,7.0
RN,2017-12-04/2017-12-10,12,7,7,1000000,50000,49,-2.4492935982947064e-16,1.0,-0.35460488704253595,0.9350162426854147,2.5,-0.125,2.0,10.0,8.0,3.0,7.5,6.0,6.0,9.0
RN,2017-12-11/2017-12-17,12,9,9,1000000,50000,50,-2.4492935982947064e-16,1.0,-0.2393156642875578,0.970941817426052,0.2857142857142858,-0.09999999999999998,7.0,2.0,10.0,2.0,7.25,6.5,6.083333333333333,8.0
RN,2017-12-18/2017-12-24,12,8,8,1000000,50000,51,-2.4492935982947064e-16,1.0,-0.12053668025532363,0.992708874098054,-0.11111111111111116,-0.19999999999999996,9.0,7.0,10.0,6.0,7.0,7.375,6.75,4.0
RN,2017-12-25/2017-12-31,12,4,4,1000000,50000,52,-2.4492935982947064e-16,1.0,6.432490598706546e-16,1.0,-0.5,1.0,8.0,9.0,2.0,7.0,6.5,7.625,7.0,8.0
RN,2018-01-01/2018-01-07,1,8,8,1000000,50000,1,0.49999999999999994,0.8660254037844387,0.12053668025532305,0.992708874098054,1.0,0.1428571428571428,4.0,8.0,7.0,8.0,7.0,7.25,6.333333333333333,9.0
RN,2018-01-08/2018-01-14,1,9,9,1000000,50000,2,0.49999999999999994,0.8660254037844387,0.23931566428755774,0.970941817426052,0.125,0.0,8.0,4.0,9.0,10.0,7.25,7.25,6.75,13.0
RN,2018-01-15/2018-01-21,1,13,13,1000000,50000,3,0.49999999999999994,0.8660254037844387,0.3546048870425356,0.9350162426854148,0.4444444444444444,0.625,9.0,8.0,8.0,10.0,7.25,7.125,7.333333333333333,11.0
RN,2018-01-22/2018-01-28,1,11,11,1000000,50000,4,0.49999999999999994,0.8660254037844387,0.4647231720437685,0.8854560256532099,-0.15384615384615385,1.75,13.0,9.0,4.0,2.0,8.5,7.5,7.916666666666667,1.0
RN,2018-01-29/2018-02-04,1,1,1,1000000,50000,5,0.49999999999999994,0.8660254037844387,0.5680647467311558,0.8229838658936564,-0.9090909090909091,-0.875,11.0,13.0,8.0,7.0,10.25,8.625,8.25,1.0
RN,2018-01-29/2018-02-04,2,1,1,1000000,50000,5,0.8660254037844386,0.5000000000000001,0.5680647467311558,0.8229838658936564,0.0,-0.8888888888888888,1.0,11.0,9.0,9.0,8.5,7.875,7.666666666666667,6.0
RN,2018-02-05/2018-02-11,2,6,6,1000000,50000,6,0.8660254037844386,0.5000000000000001,0.6631226582407952,0.7485107481711011,5.0,-0.5384615384615384,1.0,1.0,13.0,8.0,6.5,6.875,6.916666666666667,5.0
RN,2018-02-12/2018-02-18,2,5,5,1000000,50000,7,0.8660254037844386,0.5000000000000001,0.7485107481711011,0.6631226582407953,-0.16666666666666663,-0.5454545454545454,6.0,1.0,11.0,4.0,4.75,6.625,6.583333333333333,7.0
RN,2018-02-19/2018-02-25,2,7,7,1000000,50000,8,0.8660254037844386,0.5000000000000001,0.8229838658936564,0.5680647467311559,0.3999999999999999,6.0,5.0,6.0,1.0,8.0,3.25,6.75,6.833333333333333,4.0
RN,2018-02-26/2018-03-04,2,4,4,1000000,50000,9,0.8660254037844386,0.5000000000000001,0.8854560256532099,0.4647231720437686,-0.4285714285714286,3.0,7.0,5.0,1.0,9.0,4.75,6.625,6.833333333333333,12.0
RN,2018-02-26/2018-03-04,3,12,12,1000000,50000,9,1.0,6.123233995736766e-17,0.8854560256532099,0.4647231720437686,2.0,1.0,4.0,7.0,6.0,13.0,5.5,6.0,6.416666666666667,3.0
RN,2018-03-05/2018-03-11,3,3,3,1000000,50000,10,1.0,6.123233995736766e-17,0.9350162426854148,0.35460488704253557,-0.75,-0.4,12.0,4.0,5.0,11.0,7.0,5.875,6.75,4.0
RN,2018-03-12/2018-03-18,3,4,4,1000000,50000,11,1.0,6.123233995736766e-17,0.970941817426052,0.23931566428755804,0.33333333333333326,-0.4285714285714286,3.0,12.0,7.0,1.0,6.5,4.875,6.666666666666667,10.0
RN,2018-03-19/2018-03-25,3,10,10,1000000,50000,12,1.0,6.123233995736766e-17,0.992708874098054,0.120536680255323,1.5,1.5,4.0,3.0,4.0,1.0,5.75,5.25,6.333333333333333,9.0
RN,2018-03-26/2018-04-01,3,9,9,1000000,50000,13,1.0,6.123233995736766e-17,1.0,-1.6081226496766364e-16,-0.09999999999999998,-0.25,10.0,4.0,12.0,6.0,7.25,6.375,6.416666666666667,6.0
RN,2018-04-02/2018-04-08,4,6,6,1000000,50000,14,0.8660254037844387,-0.4999999999999998,0.992708874098054,-0.12053668025532288,-0.33333333333333337,1.0,9.0,10.0,3.0,5.0,6.5,6.75,6.083333333333333,7.0
RN,2018-04-09/2018-04-15,4,7,7,1000000,50000,15,0.8660254037844387,-0.4999999999999998,0.9709418174260521,-0.2393156642875575,0.16666666666666674,0.75,6.0,9.0,4.0,7.0,7.25,6.875,5.666666666666667,12.0
RN,2018-04-16/2018-04-22,4,12,12,1000000,50000,16,0.8660254037844387,-0.4999999999999998,0.9350162426854148,-0.35460488704253545,0.7142857142857142,0.19999999999999996,7.0,6.0,10.0,4.0,8.0,6.875,6.166666666666667,7.0
RN,2018-04-23/2018-04-29,4,7,7,1000000,50000,17,0.8660254037844387,-0.4999999999999998,0.8854560256532099,-0.4647231720437685,-0.41666666666666663,-0.2222222222222222,12.0,7.0,9.0,12.0,8.5,7.875,7.083333333333333,5.0
RN,2018-04-30/2018-05-06,5,5,5,1000000,50000,18,0.49999999999999994,-0.8660254037844387,0.8229838658936565,-0.5680647467311557,-0.2857142857142857,-0.16666666666666663,7.0,12.0,6.0,3.0,8.0,7.25,7.166666666666667,8.0
RN,2018-05-07/2018-05-13,5,8,8,1000000,50000,19,0.49999999999999994,-0.8660254037844387,0.7485107481711013,-0.663122658240795,0.6000000000000001,0.1428571428571428,5.0,7.0,7.0,4.0,7.75,7.5,7.166666666666667,6.0
RN,2018-05-14/2018-05-20,5,6,6,1000000,50000,20,0.49999999999999994,-0.8660254037844387,0.6631226582407952,-0.7485107481711012,-0.25,-0.5,8.0,5.0,12.0,10.0,8.0,8.0,7.25,2.0
RN,2018-05-21/2018-05-27,5,2,2,1000000,50000,21,0.49999999999999994,-0.8660254037844387,0.5680647467311558,-0.8229838658936564,-0.6666666666666667,-0.7142857142857143,6.0,8.0,7.0,9.0,6.5,7.5,7.416666666666667,1.0
RN,2018-05-28/2018-06-03,5,1,1,1000000,50000,22,0.49999999999999994,-0.8660254037844387,0.46472317204376906,-0.8854560256532096,-0.5,-0.8,2.0,6.0,5.0,6.0,5.25,6.625,6.583333333333333,1.0
RN,2018-05-28/2018-06-03,6,1,1,1000000,50000,22,1.2246467991473532e-16,-1.0,0.46472317204376906,-0.8854560256532096,0.0,-0.875,1.0,2.0,8.0,7.0,4.25,6.0,6.416666666666667,7.0
RN,2018-06-04/2018-06-10,6,7,7,1000000,50000,23,1.2246467991473532e-16,-1.0,0.35460488704253584,-0.9350162426854147,6.0,0.16666666666666674,1.0,1.0,6.0,12.0,2.5,5.25,6.166666666666667,9.0
RN,2018-06-11/2018-06-17,6,9,9,1000000,50000,24,1.2246467991473532e-16,-1.0,0.23931566428755768,-0.970941817426052,0.2857142857142858,3.5,7.0,1.0,2.0,7.0,2.75,4.625,5.916666666666667,10.0
RN,2018-06-18/2018-06-24,6,10,10,1000000,50000,25,1.2246467991473532e-16,-1.0,0.12053668025532308,-0.992708874098054,0.11111111111111116,9.0,9.0,7.0,1.0,5.0,4.5,4.875,5.916666666666667,8.0
RN,2018-06-25/2018-07-01,6,8,8,1000000,50000,26,1.2246467991473532e-16,-1.0,-3.216245299353273e-16,-1.0,-0.19999999999999996,7.0,10.0,9.0,1.0,8.0,6.75,5.5,6.25,1.0
RN,2018-06-25/2018-07-01,7,1,1,1000000,50000,26,-0.4999999999999997,-0.8660254037844388,-3.216245299353273e-16,-1.0,-0.875,-0.8571428571428572,8.0,10.0,7.0,6.0,8.5,5.5,6.333333333333333,3.0
RN,2018-07-02/2018-07-08,7,3,3,1000000,50000,27,-0.4999999999999997,-0.8660254037844388,-0.12053668025532283,-0.992708874098054,2.0,-0.6666666666666667,1.0,8.0,9.0,2.0,7.0,4.875,5.416666666666667,8.0
RN,2018-07-09/2018-07-15,7,8,8,1000000,50000,28,-0.4999999999999997,-0.8660254037844388,-0.23931566428755743,-0.9709418174260521,1.6666666666666665,-0.19999999999999996,3.0,1.0,10.0,1.0,5.5,5.0,5.083333333333333,7.0
RN,2018-07-16/2018-07-22,7,7,7,1000000,50000,29,-0.4999999999999997,-0.8660254037844388,-0.3546048870425356,-0.9350162426854148,-0.125,-0.125,8.0,3.0,8.0,1.0,5.0,5.875,5.333333333333333,8.0
RN,2018-07-23/2018-07-29,7,8,8,1000000,50000,30,-0.4999999999999997,-0.8660254037844388,-0.46472317204376806,-0.8854560256532101,0.1428571428571428,7.0,7.0,8.0,1.0,7.0,4.75,6.625,5.25,2.0
RN,2018-07-30/2018-08-05,7,2,2,1000000,50000,31,-0.4999999999999997,-0.8660254037844388,-0.5680647467311556,-0.8229838658936565,-0.75,-0.33333333333333337,8.0,7.0,3.0,9.0,6.5,6.75,5.416666666666667,4.0
RN,2018-07-30/2018-08-05,8,4,4,1000000,50000,31,-0.8660254037844384,-0.5000000000000004,-0.5680647467311556,-0.8229838658936565,1.0,-0.5,2.0,8.0,8.0,10.0,6.25,5.875,5.416666666666667,3.0
RN,2018-08-06/2018-08-12,8,3,3,1000000,50000,32,-0.8660254037844384,-0.5000000000000004,-0.663122658240795,-0.7485107481711013,-0.25,-0.5714285714285714,4.0,2.0,7.0,8.0,5.25,5.125,5.666666666666667,10.0
RN,2018-08-13/2018-08-19,8,10,10,1000000,50000,33,-0.8660254037844384,-0.5000000000000004,-0.7485107481711011,-0.6631226582407952,2.3333333333333335,0.25,3.0,4.0,8.0,1.0,4.25,4.5,5.833333333333333,3.0
RO,2017-01-23/2017-01-29,1,3,3,1000000,50000,4,0.49999999999999994,0.8660254037844387,0.4647231720437685,0.8854560256532099,0.0,0.0,,,,,,,,2.0
RO,2017-01-30/2017-02-05,2,2,2,1000000,50000,5,0.8660254037844386,0.5000000000000001,0.5680647467311558,0.8229838658936564,-0.33333333333333337,0.0,3.0,,,,,,,2.0
RO,2017-02-06/2017-02-12,2,2,2,1000000,50000,6,0.8660254037844386,0.5000000000000001,0.6631226582407952,0.7485107481711011,0.0,0.0,2.0,3.0,,,2.5,2.5,2.5,3.0
RO,2017-02-13/2017-02-19,2,3,3,1000000,50000,7,0.8660254037844386,0.5000000000000001,0.7485107481711011,0.6631226582407953,0.5,0.0,2.0,2.0,,,2.3333333333333335,2.3333333333333335,2.3333333333333335,2.0
RO,2017-02-20/2017-02-26,2,2,2,1000000,50000,8,0.8660254037844386,0.5000000000000001,0.8229838658936564,0.5680647467311559,-0.33333333333333337,-0.33333333333333337,3.0,2.0,3.0,,2.5,2.5,2.5,2.0
RO,2017-02-27/2017-03-05,3,2,2,1000000,50000,9,1.0,6.123233995736766e-17,0.8854560256532099,0.4647231720437686,0.0,0.0,2.0,3.0,2.0,,2.25,2.4,2.4,4.0
RO,2017-03-06/2017-03-12,3,4,4,1000000,50000,10,1.0,6.123233995736766e-17,0.9350162426854148,0.35460488704253557,1.0,1.0,2.0,2.0,2.0,,2.25,2.3333333333333335,2.3333333333333335,3.0
RO,2017-03-13/2017-03-19,3,3,3,1000000,50000,11,1.0,6.123233995736766e-17,0.970941817426052,0.23931566428755804,-0.25,0.0,4.0,2.0,3.0,,2.75,2.5714285714285716,2.5714285714285716,2.0
RO,2017-03-20/2017-03-26,3,2,2,1000000,50000,12,1.0,6.123233995736766e-17,0.992708874098054,0.120536680255323,-0.33333333333333337,0.0,3.0,4.0,2.0,3.0,2.75,2.625,2.625,5.0
RO,2017-03-27/2017-04-02,3,5,5,1000000,50000,13,1.0,6.123233995736766e-17,1.0,-1.6081226496766364e-16,1.5,1.5,2.0,3.0,2.0,2.0,2.75,2.5,2.5555555555555554,1.0
RO,2017-04-03/2017-04-09,4,1,1,1000000,50000,14,0.8660254037844387,-0.4999999999999998,0.992708874098054,-0.12053668025532288,-0.8,-0.75,5.0,2.0,4.0,2.0,3.5,2.875,2.8,3.0
RO,2017-04-10/2017-04-16,4,3,3,1000000,50000,15,0.8660254037844387,-0.4999999999999998,0.9709418174260521,-0.2393156642875575,2.0,0.0,1.0,5.0,3.0,3.0,2.75,2.75,2.6363636363636362,3.0
RO,2017-04-24/2017-04-30,4,3,3,1000000,50000,17,0.8660254037844387,-0.4999999999999998,0.8854560256532099,-0.4647231720437685,0.0,0.5,3.0,1.0,2.0,2.0,2.75,2.75,2.6666666666666665,2.0
RO,2017-05-01/2017-05-07,5,2,2,1000000,50000,18,0.49999999999999994,-0.8660254037844387,0.8229838658936565,-0.5680647467311557,-0.33333333333333337,-0.6,3.0,3.0,5.0,2.0,3.0,2.875,2.6666666666666665,2.0
RO,2017-05-15/2017-05-21,5,2,2,1000000,50000,20,0.49999999999999994,-0.8660254037844387,0.6631226582407952,-0.7485107481711012,0.0,1.0,2.0,3.0,1.0,4.0,2.25,2.875,2.6666666666666665,4.0
RO,2017-05-22/2017-05-28,5,4,4,1000000,50000,21,0.49999999999999994,-0.8660254037844387,0.5680647467311558,-0.8229838658936564,1.0,0.33333333333333326,2.0,2.0,3.0,3.0,2.5,2.625,2.6666666666666665,2.0
RO,2017-05-29/2017-06-04,6,2,2,1000000,50000,22,1.2246467991473532e-16,-1.0,0.46472317204376906,-0.8854560256532096,-0.5,-0.33333333333333337,4.0,2.0,3.0,2.0,2.75,2.75,2.75,3.0
RO,2017-06-05/2017-06-11,6,3,3,1000000,50000,23,1.2246467991473532e-16,-1.0,0.35460488704253584,-0.9350162426854147,0.5,0.5,2.0,4.0,2.0,5.0,2.5,2.75,2.75,3.0
RO,2017-06-12/2017-06-18,6,3,3,1000000,50000,24,1.2246467991473532e-16,-1.0,0.23931566428755768,-0.970941817426052,0.0,0.5,3.0,2.0,2.0,1.0,2.75,2.5,2.8333333333333335,1.0
RO,2017-06-19/2017-06-25,6,1,1,1000000,50000,25,1.2246467991473532e-16,-1.0,0.12053668025532308,-0.992708874098054,-0.6666666666666667,-0.75,3.0,3.0,4.0,3.0,3.0,2.75,2.75,1.0
RO,2017-06-26/2017-07-02,6,1,1,1000000,50000,26,1.2246467991473532e-16,-1.0,-3.216245299353273e-16,-1.0,0.0,-0.5,1.0,3.0,2.0,3.0,2.25,2.5,2.5833333333333335,4.0
RO,2017-07-03/2017-07-09,7,4,4,1000000,50000,27,-0.4999999999999997,-0.8660254037844388,-0.12053668025532283,-0.992708874098054,3.0,0.33333333333333326,1.0,1.0,3.0,2.0,2.0,2.25,2.5,4.0
RO,2017-07-10/2017-07-16,7,4,4,1000000,50000,28,-0.4999999999999997,-0.8660254037844388,-0.23931566428755743,-0.9709418174260521,0.0,0.33333333333333326,4.0,1.0,3.0,2.0,2.25,2.5,2.4166666666666665,1.0
RO,2017-07-17/2017-07-23,7,1,1,1000000,50000,29,-0.4999999999999997,-0.8660254037844388,-0.3546048870425356,-0.9350162426854148,-0.75,0.0,4.0,4.0,1.0,4.0,2.5,2.75,2.6666666666666665,1.0
RO,2017-07-24/2017-07-30,7,1,1,1000000,50000,30,-0.4999999999999997,-0.8660254037844388,-0.46472317204376806,-0.8854560256532101,0.0,0.0,1.0,4.0,1.0,2.0,2.5,2.375,2.5,3.0
RO,2017-07-31/2017-08-06,8,3,3,1000000,50000,31,-0.8660254037844384,-0.5000000000000004,-0.5680647467311556,-0.8229838658936565,2.0,-0.25,1.0,1.0,4.0,3.0,2.5,2.25,2.3333333333333335,3.0
RO,2017-08-21/2017-08-27,8,3,3,1000000,50000,34,-0.8660254037844384,-0.5000000000000004,-0.8229838658936564,-0.5680647467311559,0.0,-0.25,3.0,1.0,4.0,3.0,2.25,2.25,2.4166666666666665,8.0
RO,2017-08-28/2017-09-03,8,8,8,1000000,50000,35,-0.8660254037844384,-0.5000000000000004,-0.8854560256532096,-0.4647231720437691,1.6666666666666665,7.0,3.0,3.0,1.0,1.0,2.0,2.25,2.5,1.0
RO,2017-08-28/2017-09-03,9,1,1,1000000,50000,35,-1.0,-1.8369701987210297e-16,-0.8854560256532096,-0.4647231720437691,-0.875,0.0,8.0,3.0,1.0,1.0,3.75,3.125,2.8333333333333335,2.0
RO,2017-09-04/2017-09-10,9,2,2,1000000,50000,36,-1.0,-1.8369701987210297e-16,-0.9350162426854147,-0.3546048870425359,1.0,-0.33333333333333337,1.0,8.0,3.0,4.0,3.75,3.125,2.75,2.0
RO,2017-09-11/2017-09-17,9,2,2,1000000,50000,37,-1.0,-1.8369701987210297e-16,-0.970941817426052,-0.23931566428755774,0.0,-0.33333333333333337,2.0,1.0,3.0,4.0,3.5,2.875,2.6666666666666665,6.0
RO,2017-09-18/2017-09-24,9,6,6,1000000,50000,38,-1.0,-1.8369701987210297e-16,-0.992708874098054,-0.12053668025532357,2.0,-0.25,2.0,2.0,8.0,1.0,3.25,2.625,2.5833333333333335,5.0
RO,2017-09-25/2017-10-01,9,5,5,1000000,50000,39,-1.0,-1.8369701987210297e-16,-1.0,-1.8369701987210297e-16,-0.16666666666666663,4.0,6.0,2.0,1.0,1.0,2.75,3.25,3.0,3.0
RO,2017-10-02/2017-10-08,10,3,3,1000000,50000,40,-0.8660254037844386,0.5000000000000001,-0.992708874098054,0.1205366802553232,-0.4,0.5,5.0,6.0,2.0,3.0,3.75,3.75,3.3333333333333335,2.0
RO,2017-10-09/2017-10-15,10,2,2,1000000,50000,41,-0.8660254037844386,0.5000000000000001,-0.9709418174260521,0.23931566428755738,-0.33333333333333337,0.0,3.0,5.0,2.0,3.0,4.0,3.75,3.25,3.0
RO,2017-10-16/2017-10-22,10,3,3,1000000,50000,42,-0.8660254037844386,0.5000000000000001,-0.9350162426854148,0.35460488704253557,0.5,-0.5,2.0,3.0,6.0,8.0,4.0,3.625,3.0833333333333335,4.0
RO,2017-10-23/2017-10-29,10,4,4,1000000,50000,43,-0.8660254037844386,0.5000000000000001,-0.8854560256532101,0.464723172043768,0.33333333333333326,-0.19999999999999996,3.0,2.0,5.0,1.0,3.25,3.0,3.25,1.0
RO,2017-10-30/2017-11-05,10,1,1,1000000,50000,44,-0.8660254037844386,0.5000000000000001,-0.822983865893657,0.5680647467311548,-0.75,-0.6666666666666667,4.0,3.0,3.0,2.0,3.0,3.375,3.5,5.0
RO,2017-10-30/2017-11-05,11,5,5,1000000,50000,44,-0.5000000000000004,0.8660254037844384,-0.822983865893657,0.5680647467311548,4.0,1.5,1.0,4.0,2.0,2.0,2.5,3.25,3.3333333333333335,2.0
RO,2017-11-06/2017-11-12,11,2,2,1000000,50000,45,-0.5000000000000004,0.8660254037844384,-0.7485107481711011,0.6631226582407952,-0.6,-0.33333333333333337,5.0,1.0,3.0,6.0,3.25,3.625,3.5,2.0
RO,2017-11-13/2017-11-19,11,2,2,1000000,50000,46,-0.5000000000000004,0.8660254037844384,-0.6631226582407955,0.7485107481711007,0.0,-0.5,2.0,5.0,4.0,5.0,3.0,3.125,3.0,6.0
RO,2017-11-20/2017-11-26,11,6,6,1000000,50000,47,-0.5000000000000004,0.8660254037844384,-0.5680647467311559,0.8229838658936564,2.0,5.0,2.0,2.0,1.0,3.0,2.5,2.75,3.0833333333333335,2.0
RO,2017-11-27/2017-12-03,11,2,2,1000000,50000,48,-0.5000000000000004,0.8660254037844384,-0.4647231720437684,0.88545602565321,-0.6666666666666667,-0.6,6.0,2.0,5.0,2.0,3.75,3.125,3.4166666666666665,1.0
RO,2017-12-04/2017-12-10,12,1,1,1000000,50000,49,-2.4492935982947064e-16,1.0,-0.35460488704253595,0.9350162426854147,-0.5,-0.5,2.0,6.0,2.0,3.0,3.0,3.125,3.4166666666666665,7.0
RO,2017-12-11/2017-12-17,12,7,7,1000000,50000,50,-2.4492935982947064e-16,1.0,-0.2393156642875578,0.970941817426052,6.0,2.5,1.0,2.0,2.0,4.0,2.75,2.875,3.0,2.0
RO,2017-12-18/2017-12-24,12,2,2,1000000,50000,51,-2.4492935982947064e-16,1.0,-0.12053668025532363,0.992708874098054,-0.7142857142857143,-0.6666666666666667,7.0,1.0,6.0,1.0,4.0,3.25,3.1666666666666665,1.0
RO,2017-12-25/2017-12-31,12,1,1,1000000,50000,52,-2.4492935982947064e-16,1.0,6.432490598706546e-16,1.0,-0.5,-0.5,2.0,7.0,2.0,5.0,3.0,3.375,3.0833333333333335,6.0
RO,2018-01-01/2018-01-07,1,6,6,1000000,50000,1,0.49999999999999994,0.8660254037844387,0.12053668025532305,0.992708874098054,5.0,5.0,1.0,2.0,1.0,2.0,2.75,2.875,3.0,6.0
RO,2018-01-08/2018-01-14,1,6,6,1000000,50000,2,0.49999999999999994,0.8660254037844387,0.23931566428755774,0.970941817426052,0.0,-0.1428571428571429,6.0,1.0,7.0,2.0,4.0,3.375,3.25,3.0
RO,2018-01-15/2018-01-21,1,3,3,1000000,50000,3,0.49999999999999994,0.8660254037844387,0.3546048870425356,0.9350162426854148,-0.5,0.5,6.0,6.0,2.0,6.0,3.75,3.875,3.4166666666666665,3.0
RO,2018-01-22/2018-01-28,1,3,3,1000000,50000,4,0.49999999999999994,0.8660254037844387,0.4647231720437685,0.8854560256532099,0.0,2.0,3.0,6.0,1.0,2.0,4.0,3.5,3.5833333333333335,2.0
RO,2018-01-29/2018-02-04,1,2,2,1000000,50000,5,0.49999999999999994,0.8660254037844387,0.5680647467311558,0.8229838658936564,-0.33333333333333337,-0.6666666666666667,3.0,3.0,6.0,1.0,4.5,3.625,3.4166666666666665,2.0
RO,2018-01-29/2018-02-04,2,2,2,1000000,50000,5,0.8660254037844386,0.5000000000000001,0.5680647467311558,0.8229838658936564,0.0,-0.6666666666666667,2.0,3.0,6.0,7.0,3.5,3.75,3.4166666666666665,1.0
RO,2018-02-05/2018-02-11,2,1,1,1000000,50000,6,0.8660254037844386,0.5000000000000001,0.6631226582407952,0.7485107481711011,-0.5,-0.6666666666666667,2.0,2.0,3.0,2.0,2.5,3.125,3.4166666666666665,2.0
RO,2018-02-12/2018-02-18,2,2,2,1000000,50000,7,0.8660254037844386,0.5000000000000001,0.7485107481711011,0.6631226582407953,1.0,-0.33333333333333337,1.0,2.0,3.0,1.0,2.0,3.0,3.0,7.0
RO,2018-02-19/2018-02-25,2,7,7,1000000,50000,8,0.8660254037844386,0.5000000000000001,0.8229838658936564,0.5680647467311559,2.5,2.5,2.0,1.0,2.0,6.0,1.75,3.125,3.0,1.0
RO,2018-02-26/2018-03-04,2,1,1,1000000,50000,9,0.8660254037844386,0.5000000000000001,0.8854560256532099,0.4647231720437686,-0.8571428571428572,-0.5,7.0,2.0,2.0,6.0,3.0,3.25,3.5,3.0
RO,2018-02-26/2018-03-04,3,3,3,1000000,50000,9,1.0,6.123233995736766e-17,0.8854560256532099,0.4647231720437686,2.0,2.0,1.0,7.0,1.0,3.0,2.75,2.625,3.0,3.0
RO,2018-03-05/2018-03-11,3,3,3,1000000,50000,10,1.0,6.123233995736766e-17,0.9350162426854148,0.35460488704253557,0.0,0.5,3.0,1.0,2.0,3.0,3.25,2.625,3.0833333333333335,3.0
RO,2018-03-12/2018-03-18,3,3,3,1000000,50000,11,1.0,6.123233995736766e-17,0.970941817426052,0.23931566428755804,0.0,-0.5714285714285714,3.0,3.0,7.0,2.0,3.5,2.625,3.25,1.0
RO,2018-03-19/2018-03-25,3,1,1,1000000,50000,12,1.0,6.123233995736766e-17,0.992708874098054,0.120536680255323,-0.6666666666666667,0.0,3.0,3.0,1.0,2.0,2.5,2.75,3.0,3.0
RO,2018-03-26/2018-04-01,3,3,3,1000000,50000,13,1.0,6.123233995736766e-17,1.0,-1.6081226496766364e-16,2.0,0.0,1.0,3.0,3.0,1.0,2.5,2.625,2.5833333333333335,4.0
RO,2018-04-02/2018-04-08,4,4,4,1000000,50000,14,0.8660254037844387,-0.4999999999999998,0.992708874098054,-0.12053668025532288,0.33333333333333326,0.33333333333333326,3.0,1.0,3.0,2.0,2.5,2.875,2.5833333333333335,1.0
RO,2018-04-09/2018-04-15,4,1,1,1000000,50000,15,0.8660254037844387,-0.4999999999999998,0.9709418174260521,-0.2393156642875575,-0.75,-0.6666666666666667,4.0,3.0,3.0,7.0,2.75,3.125,2.6666666666666665,2.0
RO,2018-04-16/2018-04-22,4,2,2,1000000,50000,16,0.8660254037844387,-0.4999999999999998,0.9350162426854148,-0.35460488704253545,1.0,1.0,1.0,4.0,1.0,1.0,2.25,2.375,2.5833333333333335,3.0
RO,2018-04-23/2018-04-29,4,3,3,1000000,50000,17,0.8660254037844387,-0.4999999999999998,0.8854560256532099,-0.4647231720437685,0.5,0.0,2.0,1.0,3.0,3.0,2.5,2.5,2.5833333333333335,1.0
RO,2018-04-30/2018-05-06,4,1,1,1000000,50000,18,0.8660254037844387,-0.4999999999999998,0.8229838658936565,-0.5680647467311557,-0.6666666666666667,-0.75,3.0,2.0,4.0,3.0,2.5,2.5,2.75,5.0
RO,2018-04-30/2018-05-06,5,5,5,1000000,50000,18,0.49999999999999994,-0.8660254037844387,0.8229838658936565,-0.5680647467311557,4.0,4.0,1.0,3.0,1.0,3.0,1.75,2.25,2.6666666666666665,4.0
RO,2018-05-07/2018-05-13,5,4,4,1000000,50000,19,0.49999999999999994,-0.8660254037844387,0.7485107481711013,-0.663122658240795,-0.19999999999999996,1.0,5.0,1.0,2.0,1.0,2.75,2.5,2.5,4.0
RO,2018-05-14/2018-05-20,5,4,4,1000000,50000,20,0.49999999999999994,-0.8660254037844387,0.6631226582407952,-0.7485107481711012,0.0,0.33333333333333326,4.0,5.0,3.0,3.0,3.25,2.875,2.75,3.0
RO,2018-05-21/2018-05-27,5,3,3,1000000,50000,21,0.49999999999999994,-0.8660254037844387,0.5680647467311558,-0.8229838658936564,-0.25,2.0,4.0,4.0,1.0,4.0,3.5,3.0,2.8333333333333335,1.0
RO,2018-05-28/2018-06-03,5,1,1,1000000,50000,22,0.49999999999999994,-0.8660254037844387,0.46472317204376906,-0.8854560256532096,-0.6666666666666667,-0.8,3.0,4.0,5.0,1.0,4.0,2.875,2.8333333333333335,2.0
RO,2018-05-28/2018-06-03,6,2,2,1000000,50000,22,1.2246467991473532e-16,-1.0,0.46472317204376906,-0.8854560256532096,1.0,-0.5,1.0,3.0,4.0,2.0,3.0,2.875,2.6666666666666665,2.0
RO,2018-06-04/2018-06-10,6,2,2,1000000,50000,23,1.2246467991473532e-16,-1.0,0.35460488704253584,-0.9350162426854147,0.0,-0.5,2.0,1.0,4.0,3.0,2.5,2.875,2.75,4.0
RO,2018-06-11/2018-06-17,6,4,4,1000000,50000,24,1.2246467991473532e-16,-1.0,0.23931566428755768,-0.970941817426052,1.0,0.33333333333333326,2.0,2.0,3.0,1.0,2.0,2.75,2.6666666666666665,1.0
RO,2018-06-18/2018-06-24,6,1,1,1000000,50000,25,1.2246467991473532e-16,-1.0,0.12053668025532308,-0.992708874098054,-0.75,0.0,4.0,2.0,1.0,5.0,2.25,3.125,2.6666666666666665,2.0
RO,2018-06-25/2018-07-01,6,2,2,1000000,50000,26,1.2246467991473532e-16,-1.0,-3.216245299353273e-16,-1.0,1.0,0.0,1.0,4.0,2.0,4.0,2.25,2.625,2.6666666666666665,1.0
RO,2018-06-25/2018-07-01,7,1,1,1000000,50000,26,-0.4999999999999997,-0.8660254037844388,-3.216245299353273e-16,-1.0,-0.5,-0.5,2.0,1.0,2.0,4.0,2.25,2.375,2.6666666666666665,4.0
RO,2018-07-02/2018-07-08,7,4,4,1000000,50000,27,-0.4999999999999997,-0.8660254037844388,-0.12053668025532283,-0.992708874098054,3.0,0.0,1.0,2.0,4.0,3.0,2.0,2.0,2.5,3.0
RO,2018-07-09/2018-07-15,7,3,3,1000000,50000,28,-0.4999999999999997,-0.8660254037844388,-0.23931566428755743,-0.9709418174260521,-0.25,2.0,4.0,1.0,1.0,1.0,2.0,2.125,2.75,3.0
RO,2018-07-16/2018-07-22,7,3,3,1000000,50000,29,-0.4999999999999997,-0.8660254037844388,-0.3546048870425356,-0.9350162426854148,0.0,0.5,3.0,4.0,2.0,2.0,2.5,2.375,2.5833333333333335,4.0
RO,2018-07-23/2018-07-29,7,4,4,1000000,50000,30,-0.4999999999999997,-0.8660254037844388,-0.46472317204376806,-0.8854560256532101,0.33333333333333326,3.0,3.0,3.0,1.0,2.0,2.75,2.5,2.5,1.0
RO,2018-07-30/2018-08-05,7,1,1,1000000,50000,31,-0.4999999999999997,-0.8660254037844388,-0.5680647467311556,-0.8229838658936565,-0.75,-0.75,4.0,3.0,4.0,4.0,3.5,2.75,2.5,3.0
RO,2018-07-30/2018-08-05,8,3,3,1000000,50000,31,-0.8660254037844384,-0.5000000000000004,-0.5680647467311556,-0.8229838658936565,2.0,0.0,1.0,4.0,3.0,1.0,2.75,2.375,2.3333333333333335,3.0
RO,2018-08-06/2018-08-12,8,3,3,1000000,50000,32,-0.8660254037844384,-0.5000000000000004,-0.663122658240795,-0.7485107481711013,0.0,0.0,3.0,1.0,3.0,2.0,2.75,2.625,2.5,2.0
RR,2016-10-10/2016-10-16,10,1,1,1000000,50000,41,-0.8660254037844386,0.5000000000000001,-0.9709418174260521,0.23931566428755738,0.0,0.0,,,,,,,,2.0
RR,2017-01-30/2017-02-05,2,2,2,1000000,50000,5,0.8660254037844386,0.5000000000000001,0.5680647467311558,0.8229838658936564,1.0,0.0,1.0,,,,,,,1.0
RR,2017-03-20/2017-03-26,3,1,1,1000000,50000,12,1.0,6.123233995736766e-17,0.992708874098054,0.120536680255323,-0.5,0.0,2.0,1.0,,,1.5,1.5,1.5,1.0
RR,2017-03-27/2017-04-02,3,1,1,1000000,50000,13,1.0,6.123233995736766e-17,1.0,-1.6081226496766364e-16,0.0,0.0,1.0,2.0,,,1.3333333333333333,1.3333333333333333,1.3333333333333333,1.0
RR,2017-04-03/2017-04-09,4,1,1,1000000,50000,14,0.8660254037844387,-0.4999999999999998,0.992708874098054,-0.12053668025532288,0.0,0.0,1.0,1.0,1.0,,1.25,1.25,1.25,1.0
RR,2017-04-24/2017-04-30,4,1,1,1000000,50000,17,0.8660254037844387,-0.4999999999999998,0.8854560256532099,-0.4647231720437685,0.0,-0.5,1.0,1.0,2.0,,1.25,1.2,1.2,2.0
RR,2017-05-08/2017-05-14,5,2,2,1000000,50000,19,0.49999999999999994,-0.8660254037844387,0.7485107481711013,-0.663122658240795,1.0,1.0,1.0,1.0,1.0,,1.0,1.1666666666666667,1.1666666666666667,2.0
RR,2017-06-05/2017-06-11,6,2,2,1000000,50000,23,1.2246467991473532e-16,-1.0,0.35460488704253584,-0.9350162426854147,0.0,1.0,2.0,1.0,1.0,,1.25,1.2857142857142858,1.2857142857142858,1.0
RR,2017-06-26/2017-07-02,6,1,1,1000000,50000,26,1.2246467991473532e-16,-1.0,-3.216245299353273e-16,-1.0,-0.5,0.0,2.0,2.0,1.0,1.0,1.5,1.375,1.375,1.0
RR,2017-07-17/2017-07-23,7,1,1,1000000,50000,29,-0.4999999999999997,-0.8660254037844388,-0.3546048870425356,-0.9350162426854148,0.0,0.0,1.0,2.0,1.0,2.0,1.5,1.375,1.3333333333333333,1.0
RR,2017-09-25/2017-10-01,9,1,1,1000000,50000,39,-1.0,-1.8369701987210297e-16,-1.0,-1.8369701987210297e-16,0.0,-0.5,1.0,1.0,2.0,1.0,1.5,1.25,1.3,3.0
RR,2017-10-16/2017-10-22,10,3,3,1000000,50000,42,-0.8660254037844386,0.5000000000000001,-0.9350162426854148,0.35460488704253557,2.0,0.5,1.0,1.0,2.0,1.0,1.25,1.25,1.2727272727272727,2.0
RR,2017-11-20/2017-11-26,11,2,2,1000000,50000,47,-0.5000000000000004,0.8660254037844384,-0.5680647467311559,0.8229838658936564,-0.33333333333333337,1.0,3.0,1.0,1.0,1.0,1.5,1.5,1.4166666666666667,1.0
RR,2018-01-22/2018-01-28,1,1,1,1000000,50000,4,0.49999999999999994,0.8660254037844387,0.4647231720437685,0.8854560256532099,-0.5,0.0,2.0,3.0,1.0,1.0,1.75,1.625,1.5,1.0
RR,2018-02-05/2018-02-11,2,1,1,1000000,50000,6,0.8660254037844386,0.5000000000000001,0.6631226582407952,0.7485107481711011,0.0,0.0,1.0,2.0,1.0,2.0,1.75,1.625,1.4166666666666667,1.0
RR,2018-02-19/2018-02-25,2,1,1,1000000,50000,8,0.8660254037844386,0.5000000000000001,0.8229838658936564,0.5680647467311559,0.0,-0.6666666666666667,1.0,1.0,3.0,2.0,1.75,1.5,1.4166666666666667,1.0
RR,2018-02-26/2018-03-04,2,1,1,1000000,50000,9,0.8660254037844386,0.5000000000000001,0.8854560256532099,0.4647231720437686,0.0,-0.5,1.0,1.0,2.0,1.0,1.25,1.375,1.4166666666666667,1.0
RR,2018-02-26/2018-03-04,3,1,1,1000000,50000,9,1.0,6.123233995736766e-17,0.8854560256532099,0.4647231720437686,0.0,0.0,1.0,1.0,1.0,1.0,1.0,1.375,1.4166666666666667,3.0
RR,2018-03-05/2018-03-11,3,3,3,1000000,50000,10,1.0,6.123233995736766e-17,0.9350162426854148,0.35460488704253557,2.0,2.0,1.0,1.0,1.0,1.0,1.0,1.375,1.4166666666666667,1.0
RR,2018-03-19/2018-03-25,3,1,1,1000000,50000,12,1.0,6.123233995736766e-17,0.992708874098054,0.120536680255323,-0.6666666666666667,0.0,3.0,1.0,1.0,3.0,1.5,1.625,1.5,1.0
RR,2018-04-02/2018-04-08,4,1,1,1000000,50000,14,0.8660254037844387,-0.4999999999999998,0.992708874098054,-0.12053668025532288,0.0,0.0,1.0,3.0,1.0,2.0,1.5,1.375,1.4166666666666667,1.0
RR,2018-04-23/2018-04-29,4,1,1,1000000,50000,17,0.8660254037844387,-0.4999999999999998,0.8854560256532099,-0.4647231720437685,0.0,0.0,1.0,1.0,1.0,1.0,1.5,1.25,1.4166666666666667,1.0
RR,2018-04-30/2018-05-06,5,1,1,1000000,50000,18,0.49999999999999994,-0.8660254037844387,0.8229838658936565,-0.5680647467311557,0.0,-0.6666666666666667,1.0,1.0,3.0,1.0,1.5,1.25,1.4166666666666667,1.0
RR,2018-05-28/2018-06-03,6,1,1,1000000,50000,22,1.2246467991473532e-16,-1.0,0.46472317204376906,-0.8854560256532096,0.0,0.0,1.0,1.0,1.0,1.0,1.0,1.25,1.4166666666666667,3.0
RR,2018-06-04/2018-06-10,6,3,3,1000000,50000,23,1.2246467991473532e-16,-1.0,0.35460488704253584,-0.9350162426854147,2.0,2.0,1.0,1.0,1.0,1.0,1.0,1.25,1.25,1.0
RR,2018-06-11/2018-06-17,6,1,1,1000000,50000,24,1.2246467991473532e-16,-1.0,0.23931566428755768,-0.970941817426052,-0.6666666666666667,0.0,3.0,1.0,1.0,1.0,1.5,1.5,1.3333333333333333,1.0
RR,2018-07-02/2018-07-08,7,1,1,1000000,50000,27,-0.4999999999999997,-0.8660254037844388,-0.12053668025532283,-0.992708874098054,0.0,0.0,1.0,3.0,1.0,3.0,1.5,1.5,1.3333333333333333,1.0
RR,2018-07-09/2018-07-15,7,1,1,1000000,50000,28,-0.4999999999999997,-0.8660254037844388,-0.23931566428755743,-0.9709418174260521,0.0,0.0,1.0,1.0,1.0,1.0,1.5,1.25,1.3333333333333333,2.0
RR,2018-07-16/2018-07-22,7,2,2,1000000,50000,29,-0.4999999999999997,-0.8660254037844388,-0.3546048870425356,-0.9350162426854148,1.0,-0.33333333333333337,1.0,1.0,3.0,1.0,1.5,1.25,1.3333333333333333,1.0
RS,2016-10-03/2016-10-09,10,14,14,1000000,50000,40,-0.8660254037844386,0.5000000000000001,-0.992708874098054,0.1205366802553232,0.0,0.0,,,,,,,,3.0
RS,2016-10-10/2016-10-16,10,3,3,1000000,50000,41,-0.8660254037844386,0.5000000000000001,-0.9709418174260521,0.23931566428755738,-0.7857142857142857,0.0,14.0,,,,,,,2.0
RS,2017-01-09/2017-01-15,1,2,2,1000000,50000,2,0.49999999999999994,0.8660254037844387,0.23931566428755774,0.970941817426052,-0.33333333333333337,0.0,3.0,14.0,,,8.5,8.5,8.5,10.0
RS,2017-01-16/2017-01-22,1,10,10,1000000,50000,3,0.49999999999999994,0.8660254037844387,0.3546048870425356,0.9350162426854148,4.0,0.0,2.0,3.0,,,6.333333333333333,6.333333333333333,6.333333333333333,35.0
RS,2017-01-23/2017-01-29,1,35,35,1000000,50000,4,0.49999999999999994,0.8660254037844387,0.4647231720437685,0.8854560256532099,2.5,1.5,10.0,2.0,14.0,,7.25,7.25,7.25,5.0
RS,2017-01-30/2017-02-05,1,5,5,1000000,50000,5,0.49999999999999994,0.8660254037844387,0.5680647467311558,0.8229838658936564,-0.8571428571428572,0.6666666666666667,35.0,10.0,3.0,,12.5,12.8,12.8,20.0
RS,2017-01-30/2017-02-05,2,20,20,1000000,50000,5,0.8660254037844386,0.5000000000000001,0.5680647467311558,0.8229838658936564,3.0,9.0,5.0,35.0,2.0,,13.0,11.5,11.5,20.0
RS,2017-02-06/2017-02-12,2,20,20,1000000,50000,6,0.8660254037844386,0.5000000000000001,0.6631226582407952,0.7485107481711011,0.0,1.0,20.0,5.0,10.0,,17.5,12.714285714285714,12.714285714285714,25.0
RS,2017-02-13/2017-02-19,2,25,25,1000000,50000,7,0.8660254037844386,0.5000000000000001,0.7485107481711011,0.6631226582407953,0.25,-0.2857142857142857,20.0,20.0,35.0,14.0,20.0,13.625,13.625,28.0
RS,2017-02-20/2017-02-26,2,28,28,1000000,50000,8,0.8660254037844386,0.5000000000000001,0.8229838658936564,0.5680647467311559,0.1200000000000001,4.6,25.0,20.0,5.0,3.0,17.5,15.0,14.88888888888889,7.0
RS,2017-02-27/2017-03-05,2,7,7,1000000,50000,9,0.8660254037844386,0.5000000000000001,0.8854560256532099,0.4647231720437686,-0.75,-0.65,28.0,25.0,20.0,2.0,23.25,18.125,16.2,20.0
RS,2017-02-27/2017-03-05,3,20,20,1000000,50000,9,1.0,6.123233995736766e-17,0.8854560256532099,0.4647231720437686,1.8571428571428572,0.0,7.0,28.0,20.0,10.0,20.0,18.75,15.363636363636363,25.0
RS,2017-03-06/2017-03-12,3,25,25,1000000,50000,10,1.0,6.123233995736766e-17,0.9350162426854148,0.35460488704253557,0.25,0.0,20.0,7.0,25.0,35.0,20.0,20.0,15.75,35.0
RS,2017-03-13/2017-03-19,3,35,35,1000000,50000,11,1.0,6.123233995736766e-17,0.970941817426052,0.23931566428755804,0.3999999999999999,0.25,25.0,20.0,28.0,5.0,20.0,18.75,16.666666666666668,42.0
RS,2017-03-20/2017-03-26,3,42,42,1000000,50000,12,1.0,6.123233995736766e-17,0.992708874098054,0.120536680255323,0.19999999999999996,5.0,35.0,25.0,7.0,20.0,21.75,22.5,19.333333333333332,22.0
RS,2017-03-27/2017-04-02,3,22,22,1000000,50000,13,1.0,6.123233995736766e-17,1.0,-1.6081226496766364e-16,-0.47619047619047616,0.10000000000000009,42.0,35.0,20.0,20.0,30.5,25.25,22.666666666666668,3.0
RS,2017-03-27/2017-04-02,4,3,3,1000000,50000,13,0.8660254037844387,-0.4999999999999998,1.0,-1.6081226496766364e-16,-0.8636363636363636,-0.88,22.0,42.0,25.0,25.0,31.0,25.5,23.666666666666668,40.0
RS,2017-04-03/2017-04-09,4,40,40,1000000,50000,14,0.8660254037844387,-0.4999999999999998,0.992708874098054,-0.12053668025532288,12.333333333333334,0.1428571428571428,3.0,22.0,35.0,28.0,25.5,22.75,21.0,29.0
RS,2017-04-10/2017-04-16,4,29,29,1000000,50000,15,0.8660254037844387,-0.4999999999999998,0.9709418174260521,-0.2393156642875575,-0.275,-0.30952380952380953,40.0,3.0,42.0,7.0,26.75,24.25,23.916666666666668,31.0
RS,2017-04-17/2017-04-23,4,31,31,1000000,50000,16,0.8660254037844387,-0.4999999999999998,0.9350162426854148,-0.35460488704253545,0.06896551724137923,0.40909090909090917,29.0,40.0,22.0,20.0,23.5,27.0,24.666666666666668,29.0
RS,2017-04-24/2017-04-30,4,29,29,1000000,50000,17,0.8660254037844387,-0.4999999999999998,0.8854560256532099,-0.4647231720437685,-0.06451612903225812,8.666666666666666,31.0,29.0,3.0,25.0,25.75,28.375,25.583333333333332,41.0
RS,2017-05-01/2017-05-07,5,41,41,1000000,50000,18,0.49999999999999994,-0.8660254037844387,0.8229838658936565,-0.5680647467311557,0.4137931034482758,0.02499999999999991,29.0,31.0,40.0,35.0,32.25,28.875,25.916666666666668,51.0
RS,2017-05-08/2017-05-14,5,51,51,1000000,50000,19,0.49999999999999994,-0.8660254037844387,0.7485107481711013,-0.663122658240795,0.24390243902439024,0.7586206896551724,41.0,29.0,29.0,42.0,32.5,29.625,27.0,41.0
RS,2017-05-15/2017-05-21,5,41,41,1000000,50000,20,0.49999999999999994,-0.8660254037844387,0.6631226582407952,-0.7485107481711012,-0.196078431372549,0.32258064516129026,51.0,41.0,31.0,22.0,38.0,30.75,30.666666666666668,46.0
RS,2017-05-22/2017-05-28,5,46,46,1000000,50000,21,0.49999999999999994,-0.8660254037844387,0.5680647467311558,-0.8229838658936564,0.12195121951219523,0.5862068965517242,41.0,51.0,29.0,3.0,40.5,33.125,32.416666666666664,26.0
RS,2017-05-29/2017-06-04,5,26,26,1000000,50000,22,0.49999999999999994,-0.8660254037844387,0.46472317204376906,-0.8854560256532096,-0.4347826086956522,-0.36585365853658536,46.0,41.0,41.0,40.0,44.75,38.5,34.166666666666664,30.0
RS,2017-05-29/2017-06-04,6,30,30,1000000,50000,22,1.2246467991473532e-16,-1.0,0.46472317204376906,-0.8854560256532096,0.15384615384615374,-0.4117647058823529,26.0,46.0,51.0,29.0,41.0,36.75,33.416666666666664,54.0
RS,2017-06-05/2017-06-11,6,54,54,1000000,50000,23,1.2246467991473532e-16,-1.0,0.35460488704253584,-0.9350162426854147,0.8,0.3170731707317074,30.0,26.0,41.0,31.0,35.75,36.875,32.416666666666664,55.0
RS,2017-06-12/2017-06-18,6,55,55,1000000,50000,24,1.2246467991473532e-16,-1.0,0.23931566428755768,-0.970941817426052,0.0185185185185186,0.19565217391304346,54.0,30.0,46.0,29.0,39.0,39.75,35.083333333333336,41.0
RS,2017-06-19/2017-06-25,6,41,41,1000000,50000,25,1.2246467991473532e-16,-1.0,0.12053668025532308,-0.992708874098054,-0.2545454545454545,0.5769230769230769,55.0,54.0,26.0,41.0,41.25,43.0,39.416666666666664,35.0
RS,2017-06-26/2017-07-02,6,35,35,1000000,50000,26,1.2246467991473532e-16,-1.0,-3.216245299353273e-16,-1.0,-0.14634146341463417,0.16666666666666674,41.0,55.0,30.0,51.0,45.0,43.0,39.5,13.0
RS,2017-06-26/2017-07-02,7,13,13,1000000,50000,26,-0.4999999999999997,-0.8660254037844388,-3.216245299353273e-16,-1.0,-0.6285714285714286,-0.7592592592592593,35.0,41.0,54.0,41.0,46.25,41.0,40.0,48.0
RS,2017-07-03/2017-07-09,7,48,48,1000000,50000,27,-0.4999999999999997,-0.8660254037844388,-0.12053668025532283,-0.992708874098054,2.6923076923076925,-0.12727272727272732,13.0,35.0,55.0,46.0,36.0,37.5,38.5,62.0
RS,2017-07-10/2017-07-16,7,62,62,1000000,50000,28,-0.4999999999999997,-0.8660254037844388,-0.23931566428755743,-0.9709418174260521,0.29166666666666674,0.5121951219512195,48.0,13.0,41.0,26.0,34.25,37.75,40.083333333333336,55.0
RS,2017-07-17/2017-07-23,7,55,55,1000000,50000,29,-0.4999999999999997,-0.8660254037844388,-0.3546048870425356,-0.9350162426854148,-0.11290322580645162,0.5714285714285714,62.0,48.0,35.0,30.0,39.5,42.25,41.833333333333336,56.0
RS,2017-07-24/2017-07-30,7,56,56,1000000,50000,30,-0.4999999999999997,-0.8660254037844388,-0.46472317204376806,-0.8854560256532101,0.018181818181818077,3.3076923076923075,55.0,62.0,13.0,54.0,44.5,45.375,42.166666666666664,8.0
RS,2017-07-31/2017-08-06,7,8,8,1000000,50000,31,-0.4999999999999997,-0.8660254037844388,-0.5680647467311556,-0.8229838658936565,-0.8571428571428572,-0.8333333333333334,56.0,55.0,48.0,55.0,55.25,45.625,43.416666666666664,63.0
RS,2017-07-31/2017-08-06,8,63,63,1000000,50000,31,-0.8660254037844384,-0.5000000000000004,-0.5680647467311556,-0.8229838658936565,6.875,0.016129032258064502,8.0,56.0,62.0,41.0,45.25,39.75,40.25,63.0
RS,2017-08-07/2017-08-13,8,63,63,1000000,50000,32,-0.8660254037844384,-0.5000000000000004,-0.663122658240795,-0.7485107481711013,0.0,0.1454545454545455,63.0,8.0,55.0,35.0,45.5,42.5,43.333333333333336,64.0
RS,2017-08-14/2017-08-20,8,64,64,1000000,50000,33,-0.8660254037844384,-0.5000000000000004,-0.7485107481711011,-0.6631226582407952,0.015873015873015817,0.1428571428571428,63.0,63.0,56.0,13.0,47.5,46.0,46.083333333333336,71.0
RS,2017-08-21/2017-08-27,8,71,71,1000000,50000,34,-0.8660254037844384,-0.5000000000000004,-0.8229838658936564,-0.5680647467311559,0.109375,7.875,64.0,63.0,8.0,48.0,49.5,52.375,46.916666666666664,35.0
RS,2017-08-28/2017-09-03,8,35,35,1000000,50000,35,-0.8660254037844384,-0.5000000000000004,-0.8854560256532096,-0.4647231720437691,-0.5070422535211268,-0.4444444444444444,71.0,64.0,63.0,62.0,65.25,55.25,48.25,31.0
RS,2017-08-28/2017-09-03,9,31,31,1000000,50000,35,-1.0,-1.8369701987210297e-16,-0.8854560256532096,-0.4647231720437691,-0.11428571428571432,-0.5079365079365079,35.0,71.0,63.0,55.0,58.25,51.875,47.75,50.0
RS,2017-09-04/2017-09-10,9,50,50,1000000,50000,36,-1.0,-1.8369701987210297e-16,-0.9350162426854147,-0.3546048870425359,0.6129032258064515,-0.21875,31.0,35.0,64.0,56.0,50.25,48.875,47.416666666666664,80.0
RS,2017-09-11/2017-09-17,9,80,80,1000000,50000,37,-1.0,-1.8369701987210297e-16,-0.970941817426052,-0.23931566428755774,0.6000000000000001,0.12676056338028174,50.0,31.0,71.0,8.0,46.75,48.125,50.5,54.0
RS,2017-09-18/2017-09-24,9,54,54,1000000,50000,38,-1.0,-1.8369701987210297e-16,-0.992708874098054,-0.12053668025532357,-0.32499999999999996,0.5428571428571429,80.0,50.0,35.0,63.0,49.0,57.125,53.166666666666664,58.0
RS,2017-09-25/2017-10-01,9,58,58,1000000,50000,39,-1.0,-1.8369701987210297e-16,-1.0,-1.8369701987210297e-16,0.07407407407407418,0.8709677419354838,54.0,80.0,31.0,63.0,53.75,56.0,52.5,5.0
RS,2017-09-25/2017-10-01,10,5,5,1000000,50000,39,-0.8660254037844386,0.5000000000000001,-1.0,-1.8369701987210297e-16,-0.9137931034482758,-0.9,58.0,54.0,50.0,64.0,60.5,55.375,52.75,54.0
RS,2017-10-02/2017-10-08,10,54,54,1000000,50000,40,-0.8660254037844386,0.5000000000000001,-0.992708874098054,0.1205366802553232,9.8,-0.32499999999999996,5.0,58.0,80.0,71.0,49.25,48.0,48.5,58.0
RS,2017-10-09/2017-10-15,10,58,58,1000000,50000,41,-0.8660254037844386,0.5000000000000001,-0.9709418174260521,0.23931566428755738,0.07407407407407418,0.07407407407407418,54.0,5.0,54.0,35.0,42.75,45.875,52.333333333333336,64.0
RS,2017-10-16/2017-10-22,10,64,64,1000000,50000,42,-0.8660254037844386,0.5000000000000001,-0.9350162426854148,0.35460488704253557,0.10344827586206895,0.10344827586206895,58.0,54.0,58.0,31.0,43.75,48.75,51.916666666666664,50.0
RS,2017-10-23/2017-10-29,10,50,50,1000000,50000,43,-0.8660254037844386,0.5000000000000001,-0.8854560256532101,0.464723172043768,-0.21875,9.0,64.0,58.0,5.0,50.0,45.25,52.875,52.0,13.0
RS,2017-10-30/2017-11-05,10,13,13,1000000,50000,44,-0.8660254037844386,0.5000000000000001,-0.822983865893657,0.5680647467311548,-0.74,-0.7592592592592593,50.0,64.0,54.0,80.0,56.5,52.875,50.833333333333336,29.0
RS,2017-10-30/2017-11-05,11,29,29,1000000,50000,44,-0.5000000000000004,0.8660254037844384,-0.822983865893657,0.5680647467311548,1.2307692307692308,-0.5,13.0,50.0,58.0,54.0,46.25,44.5,46.0,69.0
RS,2017-11-06/2017-11-12,11,69,69,1000000,50000,45,-0.5000000000000004,0.8660254037844384,-0.7485107481711011,0.6631226582407952,1.3793103448275863,0.078125,29.0,13.0,64.0,58.0,39.0,41.375,45.5,71.0
RS,2017-11-13/2017-11-19,11,71,71,1000000,50000,46,-0.5000000000000004,0.8660254037844384,-0.6631226582407955,0.7485107481711007,0.02898550724637672,0.41999999999999993,69.0,29.0,50.0,5.0,40.25,42.75,48.666666666666664,167.0
RS,2017-11-20/2017-11-26,11,167,167,1000000,50000,47,-0.5000000000000004,0.8660254037844384,-0.5680647467311559,0.8229838658936564,1.352112676056338,11.846153846153847,71.0,69.0,13.0,54.0,45.5,51.0,50.416666666666664,73.0
RS,2017-11-27/2017-12-03,11,73,73,1000000,50000,48,-0.5000000000000004,0.8660254037844384,-0.4647231720437684,0.88545602565321,-0.562874251497006,1.5172413793103448,167.0,71.0,29.0,58.0,84.0,65.125,57.666666666666664,34.0
RS,2017-11-27/2017-12-03,12,34,34,1000000,50000,48,-2.4492935982947064e-16,1.0,-0.4647231720437684,0.88545602565321,-0.5342465753424658,-0.5072463768115942,73.0,167.0,69.0,64.0,95.0,67.0,59.25,90.0
RS,2017-12-04/2017-12-10,12,90,90,1000000,50000,49,-2.4492935982947064e-16,1.0,-0.35460488704253595,0.9350162426854147,1.6470588235294117,0.267605633802817,34.0,73.0,71.0,50.0,86.25,63.25,57.25,65.0
RS,2017-12-11/2017-12-17,12,65,65,1000000,50000,50,-2.4492935982947064e-16,1.0,-0.2393156642875578,0.970941817426052,-0.2777777777777778,-0.6107784431137724,90.0,34.0,167.0,13.0,91.0,68.25,64.33333333333333,52.0
RS,2017-12-18/2017-12-24,12,52,52,1000000,50000,51,-2.4492935982947064e-16,1.0,-0.12053668025532363,0.992708874098054,-0.19999999999999996,-0.28767123287671237,65.0,90.0,73.0,29.0,65.5,74.75,65.25,37.0
RS,2017-12-25/2017-12-31,12,37,37,1000000,50000,52,-2.4492935982947064e-16,1.0,6.432490598706546e-16,1.0,-0.28846153846153844,0.08823529411764697,52.0,65.0,34.0,69.0,60.25,77.625,64.75,73.0
RS,2018-01-01/2018-01-07,1,73,73,1000000,50000,1,0.49999999999999994,0.8660254037844387,0.12053668025532305,0.992708874098054,0.972972972972973,-0.18888888888888888,37.0,52.0,90.0,71.0,61.0,73.625,62.5,78.0
RS,2018-01-08/2018-01-14,1,78,78,1000000,50000,2,0.49999999999999994,0.8660254037844387,0.23931566428755774,0.970941817426052,0.06849315068493156,0.19999999999999996,73.0,37.0,65.0,167.0,56.75,73.875,64.41666666666667,86.0
RS,2018-01-15/2018-01-21,1,86,86,1000000,50000,3,0.49999999999999994,0.8660254037844387,0.3546048870425356,0.9350162426854148,0.10256410256410264,0.6538461538461537,78.0,73.0,52.0,73.0,60.0,62.75,69.83333333333333,86.0
RS,2018-01-22/2018-01-28,1,86,86,1000000,50000,4,0.49999999999999994,0.8660254037844387,0.4647231720437685,0.8854560256532099,0.0,1.3243243243243241,86.0,78.0,37.0,34.0,68.5,64.375,74.58333333333333,44.0
RS,2018-01-29/2018-02-04,1,44,44,1000000,50000,5,0.49999999999999994,0.8660254037844387,0.5680647467311558,0.8229838658936564,-0.4883720930232558,-0.3972602739726028,86.0,86.0,73.0,90.0,80.75,70.875,76.0,40.0
RS,2018-01-29/2018-02-04,2,40,40,1000000,50000,5,0.8660254037844386,0.5000000000000001,0.5680647467311558,0.8229838658936564,-0.09090909090909094,-0.4871794871794872,44.0,86.0,78.0,65.0,73.5,65.125,73.75,82.0
RS,2018-02-05/2018-02-11,2,82,82,1000000,50000,6,0.8660254037844386,0.5000000000000001,0.6631226582407952,0.7485107481711011,1.0499999999999998,-0.046511627906976716,40.0,44.0,86.0,52.0,64.0,62.0,63.166666666666664,87.0
RS,2018-02-12/2018-02-18,2,87,87,1000000,50000,7,0.8660254037844386,0.5000000000000001,0.7485107481711011,0.6631226582407953,0.060975609756097615,0.011627906976744207,82.0,40.0,86.0,37.0,63.0,65.75,63.916666666666664,104.0
RS,2018-02-19/2018-02-25,2,104,104,1000000,50000,8,0.8660254037844386,0.5000000000000001,0.8229838658936564,0.5680647467311559,0.1954022988505748,1.3636363636363638,87.0,82.0,44.0,73.0,63.25,72.0,68.33333333333333,50.0
RS,2018-02-26/2018-03-04,2,50,50,1000000,50000,9,0.8660254037844386,0.5000000000000001,0.8854560256532099,0.4647231720437686,-0.5192307692307692,0.25,104.0,87.0,40.0,78.0,78.25,75.875,69.5,57.0
RS,2018-02-26/2018-03-04,3,57,57,1000000,50000,9,1.0,6.123233995736766e-17,0.8854560256532099,0.4647231720437686,0.1399999999999999,-0.30487804878048785,50.0,104.0,82.0,86.0,80.75,72.375,68.25,84.0
RS,2018-03-05/2018-03-11,3,84,84,1000000,50000,10,1.0,6.123233995736766e-17,0.9350162426854148,0.35460488704253557,0.4736842105263157,-0.03448275862068961,57.0,50.0,87.0,86.0,74.5,68.75,68.66666666666667,92.0
RS,2018-03-12/2018-03-18,3,92,92,1000000,50000,11,1.0,6.123233995736766e-17,0.970941817426052,0.23931566428755804,0.09523809523809534,-0.11538461538461542,84.0,57.0,104.0,44.0,73.75,68.5,72.58333333333333,104.0
RS,2018-03-19/2018-03-25,3,104,104,1000000,50000,12,1.0,6.123233995736766e-17,0.992708874098054,0.120536680255323,0.13043478260869557,1.08,92.0,84.0,50.0,40.0,70.75,74.5,74.16666666666667,70.0
RS,2018-03-26/2018-04-01,3,70,70,1000000,50000,13,1.0,6.123233995736766e-17,1.0,-1.6081226496766364e-16,-0.32692307692307687,0.22807017543859653,104.0,92.0,57.0,82.0,84.25,82.5,76.33333333333333,12.0
RS,2018-03-26/2018-04-01,4,12,12,1000000,50000,13,0.8660254037844387,-0.4999999999999998,1.0,-1.6081226496766364e-16,-0.8285714285714285,-0.8571428571428572,70.0,104.0,84.0,87.0,87.5,81.0,75.0,74.0
RS,2018-04-02/2018-04-08,4,74,74,1000000,50000,14,0.8660254037844387,-0.4999999999999998,0.992708874098054,-0.12053668025532288,5.166666666666667,-0.19565217391304346,12.0,70.0,92.0,104.0,69.5,71.625,68.83333333333333,87.0
RS,2018-04-09/2018-04-15,4,87,87,1000000,50000,15,0.8660254037844387,-0.4999999999999998,0.9709418174260521,-0.2393156642875575,0.17567567567567566,-0.16346153846153844,74.0,12.0,104.0,50.0,65.0,67.875,71.33333333333333,96.0
RS,2018-04-16/2018-04-22,4,96,96,1000000,50000,16,0.8660254037844387,-0.4999999999999998,0.9350162426854148,-0.35460488704253545,0.10344827586206895,0.37142857142857144,87.0,74.0,70.0,57.0,60.75,72.5,75.25,66.0
RS,2018-04-23/2018-04-29,4,66,66,1000000,50000,17,0.8660254037844387,-0.4999999999999998,0.8854560256532099,-0.4647231720437685,-0.3125,4.5,96.0,87.0,12.0,84.0,67.25,77.375,76.41666666666667,10.0
RS,2018-04-30/2018-05-06,4,10,10,1000000,50000,18,0.8660254037844387,-0.4999999999999998,0.8229838658936565,-0.5680647467311557,-0.8484848484848485,-0.8648648648648649,66.0,96.0,74.0,92.0,80.75,75.125,74.66666666666667,92.0
RS,2018-04-30/2018-05-06,5,92,92,1000000,50000,18,0.49999999999999994,-0.8660254037844387,0.8229838658936565,-0.5680647467311557,8.2,0.05747126436781613,10.0,66.0,87.0,104.0,64.75,64.875,66.83333333333333,101.0
RS,2018-05-07/2018-05-13,5,101,101,1000000,50000,19,0.49999999999999994,-0.8660254037844387,0.7485107481711013,-0.663122658240795,0.09782608695652173,0.05208333333333326,92.0,10.0,96.0,70.0,66.0,63.375,70.33333333333333,96.0
RS,2018-05-14/2018-05-20,5,96,96,1000000,50000,20,0.49999999999999994,-0.8660254037844387,0.6631226582407952,-0.7485107481711012,-0.04950495049504955,0.4545454545454546,101.0,92.0,66.0,12.0,67.25,67.25,74.0,35.0
RS,2018-05-21/2018-05-27,5,35,35,1000000,50000,21,0.49999999999999994,-0.8660254037844387,0.5680647467311558,-0.8229838658936564,-0.6354166666666667,2.5,96.0,101.0,10.0,74.0,74.75,77.75,75.0,26.0
RS,2018-05-28/2018-06-03,5,26,26,1000000,50000,22,0.49999999999999994,-0.8660254037844387,0.46472317204376906,-0.8854560256532096,-0.2571428571428571,-0.7173913043478262,35.0,96.0,92.0,87.0,81.0,72.875,70.25,29.0
RS,2018-05-28/2018-06-03,6,29,29,1000000,50000,22,1.2246467991473532e-16,-1.0,0.46472317204376906,-0.8854560256532096,0.11538461538461542,-0.7128712871287128,26.0,35.0,101.0,96.0,64.5,65.25,63.75,70.0
RS,2018-06-04/2018-06-10,6,70,70,1000000,50000,23,1.2246467991473532e-16,-1.0,0.35460488704253584,-0.9350162426854147,1.4137931034482758,-0.27083333333333337,29.0,26.0,96.0,66.0,46.5,56.875,60.333333333333336,57.0
RS,2018-06-11/2018-06-17,6,57,57,1000000,50000,24,1.2246467991473532e-16,-1.0,0.23931566428755768,-0.970941817426052,-0.18571428571428572,0.6285714285714286,70.0,29.0,35.0,10.0,40.0,57.375,65.16666666666667,71.0
RS,2018-06-18/2018-06-24,6,71,71,1000000,50000,25,1.2246467991473532e-16,-1.0,0.12053668025532308,-0.992708874098054,0.2456140350877194,1.7307692307692308,57.0,70.0,26.0,92.0,45.5,63.25,63.75,77.0
RS,2018-06-25/2018-07-01,6,77,77,1000000,50000,26,1.2246467991473532e-16,-1.0,-3.216245299353273e-16,-1.0,0.08450704225352124,1.6551724137931036,71.0,57.0,29.0,101.0,56.75,60.625,62.416666666666664,4.0
RS,2018-06-25/2018-07-01,7,4,4,1000000,50000,26,-0.4999999999999997,-0.8660254037844388,-3.216245299353273e-16,-1.0,-0.948051948051948,-0.9428571428571428,77.0,71.0,70.0,96.0,68.75,57.625,60.833333333333336,60.0
RS,2018-07-02/2018-07-08,7,60,60,1000000,50000,27,-0.4999999999999997,-0.8660254037844388,-0.12053668025532283,-0.992708874098054,14.0,0.05263157894736836,4.0,77.0,57.0,35.0,52.25,46.125,55.666666666666664,57.0
RS,2018-07-09/2018-07-15,7,57,57,1000000,50000,28,-0.4999999999999997,-0.8660254037844388,-0.23931566428755743,-0.9709418174260521,-0.050000000000000044,-0.19718309859154926,60.0,4.0,71.0,26.0,53.0,49.25,59.833333333333336,84.0
RS,2018-07-16/2018-07-22,7,84,84,1000000,50000,29,-0.4999999999999997,-0.8660254037844388,-0.3546048870425356,-0.9350162426854148,0.4736842105263157,0.09090909090909083,57.0,60.0,77.0,29.0,49.5,53.125,56.916666666666664,79.0
RS,2018-07-23/2018-07-29,7,79,79,1000000,50000,30,-0.4999999999999997,-0.8660254037844388,-0.46472317204376806,-0.8854560256532101,-0.059523809523809534,18.75,84.0,57.0,4.0,70.0,51.25,60.0,55.5,24.0
RS,2018-07-30/2018-08-05,7,24,24,1000000,50000,31,-0.4999999999999997,-0.8660254037844388,-0.5680647467311556,-0.8229838658936565,-0.6962025316455696,-0.6,79.0,84.0,60.0,57.0,70.0,61.125,54.083333333333336,56.0
RS,2018-07-30/2018-08-05,8,56,56,1000000,50000,31,-0.8660254037844384,-0.5000000000000004,-0.5680647467311556,-0.8229838658936565,1.3333333333333335,-0.01754385964912286,24.0,79.0,57.0,71.0,61.0,57.0,53.166666666666664,109.0
RS,2018-08-06/2018-08-12,8,109,109,1000000,50000,32,-0.8660254037844384,-0.5000000000000004,-0.663122658240795,-0.7485107481711013,0.9464285714285714,0.29761904761904767,56.0,24.0,84.0,77.0,60.75,55.125,55.666666666666664,96.0
RS,2018-08-13/2018-08-19,8,96,96,1000000,50000,33,-0.8660254037844384,-0.5000000000000004,-0.7485107481711011,-0.6631226582407952,-0.11926605504587151,0.21518987341772156,109.0,56.0,79.0,4.0,67.0,59.125,62.333333333333336,30.0
RS,2018-08-20/2018-08-26,8,30,30,1000000,50000,34,-0.8660254037844384,-0.5000000000000004,-0.8229838658936564,-0.5680647467311559,-0.6875,0.25,96.0,109.0,24.0,60.0,71.25,70.625,64.5,2.0
SC,2016-10-03/2016-10-09,10,8,8,1000000,50000,40,-0.8660254037844386,0.5000000000000001,-0.992708874098054,0.1205366802553232,0.0,0.0,,,,,,,,1.0
SC,2016-10-10/2016-10-16,10,1,1,1000000,50000,41,-0.8660254037844386,0.5000000000000001,-0.9709418174260521,0.23931566428755738,-0.875,0.0,8.0,,,,,,,1.0
SC,2017-01-02/2017-01-08,1,1,1,1000000,50000,1,0.49999999999999994,0.8660254037844387,0.12053668025532305,0.992708874098054,0.0,0.0,1.0,8.0,,,4.5,4.5,4.5,5.0
SC,2017-01-09/2017-01-15,1,5,5,1000000,50000,2,0.49999999999999994,0.8660254037844387,0.23931566428755774,0.970941817426052,4.0,0.0,1.0,1.0,,,3.3333333333333335,3.3333333333333335,3.3333333333333335,6.0
SC,2017-01-16/2017-01-22,1,6,6,1000000,50000,3,0.49999999999999994,0.8660254037844387,0.3546048870425356,0.9350162426854148,0.19999999999999996,-0.25,5.0,1.0,8.0,,3.75,3.75,3.75,8.0
SC,2017-01-23/2017-01-29,1,8,8,1000000,50000,4,0.49999999999999994,0.8660254037844387,0.4647231720437685,0.8854560256532099,0.33333333333333326,7.0,6.0,5.0,1.0,,3.25,4.2,4.2,6.0
SC,2017-01-30/2017-02-05,1,6,6,1000000,50000,5,0.49999999999999994,0.8660254037844387,0.5680647467311558,0.8229838658936564,-0.25,5.0,8.0,6.0,1.0,,5.0,4.833333333333333,4.833333333333333,9.0
SC,2017-01-30/2017-02-05,2,9,9,1000000,50000,5,0.8660254037844386,0.5000000000000001,0.5680647467311558,0.8229838658936564,0.5,0.8,6.0,8.0,5.0,,6.25,5.0,5.0,22.0
SC,2017-02-06/2017-02-12,2,22,22,1000000,50000,6,0.8660254037844386,0.5000000000000001,0.6631226582407952,0.7485107481711011,1.4444444444444446,2.6666666666666665,9.0,6.0,6.0,8.0,7.25,5.5,5.5,10.0
SC,2017-02-13/2017-02-19,2,10,10,1000000,50000,7,0.8660254037844386,0.5000000000000001,0.7485107481711011,0.6631226582407953,-0.5454545454545454,0.25,22.0,9.0,8.0,1.0,11.25,7.25,7.333333333333333,11.0
SC,2017-02-20/2017-02-26,2,11,11,1000000,50000,8,0.8660254037844386,0.5000000000000001,0.8229838658936564,0.5680647467311559,0.10000000000000009,0.8333333333333333,10.0,22.0,6.0,1.0,11.75,8.375,7.6,5.0
SC,2017-02-27/2017-03-05,2,5,5,1000000,50000,9,0.8660254037844386,0.5000000000000001,0.8854560256532099,0.4647231720437686,-0.5454545454545454,-0.4444444444444444,11.0,10.0,9.0,5.0,13.0,9.625,7.909090909090909,15.0
SC,2017-02-27/2017-03-05,3,15,15,1000000,50000,9,1.0,6.123233995736766e-17,0.8854560256532099,0.4647231720437686,2.0,-0.31818181818181823,5.0,11.0,22.0,6.0,12.0,9.625,7.666666666666667,14.0
SC,2017-03-06/2017-03-12,3,14,14,1000000,50000,10,1.0,6.123233995736766e-17,0.9350162426854148,0.35460488704253557,-0.06666666666666665,0.3999999999999999,15.0,5.0,10.0,8.0,10.25,10.75,8.25,30.0
SC,2017-03-13/2017-03-19,3,30,30,1000000,50000,11,1.0,6.123233995736766e-17,0.970941817426052,0.23931566428755804,1.1428571428571428,1.727272727272727,14.0,15.0,11.0,6.0,11.25,11.5,9.333333333333334,18.0
SC,2017-03-20/2017-03-26,3,18,18,1000000,50000,12,1.0,6.123233995736766e-17,0.992708874098054,0.120536680255323,-0.4,2.6,30.0,14.0,5.0,9.0,16.0,14.5,11.75,27.0
SC,2017-03-27/2017-04-02,3,27,27,1000000,50000,13,1.0,6.123233995736766e-17,1.0,-1.6081226496766364e-16,0.5,0.8,18.0,30.0,15.0,22.0,19.25,15.625,12.833333333333334,2.0
SC,2017-03-27/2017-04-02,4,2,2,1000000,50000,13,0.8660254037844387,-0.4999999999999998,1.0,-1.6081226496766364e-16,-0.9259259259259259,-0.8571428571428572,27.0,18.0,14.0,10.0,22.25,16.25,14.583333333333334,23.0
SC,2017-04-03/2017-04-09,4,23,23,1000000,50000,14,0.8660254037844387,-0.4999999999999998,0.992708874098054,-0.12053668025532288,10.5,-0.23333333333333328,2.0,27.0,30.0,11.0,19.25,15.25,14.083333333333334,16.0
SC,2017-04-10/2017-04-16,4,16,16,1000000,50000,15,0.8660254037844387,-0.4999999999999998,0.9709418174260521,-0.2393156642875575,-0.30434782608695654,-0.11111111111111116,23.0,2.0,18.0,5.0,17.5,16.75,15.5,27.0
SC,2017-04-17/2017-04-23,4,27,27,1000000,50000,16,0.8660254037844387,-0.4999999999999998,0.9350162426854148,-0.35460488704253545,0.6875,0.0,16.0,23.0,27.0,15.0,17.0,18.125,16.083333333333332,32.0
SC,2017-04-24/2017-04-30,4,32,32,1000000,50000,17,0.8660254037844387,-0.4999999999999998,0.8854560256532099,-0.4647231720437685,0.18518518518518512,15.0,27.0,16.0,2.0,14.0,17.0,19.625,16.5,35.0
SC,2017-05-01/2017-05-07,5,35,35,1000000,50000,18,0.49999999999999994,-0.8660254037844387,0.8229838658936565,-0.5680647467311557,0.09375,0.5217391304347827,32.0,27.0,23.0,30.0,24.5,21.875,18.333333333333332,25.0
SC,2017-05-08/2017-05-14,5,25,25,1000000,50000,19,0.49999999999999994,-0.8660254037844387,0.7485107481711013,-0.663122658240795,-0.2857142857142857,0.5625,35.0,32.0,16.0,18.0,27.5,22.5,20.333333333333332,43.0
SC,2017-05-15/2017-05-21,5,43,43,1000000,50000,20,0.49999999999999994,-0.8660254037844387,0.6631226582407952,-0.7485107481711012,0.72,0.5925925925925926,25.0,35.0,27.0,27.0,29.75,23.375,22.0,31.0
SC,2017-05-22/2017-05-28,5,31,31,1000000,50000,21,0.49999999999999994,-0.8660254037844387,0.5680647467311558,-0.8229838658936564,-0.2790697674418605,-0.03125,43.0,25.0,32.0,2.0,33.75,25.375,24.333333333333332,12.0
SC,2017-05-29/2017-06-04,5,12,12,1000000,50000,22,0.49999999999999994,-0.8660254037844387,0.46472317204376906,-0.8854560256532096,-0.6129032258064516,-0.6571428571428571,31.0,43.0,35.0,23.0,33.5,29.0,25.75,11.0
SC,2017-05-29/2017-06-04,6,11,11,1000000,50000,22,1.2246467991473532e-16,-1.0,0.46472317204376906,-0.8854560256532096,-0.08333333333333337,-0.56,12.0,31.0,25.0,16.0,27.75,27.625,24.25,42.0
SC,2017-06-05/2017-06-11,6,42,42,1000000,50000,23,1.2246467991473532e-16,-1.0,0.35460488704253584,-0.9350162426854147,2.8181818181818183,-0.023255813953488413,11.0,12.0,43.0,27.0,24.25,27.0,23.666666666666668,25.0
SC,2017-06-12/2017-06-18,6,25,25,1000000,50000,24,1.2246467991473532e-16,-1.0,0.23931566428755768,-0.970941817426052,-0.40476190476190477,-0.19354838709677424,42.0,11.0,31.0,32.0,24.0,28.875,24.916666666666668,15.0
SC,2017-06-19/2017-06-25,6,15,15,1000000,50000,25,1.2246467991473532e-16,-1.0,0.12053668025532308,-0.992708874098054,-0.4,0.25,25.0,42.0,12.0,35.0,22.5,28.0,26.833333333333332,16.0
SC,2017-06-26/2017-07-02,6,16,16,1000000,50000,26,1.2246467991473532e-16,-1.0,-3.216245299353273e-16,-1.0,0.06666666666666665,0.4545454545454546,15.0,25.0,11.0,25.0,23.25,25.5,26.166666666666668,6.0
SC,2017-06-26/2017-07-02,7,6,6,1000000,50000,26,-0.4999999999999997,-0.8660254037844388,-3.216245299353273e-16,-1.0,-0.625,-0.8571428571428572,16.0,15.0,42.0,43.0,24.5,24.375,26.166666666666668,37.0
SC,2017-07-03/2017-07-09,7,37,37,1000000,50000,27,-0.4999999999999997,-0.8660254037844388,-0.12053668025532283,-0.992708874098054,5.166666666666667,0.48,6.0,16.0,25.0,31.0,15.5,19.75,24.416666666666668,37.0
SC,2017-07-10/2017-07-16,7,37,37,1000000,50000,28,-0.4999999999999997,-0.8660254037844388,-0.23931566428755743,-0.9709418174260521,0.0,1.4666666666666668,37.0,6.0,15.0,12.0,18.5,20.5,24.833333333333332,28.0
SC,2017-07-17/2017-07-23,7,28,28,1000000,50000,29,-0.4999999999999997,-0.8660254037844388,-0.3546048870425356,-0.9350162426854148,-0.2432432432432432,0.75,37.0,37.0,16.0,11.0,24.0,23.625,25.0,39.0
SC,2017-07-24/2017-07-30,7,39,39,1000000,50000,30,-0.4999999999999997,-0.8660254037844388,-0.46472317204376806,-0.8854560256532101,0.3928571428571428,5.5,28.0,37.0,6.0,42.0,27.0,25.75,25.25,5.0
SC,2017-07-31/2017-08-06,7,5,5,1000000,50000,31,-0.4999999999999997,-0.8660254037844388,-0.5680647467311556,-0.8229838658936565,-0.8717948717948718,-0.8648648648648649,39.0,28.0,37.0,25.0,35.25,25.375,24.916666666666668,35.0
SC,2017-07-31/2017-08-06,8,35,35,1000000,50000,31,-0.8660254037844384,-0.5000000000000004,-0.5680647467311556,-0.8229838658936565,6.0,-0.05405405405405406,5.0,39.0,37.0,15.0,27.25,22.875,22.75,27.0
SC,2017-08-07/2017-08-13,8,27,27,1000000,50000,32,-0.8660254037844384,-0.5000000000000004,-0.663122658240795,-0.7485107481711013,-0.22857142857142854,-0.0357142857142857,35.0,5.0,28.0,16.0,26.75,25.375,24.666666666666668,37.0
SC,2017-08-14/2017-08-20,8,37,37,1000000,50000,33,-0.8660254037844384,-0.5000000000000004,-0.7485107481711011,-0.6631226582407952,0.37037037037037046,-0.05128205128205132,27.0,35.0,39.0,6.0,26.5,26.75,26.0,29.0
SC,2017-08-21/2017-08-27,8,29,29,1000000,50000,34,-0.8660254037844384,-0.5000000000000004,-0.8229838658936564,-0.5680647467311559,-0.21621621621621623,4.8,37.0,27.0,5.0,37.0,26.0,30.625,25.583333333333332,24.0
SC,2017-08-28/2017-09-03,8,24,24,1000000,50000,35,-0.8660254037844384,-0.5000000000000004,-0.8854560256532096,-0.4647231720437691,-0.1724137931034483,-0.3142857142857143,29.0,37.0,35.0,37.0,32.0,29.625,25.916666666666668,11.0
SC,2017-08-28/2017-09-03,9,11,11,1000000,50000,35,-1.0,-1.8369701987210297e-16,-0.8854560256532096,-0.4647231720437691,-0.5416666666666667,-0.5925925925925926,24.0,29.0,27.0,28.0,29.25,28.0,26.666666666666668,34.0
SC,2017-09-04/2017-09-10,9,34,34,1000000,50000,36,-1.0,-1.8369701987210297e-16,-0.9350162426854147,-0.3546048870425359,2.090909090909091,-0.08108108108108103,11.0,24.0,37.0,39.0,25.25,25.875,26.25,42.0
SC,2017-09-11/2017-09-17,9,42,42,1000000,50000,37,-1.0,-1.8369701987210297e-16,-0.970941817426052,-0.23931566428755774,0.23529411764705888,0.4482758620689655,34.0,11.0,29.0,5.0,24.5,25.25,28.583333333333332,36.0
SC,2017-09-18/2017-09-24,9,36,36,1000000,50000,38,-1.0,-1.8369701987210297e-16,-0.992708874098054,-0.12053668025532357,-0.1428571428571429,0.5,42.0,34.0,24.0,35.0,27.75,29.875,29.0,30.0
SC,2017-09-25/2017-10-01,9,30,30,1000000,50000,39,-1.0,-1.8369701987210297e-16,-1.0,-1.8369701987210297e-16,-0.16666666666666663,1.727272727272727,36.0,42.0,11.0,27.0,30.75,30.0,28.916666666666668,5.0
SC,2017-09-25/2017-10-01,10,5,5,1000000,50000,39,-0.8660254037844386,0.5000000000000001,-1.0,-1.8369701987210297e-16,-0.8333333333333334,-0.8529411764705882,30.0,36.0,34.0,37.0,35.5,30.375,29.083333333333332,33.0
SC,2017-10-02/2017-10-08,10,33,33,1000000,50000,40,-0.8660254037844386,0.5000000000000001,-0.992708874098054,0.1205366802553232,5.6,-0.2142857142857143,5.0,30.0,42.0,29.0,28.25,26.375,26.25,43.0
SC,2017-10-09/2017-10-15,10,43,43,1000000,50000,41,-0.8660254037844386,0.5000000000000001,-0.9709418174260521,0.23931566428755738,0.303030303030303,0.19444444444444442,33.0,5.0,36.0,24.0,26.0,26.875,28.583333333333332,33.0
SC,2017-10-16/2017-10-22,10,33,33,1000000,50000,42,-0.8660254037844386,0.5000000000000001,-0.9350162426854148,0.35460488704253557,-0.2325581395348837,0.10000000000000009,43.0,33.0,30.0,11.0,27.75,29.25,29.25,46.0
SC,2017-10-23/2017-10-29,10,46,46,1000000,50000,43,-0.8660254037844386,0.5000000000000001,-0.8854560256532101,0.464723172043768,0.39393939393939403,8.2,33.0,43.0,5.0,34.0,28.5,32.0,29.75,14.0
SC,2017-10-30/2017-11-05,10,14,14,1000000,50000,44,-0.8660254037844386,0.5000000000000001,-0.822983865893657,0.5680647467311548,-0.6956521739130435,-0.5757575757575757,46.0,33.0,33.0,42.0,38.75,33.5,30.5,21.0
SC,2017-10-30/2017-11-05,11,21,21,1000000,50000,44,-0.5000000000000004,0.8660254037844384,-0.822983865893657,0.5680647467311548,0.5,-0.5116279069767442,14.0,46.0,43.0,36.0,34.0,30.0,29.25,52.0
SC,2017-11-06/2017-11-12,11,52,52,1000000,50000,45,-0.5000000000000004,0.8660254037844384,-0.7485107481711011,0.6631226582407952,1.4761904761904763,0.5757575757575757,21.0,14.0,33.0,30.0,28.5,28.125,29.0,48.0
SC,2017-11-13/2017-11-19,11,48,48,1000000,50000,46,-0.5000000000000004,0.8660254037844384,-0.6631226582407955,0.7485107481711007,-0.07692307692307687,0.04347826086956519,52.0,21.0,46.0,5.0,33.25,30.875,32.416666666666664,121.0
SC,2017-11-20/2017-11-26,11,121,121,1000000,50000,47,-0.5000000000000004,0.8660254037844384,-0.5680647467311559,0.8229838658936564,1.5208333333333335,7.642857142857142,48.0,52.0,14.0,33.0,33.75,36.25,33.583333333333336,46.0
SC,2017-11-27/2017-12-03,11,46,46,1000000,50000,48,-0.5000000000000004,0.8660254037844384,-0.4647231720437684,0.88545602565321,-0.6198347107438016,1.1904761904761907,121.0,48.0,21.0,43.0,60.5,47.25,40.166666666666664,21.0
SC,2017-11-27/2017-12-03,12,21,21,1000000,50000,48,-2.4492935982947064e-16,1.0,-0.4647231720437684,0.88545602565321,-0.5434782608695652,-0.5961538461538461,46.0,121.0,52.0,33.0,66.75,47.625,41.0,55.0
SC,2017-12-04/2017-12-10,12,55,55,1000000,50000,49,-2.4492935982947064e-16,1.0,-0.35460488704253595,0.9350162426854147,1.619047619047619,0.14583333333333326,21.0,46.0,48.0,46.0,59.0,46.125,40.25,53.0
SC,2017-12-11/2017-12-17,12,53,53,1000000,50000,50,-2.4492935982947064e-16,1.0,-0.2393156642875578,0.970941817426052,-0.036363636363636376,-0.5619834710743802,55.0,21.0,121.0,14.0,60.75,47.25,44.416666666666664,25.0
SC,2017-12-18/2017-12-24,12,25,25,1000000,50000,51,-2.4492935982947064e-16,1.0,-0.12053668025532363,0.992708874098054,-0.5283018867924528,-0.4565217391304348,53.0,55.0,46.0,21.0,43.75,52.125,46.083333333333336,38.0
SC,2017-12-25/2017-12-31,12,38,38,1000000,50000,52,-2.4492935982947064e-16,1.0,6.432490598706546e-16,1.0,0.52,0.8095238095238095,25.0,53.0,21.0,52.0,38.5,52.625,44.583333333333336,58.0
SC,2018-01-01/2018-01-07,1,58,58,1000000,50000,1,0.49999999999999994,0.8660254037844387,0.12053668025532305,0.992708874098054,0.5263157894736843,0.05454545454545445,38.0,25.0,55.0,48.0,42.75,50.875,45.0,77.0
SC,2018-01-08/2018-01-14,1,77,77,1000000,50000,2,0.49999999999999994,0.8660254037844387,0.23931566428755774,0.970941817426052,0.3275862068965518,0.4528301886792452,58.0,38.0,53.0,121.0,43.5,52.125,46.0,77.0
SC,2018-01-15/2018-01-21,1,77,77,1000000,50000,3,0.49999999999999994,0.8660254037844387,0.3546048870425356,0.9350162426854148,0.0,2.08,77.0,58.0,25.0,46.0,49.5,46.625,51.25,63.0
SC,2018-01-22/2018-01-28,1,63,63,1000000,50000,4,0.49999999999999994,0.8660254037844387,0.4647231720437685,0.8854560256532099,-0.18181818181818177,0.6578947368421053,77.0,77.0,38.0,21.0,62.5,50.5,55.916666666666664,36.0
SC,2018-01-29/2018-02-04,1,36,36,1000000,50000,5,0.49999999999999994,0.8660254037844387,0.5680647467311558,0.8229838658936564,-0.4285714285714286,-0.3793103448275862,63.0,77.0,58.0,55.0,68.75,55.75,56.833333333333336,35.0
SC,2018-01-29/2018-02-04,2,35,35,1000000,50000,5,0.8660254037844386,0.5000000000000001,0.5680647467311558,0.8229838658936564,-0.02777777777777779,-0.5454545454545454,36.0,63.0,77.0,53.0,63.25,53.375,55.833333333333336,54.0
SC,2018-02-05/2018-02-11,2,54,54,1000000,50000,6,0.8660254037844386,0.5000000000000001,0.6631226582407952,0.7485107481711011,0.5428571428571429,-0.2987012987012987,35.0,36.0,77.0,25.0,52.75,51.125,48.666666666666664,68.0
SC,2018-02-12/2018-02-18,2,68,68,1000000,50000,7,0.8660254037844386,0.5000000000000001,0.7485107481711011,0.6631226582407953,0.2592592592592593,0.0793650793650793,54.0,35.0,63.0,38.0,47.0,54.75,49.333333333333336,67.0
SC,2018-02-19/2018-02-25,2,67,67,1000000,50000,8,0.8660254037844386,0.5000000000000001,0.8229838658936564,0.5680647467311559,-0.014705882352941124,0.8611111111111112,68.0,54.0,36.0,58.0,48.25,58.5,53.25,30.0
SC,2018-02-26/2018-03-04,2,30,30,1000000,50000,9,0.8660254037844386,0.5000000000000001,0.8854560256532099,0.4647231720437686,-0.5522388059701493,-0.1428571428571429,67.0,68.0,35.0,77.0,56.0,59.625,54.25,41.0
SC,2018-02-26/2018-03-04,3,41,41,1000000,50000,9,1.0,6.123233995736766e-17,0.8854560256532099,0.4647231720437686,0.3666666666666667,-0.2407407407407407,30.0,67.0,54.0,77.0,54.75,53.75,52.333333333333336,56.0
SC,2018-03-05/2018-03-11,3,56,56,1000000,50000,10,1.0,6.123233995736766e-17,0.9350162426854148,0.35460488704253557,0.36585365853658547,-0.17647058823529416,41.0,30.0,68.0,63.0,51.5,49.25,53.666666666666664,48.0
SC,2018-03-12/2018-03-18,3,48,48,1000000,50000,11,1.0,6.123233995736766e-17,0.970941817426052,0.23931566428755804,-0.1428571428571429,-0.28358208955223885,56.0,41.0,67.0,36.0,48.5,48.375,55.166666666666664,65.0
SC,2018-03-19/2018-03-25,3,65,65,1000000,50000,12,1.0,6.123233995736766e-17,0.992708874098054,0.120536680255323,0.35416666666666674,1.1666666666666665,48.0,56.0,30.0,35.0,43.75,49.875,54.333333333333336,37.0
SC,2018-03-26/2018-04-01,3,37,37,1000000,50000,13,1.0,6.123233995736766e-17,1.0,-1.6081226496766364e-16,-0.4307692307692308,-0.09756097560975607,65.0,48.0,41.0,54.0,52.5,53.625,53.333333333333336,8.0
SC,2018-03-26/2018-04-01,4,8,8,1000000,50000,13,0.8660254037844387,-0.4999999999999998,1.0,-1.6081226496766364e-16,-0.7837837837837838,-0.8571428571428572,37.0,65.0,56.0,68.0,51.5,51.5,50.0,45.0
SC,2018-04-02/2018-04-08,4,45,45,1000000,50000,14,0.8660254037844387,-0.4999999999999998,0.992708874098054,-0.12053668025532288,4.625,-0.0625,8.0,37.0,48.0,67.0,39.5,44.0,45.416666666666664,53.0
SC,2018-04-09/2018-04-15,4,53,53,1000000,50000,15,0.8660254037844387,-0.4999999999999998,0.9709418174260521,-0.2393156642875575,0.1777777777777778,-0.18461538461538463,45.0,8.0,65.0,30.0,38.75,41.25,46.166666666666664,62.0
SC,2018-04-16/2018-04-22,4,62,62,1000000,50000,16,0.8660254037844387,-0.4999999999999998,0.9350162426854148,-0.35460488704253545,0.16981132075471694,0.6756756756756757,53.0,45.0,37.0,41.0,35.75,44.125,47.666666666666664,68.0
SC,2018-04-23/2018-04-29,4,68,68,1000000,50000,17,0.8660254037844387,-0.4999999999999998,0.8854560256532099,-0.4647231720437685,0.09677419354838701,7.5,62.0,53.0,8.0,56.0,42.0,46.75,48.333333333333336,9.0
SC,2018-04-30/2018-05-06,4,9,9,1000000,50000,18,0.8660254037844387,-0.4999999999999998,0.8229838658936565,-0.5680647467311557,-0.8676470588235294,-0.8,68.0,62.0,45.0,48.0,57.0,48.25,48.333333333333336,48.0
SC,2018-04-30/2018-05-06,5,48,48,1000000,50000,18,0.49999999999999994,-0.8660254037844387,0.8229838658936565,-0.5680647467311557,4.333333333333333,-0.09433962264150941,9.0,68.0,53.0,65.0,48.0,43.375,43.5,72.0
SC,2018-05-07/2018-05-13,5,72,72,1000000,50000,19,0.49999999999999994,-0.8660254037844387,0.7485107481711013,-0.663122658240795,0.5,0.16129032258064524,48.0,9.0,62.0,37.0,46.75,41.25,45.0,58.0
SC,2018-05-14/2018-05-20,5,58,58,1000000,50000,20,0.49999999999999994,-0.8660254037844387,0.6631226582407952,-0.7485107481711012,-0.19444444444444442,-0.1470588235294118,72.0,48.0,68.0,8.0,49.25,45.625,47.583333333333336,35.0
SC,2018-05-21/2018-05-27,5,35,35,1000000,50000,21,0.49999999999999994,-0.8660254037844387,0.5680647467311558,-0.8229838658936564,-0.39655172413793105,2.888888888888889,58.0,72.0,9.0,45.0,46.75,51.875,47.75,13.0
SC,2018-05-28/2018-06-03,5,13,13,1000000,50000,22,0.49999999999999994,-0.8660254037844387,0.46472317204376906,-0.8854560256532096,-0.6285714285714286,-0.7291666666666667,35.0,58.0,48.0,53.0,53.25,50.625,46.666666666666664,11.0
SC,2018-05-28/2018-06-03,6,11,11,1000000,50000,22,1.2246467991473532e-16,-1.0,0.46472317204376906,-0.8854560256532096,-0.15384615384615385,-0.8472222222222222,13.0,35.0,72.0,62.0,44.5,45.625,42.333333333333336,53.0
SC,2018-06-04/2018-06-10,6,53,53,1000000,50000,23,1.2246467991473532e-16,-1.0,0.35460488704253584,-0.9350162426854147,3.8181818181818183,-0.08620689655172409,11.0,13.0,58.0,68.0,29.25,39.25,40.166666666666664,47.0
SC,2018-06-11/2018-06-17,6,47,47,1000000,50000,24,1.2246467991473532e-16,-1.0,0.23931566428755768,-0.970941817426052,-0.1132075471698113,0.34285714285714275,53.0,11.0,35.0,9.0,28.0,37.375,43.916666666666664,55.0
SC,2018-06-18/2018-06-24,6,55,55,1000000,50000,25,1.2246467991473532e-16,-1.0,0.12053668025532308,-0.992708874098054,0.17021276595744683,3.230769230769231,47.0,53.0,13.0,48.0,31.0,42.125,44.083333333333336,39.0
SC,2018-06-25/2018-07-01,6,39,39,1000000,50000,26,1.2246467991473532e-16,-1.0,-3.216245299353273e-16,-1.0,-0.2909090909090909,2.5454545454545454,55.0,47.0,11.0,72.0,41.5,43.0,44.25,9.0
SC,2018-06-25/2018-07-01,7,9,9,1000000,50000,26,-0.4999999999999997,-0.8660254037844388,-3.216245299353273e-16,-1.0,-0.7692307692307692,-0.8301886792452831,39.0,55.0,53.0,58.0,48.5,38.875,42.333333333333336,38.0
SC,2018-07-02/2018-07-08,7,38,38,1000000,50000,27,-0.4999999999999997,-0.8660254037844388,-0.12053668025532283,-0.992708874098054,3.2222222222222223,-0.19148936170212771,9.0,39.0,47.0,35.0,37.5,32.75,37.416666666666664,37.0
SC,2018-07-09/2018-07-15,7,37,37,1000000,50000,28,-0.4999999999999997,-0.8660254037844388,-0.23931566428755743,-0.9709418174260521,-0.02631578947368418,-0.32727272727272727,38.0,9.0,55.0,13.0,35.25,33.125,39.833333333333336,52.0
SC,2018-07-16/2018-07-22,7,52,52,1000000,50000,29,-0.4999999999999997,-0.8660254037844388,-0.3546048870425356,-0.9350162426854148,0.4054054054054055,0.33333333333333326,37.0,38.0,39.0,11.0,30.75,36.125,38.916666666666664,48.0
SC,2018-07-23/2018-07-29,7,48,48,1000000,50000,30,-0.4999999999999997,-0.8660254037844388,-0.46472317204376806,-0.8854560256532101,-0.07692307692307687,4.333333333333333,52.0,37.0,9.0,53.0,34.0,41.25,37.25,11.0
SC,2018-07-30/2018-08-05,7,11,11,1000000,50000,31,-0.4999999999999997,-0.8660254037844388,-0.5680647467311556,-0.8229838658936565,-0.7708333333333334,-0.7105263157894737,48.0,52.0,38.0,47.0,43.75,40.625,36.416666666666664,36.0
SC,2018-07-30/2018-08-05,8,36,36,1000000,50000,31,-0.8660254037844384,-0.5000000000000004,-0.5680647467311556,-0.8229838658936565,2.272727272727273,-0.027027027027026973,11.0,48.0,37.0,55.0,37.0,36.125,34.416666666666664,72.0
SC,2018-08-06/2018-08-12,8,72,72,1000000,50000,32,-0.8660254037844384,-0.5000000000000004,-0.663122658240795,-0.7485107481711013,1.0,0.3846153846153846,36.0,11.0,52.0,39.0,36.75,33.75,36.333333333333336,67.0
SC,2018-08-13/2018-08-19,8,67,67,1000000,50000,33,-0.8660254037844384,-0.5000000000000004,-0.7485107481711011,-0.6631226582407952,-0.06944444444444442,0.39583333333333326,72.0,36.0,48.0,9.0,41.75,37.875,41.416666666666664,25.0
SC,2018-08-20/2018-08-26,8,25,25,1000000,50000,34,-0.8660254037844384,-0.5000000000000004,-0.8229838658936564,-0.5680647467311559,-0.6268656716417911,1.272727272727273,67.0,72.0,11.0,38.0,46.5,45.125,42.583333333333336,1.0
SE,2016-10-03/2016-10-09,10,1,1,1000000,50000,40,-0.8660254037844386,0.5000000000000001,-0.992708874098054,0.1205366802553232,0.0,0.0,,,,,,,,2.0
SE,2016-10-10/2016-10-16,10,2,2,1000000,50000,41,-0.8660254037844386,0.5000000000000001,-0.9709418174260521,0.23931566428755738,1.0,0.0,1.0,,,,,,,1.0
SE,2017-01-09/2017-01-15,1,1,1,1000000,50000,2,0.49999999999999994,0.8660254037844387,0.23931566428755774,0.970941817426052,-0.5,0.0,2.0,1.0,,,1.5,1.5,1.5,1.0
SE,2017-01-23/2017-01-29,1,1,1,1000000,50000,4,0.49999999999999994,0.8660254037844387,0.4647231720437685,0.8854560256532099,0.0,0.0,1.0,2.0,,,1.3333333333333333,1.3333333333333333,1.3333333333333333,2.0
SE,2017-01-30/2017-02-05,1,2,2,1000000,50000,5,0.49999999999999994,0.8660254037844387,0.5680647467311558,0.8229838658936564,1.0,1.0,1.0,1.0,1.0,,1.25,1.25,1.25,3.0
SE,2017-01-30/2017-02-05,2,3,3,1000000,50000,5,0.8660254037844386,0.5000000000000001,0.5680647467311558,0.8229838658936564,0.5,0.5,2.0,1.0,2.0,,1.5,1.4,1.4,4.0
SE,2017-02-06/2017-02-12,2,4,4,1000000,50000,6,0.8660254037844386,0.5000000000000001,0.6631226582407952,0.7485107481711011,0.33333333333333326,3.0,3.0,2.0,1.0,,1.75,1.6666666666666667,1.6666666666666667,1.0
SE,2017-02-13/2017-02-19,2,1,1,1000000,50000,7,0.8660254037844386,0.5000000000000001,0.7485107481711011,0.6631226582407953,-0.75,0.0,4.0,3.0,1.0,,2.5,2.0,2.0,4.0
SE,2017-02-20/2017-02-26,2,4,4,1000000,50000,8,0.8660254037844386,0.5000000000000001,0.8229838658936564,0.5680647467311559,3.0,1.0,1.0,4.0,2.0,1.0,2.5,1.875,1.875,3.0
SE,2017-02-27/2017-03-05,3,3,3,1000000,50000,9,1.0,6.123233995736766e-17,0.8854560256532099,0.4647231720437686,-0.25,0.0,4.0,1.0,3.0,2.0,3.0,2.25,2.111111111111111,6.0
SE,2017-03-06/2017-03-12,3,6,6,1000000,50000,10,1.0,6.123233995736766e-17,0.9350162426854148,0.35460488704253557,1.0,0.5,3.0,4.0,4.0,1.0,3.0,2.375,2.2,5.0
SE,2017-03-13/2017-03-19,3,5,5,1000000,50000,11,1.0,6.123233995736766e-17,0.970941817426052,0.23931566428755804,-0.16666666666666663,4.0,6.0,3.0,1.0,1.0,3.5,3.0,2.5454545454545454,6.0
SE,2017-03-20/2017-03-26,3,6,6,1000000,50000,12,1.0,6.123233995736766e-17,0.992708874098054,0.120536680255323,0.19999999999999996,0.5,5.0,6.0,4.0,2.0,4.5,3.5,2.75,2.0
SE,2017-03-27/2017-04-02,3,2,2,1000000,50000,13,1.0,6.123233995736766e-17,1.0,-1.6081226496766364e-16,-0.6666666666666667,-0.33333333333333337,6.0,5.0,3.0,3.0,5.0,4.0,3.1666666666666665,2.0
SE,2017-03-27/2017-04-02,4,2,2,1000000,50000,13,0.8660254037844387,-0.4999999999999998,1.0,-1.6081226496766364e-16,0.0,-0.6666666666666667,2.0,6.0,6.0,4.0,4.75,3.875,3.1666666666666665,1.0
SE,2017-04-03/2017-04-09,4,1,1,1000000,50000,14,0.8660254037844387,-0.4999999999999998,0.992708874098054,-0.12053668025532288,-0.5,-0.8,2.0,2.0,5.0,1.0,3.75,3.625,3.25,4.0
SE,2017-04-10/2017-04-16,4,4,4,1000000,50000,15,0.8660254037844387,-0.4999999999999998,0.9709418174260521,-0.2393156642875575,3.0,-0.33333333333333337,1.0,2.0,6.0,4.0,2.75,3.625,3.25,3.0
SE,2017-04-17/2017-04-23,4,3,3,1000000,50000,16,0.8660254037844387,-0.4999999999999998,0.9350162426854148,-0.35460488704253545,-0.25,0.5,4.0,1.0,2.0,3.0,2.25,3.625,3.4166666666666665,3.0
SE,2017-04-24/2017-04-30,4,3,3,1000000,50000,17,0.8660254037844387,-0.4999999999999998,0.8854560256532099,-0.4647231720437685,0.0,0.5,3.0,4.0,2.0,6.0,2.5,3.625,3.4166666666666665,4.0
SE,2017-05-01/2017-05-07,5,4,4,1000000,50000,18,0.49999999999999994,-0.8660254037844387,0.8229838658936565,-0.5680647467311557,0.33333333333333326,3.0,3.0,3.0,1.0,5.0,2.75,3.25,3.3333333333333335,5.0
SE,2017-05-08/2017-05-14,5,5,5,1000000,50000,19,0.49999999999999994,-0.8660254037844387,0.7485107481711013,-0.663122658240795,0.25,0.25,4.0,3.0,4.0,6.0,3.5,3.125,3.5833333333333335,1.0
SE,2017-05-15/2017-05-21,5,1,1,1000000,50000,20,0.49999999999999994,-0.8660254037844387,0.6631226582407952,-0.7485107481711012,-0.8,-0.6666666666666667,5.0,4.0,3.0,2.0,3.75,3.0,3.6666666666666665,1.0
SE,2017-05-22/2017-05-28,5,1,1,1000000,50000,21,0.49999999999999994,-0.8660254037844387,0.5680647467311558,-0.8229838658936564,0.0,-0.6666666666666667,1.0,5.0,3.0,2.0,3.25,2.875,3.5,1.0
SE,2017-05-29/2017-06-04,6,1,1,1000000,50000,22,1.2246467991473532e-16,-1.0,0.46472317204376906,-0.8854560256532096,0.0,-0.75,1.0,1.0,4.0,1.0,2.75,2.75,3.0833333333333335,2.0
SE,2017-06-05/2017-06-11,6,2,2,1000000,50000,23,1.2246467991473532e-16,-1.0,0.35460488704253584,-0.9350162426854147,1.0,-0.6,1.0,1.0,5.0,4.0,2.0,2.75,2.75,2.0
SE,2017-06-12/2017-06-18,6,2,2,1000000,50000,24,1.2246467991473532e-16,-1.0,0.23931566428755768,-0.970941817426052,0.0,1.0,2.0,1.0,1.0,3.0,1.25,2.5,2.4166666666666665,1.0
SE,2017-06-19/2017-06-25,6,1,1,1000000,50000,25,1.2246467991473532e-16,-1.0,0.12053668025532308,-0.992708874098054,-0.5,0.0,2.0,2.0,1.0,3.0,1.5,2.375,2.4166666666666665,2.0
SE,2017-06-26/2017-07-02,6,2,2,1000000,50000,26,1.2246467991473532e-16,-1.0,-3.216245299353273e-16,-1.0,1.0,1.0,1.0,2.0,1.0,4.0,1.5,2.125,2.3333333333333335,1.0
SE,2017-06-26/2017-07-02,7,1,1,1000000,50000,26,-0.4999999999999997,-0.8660254037844388,-3.216245299353273e-16,-1.0,-0.5,-0.5,2.0,1.0,2.0,5.0,1.75,1.875,2.4166666666666665,1.0
SE,2017-07-03/2017-07-09,7,1,1,1000000,50000,27,-0.4999999999999997,-0.8660254037844388,-0.12053668025532283,-0.992708874098054,0.0,-0.5,1.0,2.0,2.0,1.0,1.5,1.375,2.1666666666666665,2.0
SE,2017-07-10/2017-07-16,7,2,2,1000000,50000,28,-0.4999999999999997,-0.8660254037844388,-0.23931566428755743,-0.9709418174260521,1.0,1.0,1.0,1.0,1.0,1.0,1.25,1.375,2.0,7.0
SE,2017-07-17/2017-07-23,7,7,7,1000000,50000,29,-0.4999999999999997,-0.8660254037844388,-0.3546048870425356,-0.9350162426854148,2.5,2.5,2.0,1.0,2.0,1.0,1.5,1.5,1.9166666666666667,2.0
SE,2017-07-24/2017-07-30,7,2,2,1000000,50000,30,-0.4999999999999997,-0.8660254037844388,-0.46472317204376806,-0.8854560256532101,-0.7142857142857143,1.0,7.0,2.0,1.0,2.0,2.75,2.25,2.1666666666666665,3.0
SE,2017-07-31/2017-08-06,8,3,3,1000000,50000,31,-0.8660254037844384,-0.5000000000000004,-0.5680647467311556,-0.8229838658936565,0.5,2.0,2.0,7.0,1.0,2.0,3.0,2.25,1.9166666666666667,5.0
SE,2017-08-07/2017-08-13,8,5,5,1000000,50000,32,-0.8660254037844384,-0.5000000000000004,-0.663122658240795,-0.7485107481711013,0.6666666666666667,1.5,3.0,2.0,2.0,1.0,3.5,2.375,2.0833333333333335,4.0
SE,2017-08-14/2017-08-20,8,4,4,1000000,50000,33,-0.8660254037844384,-0.5000000000000004,-0.7485107481711011,-0.6631226582407952,-0.19999999999999996,-0.4285714285714286,5.0,3.0,7.0,2.0,4.25,2.875,2.4166666666666665,1.0
SE,2017-08-21/2017-08-27,8,1,1,1000000,50000,34,-0.8660254037844384,-0.5000000000000004,-0.8229838658936564,-0.5680647467311559,-0.75,-0.5,4.0,5.0,2.0,1.0,3.5,3.125,2.6666666666666665,6.0
SE,2017-08-28/2017-09-03,8,6,6,1000000,50000,35,-0.8660254037844384,-0.5000000000000004,-0.8854560256532096,-0.4647231720437691,5.0,1.0,1.0,4.0,3.0,1.0,3.25,3.125,2.5833333333333335,1.0
SE,2017-08-28/2017-09-03,9,1,1,1000000,50000,35,-1.0,-1.8369701987210297e-16,-0.8854560256532096,-0.4647231720437691,-0.8333333333333334,-0.8,6.0,1.0,5.0,2.0,4.0,3.75,2.9166666666666665,3.0
SE,2017-09-04/2017-09-10,9,3,3,1000000,50000,36,-1.0,-1.8369701987210297e-16,-0.9350162426854147,-0.3546048870425359,2.0,-0.25,1.0,6.0,4.0,7.0,3.0,3.625,2.9166666666666665,2.0
SE,2017-09-11/2017-09-17,9,2,2,1000000,50000,37,-1.0,-1.8369701987210297e-16,-0.970941817426052,-0.23931566428755774,-0.33333333333333337,1.0,3.0,1.0,1.0,2.0,2.75,3.125,3.0,5.0
SE,2017-09-18/2017-09-24,9,5,5,1000000,50000,38,-1.0,-1.8369701987210297e-16,-0.992708874098054,-0.12053668025532357,1.5,-0.16666666666666663,2.0,3.0,6.0,3.0,3.0,3.125,3.0833333333333335,5.0
SE,2017-09-25/2017-10-01,9,5,5,1000000,50000,39,-1.0,-1.8369701987210297e-16,-1.0,-1.8369701987210297e-16,0.0,4.0,5.0,2.0,1.0,5.0,2.75,3.375,3.4166666666666665,5.0
SE,2017-10-02/2017-10-08,10,5,5,1000000,50000,40,-0.8660254037844386,0.5000000000000001,-0.992708874098054,0.1205366802553232,0.0,0.6666666666666667,5.0,5.0,3.0,4.0,3.75,3.375,3.6666666666666665,7.0
SE,2017-10-09/2017-10-15,10,7,7,1000000,50000,41,-0.8660254037844386,0.5000000000000001,-0.9709418174260521,0.23931566428755738,0.3999999999999999,2.5,5.0,5.0,2.0,1.0,4.25,3.5,3.5,2.0
SE,2017-10-16/2017-10-22,10,2,2,1000000,50000,42,-0.8660254037844386,0.5000000000000001,-0.9350162426854148,0.35460488704253557,-0.7142857142857143,-0.6,7.0,5.0,5.0,6.0,5.5,4.25,3.9166666666666665,6.0
SE,2017-10-23/2017-10-29,10,6,6,1000000,50000,43,-0.8660254037844386,0.5000000000000001,-0.8854560256532101,0.464723172043768,2.0,0.19999999999999996,2.0,7.0,5.0,1.0,4.75,3.75,3.8333333333333335,2.0
SE,2017-10-30/2017-11-05,10,2,2,1000000,50000,44,-0.8660254037844386,0.5000000000000001,-0.822983865893657,0.5680647467311548,-0.6666666666666667,-0.6,6.0,2.0,5.0,3.0,5.0,4.375,3.9166666666666665,1.0
SE,2017-10-30/2017-11-05,11,1,1,1000000,50000,44,-0.5000000000000004,0.8660254037844384,-0.822983865893657,0.5680647467311548,-0.5,-0.8571428571428572,2.0,6.0,7.0,2.0,4.25,4.25,3.75,6.0
SE,2017-11-06/2017-11-12,11,6,6,1000000,50000,45,-0.5000000000000004,0.8660254037844384,-0.7485107481711011,0.6631226582407952,5.0,2.0,1.0,2.0,2.0,5.0,2.75,4.125,3.75,5.0
SE,2017-11-13/2017-11-19,11,5,5,1000000,50000,46,-0.5000000000000004,0.8660254037844384,-0.6631226582407955,0.7485107481711007,-0.16666666666666663,-0.16666666666666663,6.0,1.0,6.0,5.0,3.75,4.25,3.75,10.0
SE,2017-11-20/2017-11-26,11,10,10,1000000,50000,47,-0.5000000000000004,0.8660254037844384,-0.5680647467311559,0.8229838658936564,1.0,4.0,5.0,6.0,2.0,5.0,3.5,4.25,4.083333333333333,4.0
SE,2017-11-27/2017-12-03,11,4,4,1000000,50000,48,-0.5000000000000004,0.8660254037844384,-0.4647231720437684,0.88545602565321,-0.6,3.0,10.0,5.0,1.0,7.0,5.5,4.875,4.666666666666667,2.0
SE,2017-11-27/2017-12-03,12,2,2,1000000,50000,48,-2.4492935982947064e-16,1.0,-0.4647231720437684,0.88545602565321,-0.5,-0.6666666666666667,4.0,10.0,6.0,2.0,6.25,4.5,4.833333333333333,3.0
SE,2017-12-04/2017-12-10,12,3,3,1000000,50000,49,-2.4492935982947064e-16,1.0,-0.35460488704253595,0.9350162426854147,0.5,-0.4,2.0,4.0,5.0,6.0,5.25,4.5,4.583333333333333,5.0
SE,2017-12-11/2017-12-17,12,5,5,1000000,50000,50,-2.4492935982947064e-16,1.0,-0.2393156642875578,0.970941817426052,0.6666666666666667,-0.5,3.0,2.0,10.0,2.0,4.75,4.125,4.416666666666667,5.0
SE,2017-12-18/2017-12-24,12,5,5,1000000,50000,51,-2.4492935982947064e-16,1.0,-0.12053668025532363,0.992708874098054,0.0,0.25,5.0,3.0,4.0,1.0,3.5,4.5,4.416666666666667,5.0
SE,2017-12-25/2017-12-31,12,5,5,1000000,50000,52,-2.4492935982947064e-16,1.0,6.432490598706546e-16,1.0,0.0,1.5,5.0,5.0,2.0,6.0,3.75,5.0,4.25,4.0
SE,2018-01-01/2018-01-07,1,4,4,1000000,50000,1,0.49999999999999994,0.8660254037844387,0.12053668025532305,0.992708874098054,-0.19999999999999996,0.33333333333333326,5.0,5.0,3.0,5.0,4.5,4.875,4.5,5.0
SE,2018-01-08/2018-01-14,1,5,5,1000000,50000,2,0.49999999999999994,0.8660254037844387,0.23931566428755774,0.970941817426052,0.25,0.0,4.0,5.0,5.0,10.0,4.75,4.75,4.333333333333333,4.0
SE,2018-01-15/2018-01-21,1,4,4,1000000,50000,3,0.49999999999999994,0.8660254037844387,0.3546048870425356,0.9350162426854148,-0.19999999999999996,-0.19999999999999996,5.0,4.0,5.0,4.0,4.75,4.125,4.583333333333333,3.0
SE,2018-01-22/2018-01-28,1,3,3,1000000,50000,4,0.49999999999999994,0.8660254037844387,0.4647231720437685,0.8854560256532099,-0.25,-0.4,4.0,5.0,5.0,2.0,4.5,4.125,4.833333333333333,3.0
SE,2018-01-29/2018-02-04,1,3,3,1000000,50000,5,0.49999999999999994,0.8660254037844387,0.5680647467311558,0.8229838658936564,0.0,-0.25,3.0,4.0,4.0,3.0,4.0,4.25,4.583333333333333,2.0
SE,2018-02-05/2018-02-11,2,2,2,1000000,50000,6,0.8660254037844386,0.5000000000000001,0.6631226582407952,0.7485107481711011,-0.33333333333333337,-0.6,3.0,3.0,5.0,5.0,3.75,4.25,4.416666666666667,4.0
SE,2018-02-12/2018-02-18,2,4,4,1000000,50000,7,0.8660254037844386,0.5000000000000001,0.7485107481711011,0.6631226582407953,1.0,0.0,2.0,3.0,4.0,5.0,3.0,3.875,3.75,5.0
SE,2018-02-19/2018-02-25,2,5,5,1000000,50000,8,0.8660254037844386,0.5000000000000001,0.8229838658936564,0.5680647467311559,0.25,0.6666666666666667,4.0,2.0,3.0,5.0,3.0,3.75,3.75,4.0
SE,2018-02-26/2018-03-04,2,4,4,1000000,50000,9,0.8660254037844386,0.5000000000000001,0.8854560256532099,0.4647231720437686,-0.19999999999999996,0.33333333333333326,5.0,4.0,3.0,4.0,3.5,3.75,4.0,1.0
SE,2018-02-26/2018-03-04,3,1,1,1000000,50000,9,1.0,6.123233995736766e-17,0.8854560256532099,0.4647231720437686,-0.75,-0.5,4.0,5.0,2.0,5.0,3.75,3.75,4.083333333333333,9.0
SE,2018-03-05/2018-03-11,3,9,9,1000000,50000,10,1.0,6.123233995736766e-17,0.9350162426854148,0.35460488704253557,8.0,1.25,1.0,4.0,4.0,4.0,3.5,3.25,3.75,1.0
SE,2018-03-12/2018-03-18,3,1,1,1000000,50000,11,1.0,6.123233995736766e-17,0.970941817426052,0.23931566428755804,-0.8888888888888888,-0.8,9.0,1.0,5.0,3.0,4.75,3.875,4.083333333333333,4.0
SE,2018-03-19/2018-03-25,3,4,4,1000000,50000,12,1.0,6.123233995736766e-17,0.992708874098054,0.120536680255323,3.0,0.0,1.0,9.0,4.0,3.0,3.75,3.625,3.75,2.0
SE,2018-03-26/2018-04-01,3,2,2,1000000,50000,13,1.0,6.123233995736766e-17,1.0,-1.6081226496766364e-16,-0.5,1.0,4.0,1.0,1.0,2.0,3.75,3.75,3.75,5.0
SE,2018-04-02/2018-04-08,4,5,5,1000000,50000,14,0.8660254037844387,-0.4999999999999998,0.992708874098054,-0.12053668025532288,1.5,-0.4444444444444444,2.0,4.0,9.0,4.0,4.0,3.75,3.5,1.0
SE,2018-04-09/2018-04-15,4,1,1,1000000,50000,15,0.8660254037844387,-0.4999999999999998,0.9709418174260521,-0.2393156642875575,-0.8,0.0,5.0,2.0,1.0,5.0,3.0,3.875,3.5833333333333335,1.0
SE,2018-04-16/2018-04-22,4,1,1,1000000,50000,16,0.8660254037844387,-0.4999999999999998,0.9350162426854148,-0.35460488704253545,0.0,-0.75,1.0,5.0,4.0,4.0,3.0,3.375,3.4166666666666665,6.0
SE,2018-04-23/2018-04-29,4,6,6,1000000,50000,17,0.8660254037844387,-0.4999999999999998,0.8854560256532099,-0.4647231720437685,5.0,2.0,1.0,1.0,2.0,1.0,2.25,3.0,3.25,2.0
SE,2018-04-30/2018-05-06,5,2,2,1000000,50000,18,0.49999999999999994,-0.8660254037844387,0.8229838658936565,-0.5680647467311557,-0.6666666666666667,-0.6,6.0,1.0,5.0,9.0,3.25,3.625,3.5833333333333335,2.0
SE,2018-05-07/2018-05-13,5,2,2,1000000,50000,19,0.49999999999999994,-0.8660254037844387,0.7485107481711013,-0.663122658240795,0.0,1.0,2.0,6.0,1.0,1.0,2.5,2.75,3.4166666666666665,2.0
SE,2018-05-14/2018-05-20,5,2,2,1000000,50000,20,0.49999999999999994,-0.8660254037844387,0.6631226582407952,-0.7485107481711012,0.0,1.0,2.0,2.0,1.0,4.0,2.75,2.875,3.1666666666666665,1.0
SE,2018-05-21/2018-05-27,5,1,1,1000000,50000,21,0.49999999999999994,-0.8660254037844387,0.5680647467311558,-0.8229838658936564,-0.5,-0.8333333333333334,2.0,2.0,6.0,2.0,3.0,2.625,3.0,1.0
SE,2018-05-28/2018-06-03,5,1,1,1000000,50000,22,0.49999999999999994,-0.8660254037844387,0.46472317204376906,-0.8854560256532096,0.0,-0.5,1.0,2.0,2.0,5.0,1.75,2.5,3.0,5.0
SE,2018-05-28/2018-06-03,6,5,5,1000000,50000,22,1.2246467991473532e-16,-1.0,0.46472317204376906,-0.8854560256532096,4.0,1.5,1.0,1.0,2.0,1.0,1.5,2.0,2.3333333333333335,5.0
SE,2018-06-04/2018-06-10,6,5,5,1000000,50000,23,1.2246467991473532e-16,-1.0,0.35460488704253584,-0.9350162426854147,0.0,1.5,5.0,1.0,2.0,1.0,2.25,2.5,2.6666666666666665,11.0
SE,2018-06-11/2018-06-17,6,11,11,1000000,50000,24,1.2246467991473532e-16,-1.0,0.23931566428755768,-0.970941817426052,1.2000000000000002,10.0,5.0,5.0,1.0,6.0,3.0,3.0,2.75,3.0
SE,2018-06-18/2018-06-24,6,3,3,1000000,50000,25,1.2246467991473532e-16,-1.0,0.12053668025532308,-0.992708874098054,-0.7272727272727273,2.0,11.0,5.0,1.0,2.0,5.5,3.625,3.5,1.0
SE,2018-06-25/2018-07-01,6,1,1,1000000,50000,26,1.2246467991473532e-16,-1.0,-3.216245299353273e-16,-1.0,-0.6666666666666667,-0.8,3.0,11.0,5.0,2.0,6.0,3.75,3.3333333333333335,3.0
SE,2018-07-02/2018-07-08,7,3,3,1000000,50000,27,-0.4999999999999997,-0.8660254037844388,-0.12053668025532283,-0.992708874098054,2.0,-0.4,1.0,3.0,5.0,2.0,5.0,3.625,3.3333333333333335,5.0
SE,2018-07-09/2018-07-15,7,5,5,1000000,50000,28,-0.4999999999999997,-0.8660254037844388,-0.23931566428755743,-0.9709418174260521,0.6666666666666667,-0.5454545454545454,3.0,1.0,11.0,1.0,4.5,3.75,3.5,6.0
SE,2018-07-16/2018-07-22,7,6,6,1000000,50000,29,-0.4999999999999997,-0.8660254037844388,-0.3546048870425356,-0.9350162426854148,0.19999999999999996,1.0,5.0,3.0,3.0,1.0,3.0,4.25,3.4166666666666665,10.0
SE,2018-07-23/2018-07-29,7,10,10,1000000,50000,30,-0.4999999999999997,-0.8660254037844388,-0.46472317204376806,-0.8854560256532101,0.6666666666666667,9.0,6.0,5.0,1.0,5.0,3.75,4.875,3.75,2.0
SE,2018-07-30/2018-08-05,7,2,2,1000000,50000,31,-0.4999999999999997,-0.8660254037844388,-0.5680647467311556,-0.8229838658936565,-0.8,-0.33333333333333337,10.0,6.0,3.0,5.0,6.0,5.5,4.416666666666667,7.0
SE,2018-07-30/2018-08-05,8,7,7,1000000,50000,31,-0.8660254037844384,-0.5000000000000004,-0.5680647467311556,-0.8229838658936565,2.5,0.3999999999999999,2.0,10.0,5.0,11.0,5.75,5.125,4.416666666666667,7.0
SE,2018-08-06/2018-08-12,8,7,7,1000000,50000,32,-0.8660254037844384,-0.5000000000000004,-0.663122658240795,-0.7485107481711013,0.0,0.16666666666666674,7.0,2.0,6.0,3.0,6.25,4.625,4.916666666666667,9.0
SP,2016-09-12/2016-09-18,9,1,1,1000000,50000,37,-1.0,-1.8369701987210297e-16,-0.970941817426052,-0.23931566428755774,0.0,0.0,,,,,,,,84.0
SP,2016-10-03/2016-10-09,10,84,84,1000000,50000,40,-0.8660254037844386,0.5000000000000001,-0.992708874098054,0.1205366802553232,83.0,0.0,1.0,,,,,,,10.0
SP,2016-10-10/2016-10-16,10,10,10,1000000,50000,41,-0.8660254037844386,0.5000000000000001,-0.9709418174260521,0.23931566428755738,-0.8809523809523809,0.0,84.0,1.0,,,42.5,42.5,42.5,4.0
SP,2017-01-02/2017-01-08,1,4,4,1000000,50000,1,0.49999999999999994,0.8660254037844387,0.12053668025532305,0.992708874098054,-0.6,0.0,10.0,84.0,,,31.666666666666668,31.666666666666668,31.666666666666668,21.0
SP,2017-01-09/2017-01-15,1,21,21,1000000,50000,2,0.49999999999999994,0.8660254037844387,0.23931566428755774,0.970941817426052,4.25,20.0,4.0,10.0,1.0,,24.75,24.75,24.75,82.0
SP,2017-01-16/2017-01-22,1,82,82,1000000,50000,3,0.49999999999999994,0.8660254037844387,0.3546048870425356,0.9350162426854148,2.9047619047619047,-0.023809523809523836,21.0,4.0,84.0,,29.75,24.0,24.0,135.0
SP,2017-01-23/2017-01-29,1,135,135,1000000,50000,4,0.49999999999999994,0.8660254037844387,0.4647231720437685,0.8854560256532099,0.646341463414634,12.5,82.0,21.0,10.0,,29.25,33.666666666666664,33.666666666666664,41.0
SP,2017-01-30/2017-02-05,1,41,41,1000000,50000,5,0.49999999999999994,0.8660254037844387,0.5680647467311558,0.8229838658936564,-0.6962962962962963,9.25,135.0,82.0,4.0,,60.5,48.142857142857146,48.142857142857146,105.0
SP,2017-01-30/2017-02-05,2,105,105,1000000,50000,5,0.8660254037844386,0.5000000000000001,0.5680647467311558,0.8229838658936564,1.5609756097560976,4.0,41.0,135.0,21.0,1.0,69.75,47.25,47.25,188.0
SP,2017-02-06/2017-02-12,2,188,188,1000000,50000,6,0.8660254037844386,0.5000000000000001,0.6631226582407952,0.7485107481711011,0.7904761904761906,1.292682926829268,105.0,41.0,82.0,84.0,90.75,60.25,53.666666666666664,131.0
SP,2017-02-13/2017-02-19,2,131,131,1000000,50000,7,0.8660254037844386,0.5000000000000001,0.7485107481711011,0.6631226582407953,-0.30319148936170215,-0.029629629629629672,188.0,105.0,135.0,10.0,117.25,73.25,67.1,141.0
SP,2017-02-20/2017-02-26,2,141,141,1000000,50000,8,0.8660254037844386,0.5000000000000001,0.8229838658936564,0.5680647467311559,0.07633587786259532,2.4390243902439024,131.0,188.0,41.0,4.0,116.25,88.375,72.9090909090909,36.0
SP,2017-02-27/2017-03-05,2,36,36,1000000,50000,9,0.8660254037844386,0.5000000000000001,0.8854560256532099,0.4647231720437686,-0.7446808510638299,-0.6571428571428571,141.0,131.0,105.0,21.0,141.25,105.5,78.58333333333333,136.0
SP,2017-02-27/2017-03-05,3,136,136,1000000,50000,9,1.0,6.123233995736766e-17,0.8854560256532099,0.4647231720437686,2.7777777777777777,-0.276595744680851,36.0,141.0,188.0,82.0,124.0,107.375,81.5,199.0
SP,2017-03-06/2017-03-12,3,199,199,1000000,50000,10,1.0,6.123233995736766e-17,0.9350162426854148,0.35460488704253557,0.46323529411764697,0.5190839694656488,136.0,36.0,131.0,135.0,111.0,114.125,85.83333333333333,227.0
SP,2017-03-13/2017-03-19,3,227,227,1000000,50000,11,1.0,6.123233995736766e-17,0.970941817426052,0.23931566428755804,0.14070351758793964,0.6099290780141844,199.0,136.0,141.0,41.0,128.0,122.125,101.58333333333333,241.0
SP,2017-03-20/2017-03-26,3,241,241,1000000,50000,12,1.0,6.123233995736766e-17,0.992708874098054,0.120536680255323,0.06167400881057272,5.694444444444445,227.0,199.0,36.0,105.0,149.5,145.375,120.16666666666667,163.0
SP,2017-03-27/2017-04-02,3,163,163,1000000,50000,13,1.0,6.123233995736766e-17,1.0,-1.6081226496766364e-16,-0.32365145228215764,0.19852941176470584,241.0,227.0,136.0,188.0,200.75,162.375,138.5,58.0
SP,2017-03-27/2017-04-02,4,58,58,1000000,50000,13,0.8660254037844387,-0.4999999999999998,1.0,-1.6081226496766364e-16,-0.6441717791411044,-0.7085427135678393,163.0,241.0,199.0,131.0,207.5,159.25,145.25,231.0
SP,2017-04-03/2017-04-09,4,231,231,1000000,50000,14,0.8660254037844387,-0.4999999999999998,0.992708874098054,-0.12053668025532288,2.9827586206896552,0.017621145374449254,58.0,163.0,227.0,141.0,172.25,150.125,138.83333333333334,162.0
SP,2017-04-10/2017-04-16,4,162,162,1000000,50000,15,0.8660254037844387,-0.4999999999999998,0.9709418174260521,-0.2393156642875575,-0.2987012987012987,-0.3278008298755186,231.0,58.0,241.0,36.0,173.25,161.375,154.66666666666666,189.0
SP,2017-04-17/2017-04-23,4,189,189,1000000,50000,16,0.8660254037844387,-0.4999999999999998,0.9350162426854148,-0.35460488704253545,0.16666666666666674,0.1595092024539877,162.0,231.0,163.0,136.0,153.5,177.125,159.41666666666666,233.0
SP,2017-04-24/2017-04-30,4,233,233,1000000,50000,17,0.8660254037844387,-0.4999999999999998,0.8854560256532099,-0.4647231720437685,0.2328042328042328,3.017241379310345,189.0,162.0,58.0,199.0,160.0,183.75,159.5,262.0
SP,2017-05-01/2017-05-07,5,262,262,1000000,50000,18,0.49999999999999994,-0.8660254037844387,0.8229838658936565,-0.5680647467311557,0.1244635193133048,0.1341991341991342,233.0,189.0,231.0,227.0,203.75,188.0,168.0,295.0
SP,2017-05-08/2017-05-14,5,295,295,1000000,50000,19,0.49999999999999994,-0.8660254037844387,0.7485107481711013,-0.663122658240795,0.12595419847328237,0.8209876543209877,262.0,233.0,162.0,241.0,211.5,192.375,178.08333333333334,366.0
SP,2017-05-15/2017-05-21,5,366,366,1000000,50000,20,0.49999999999999994,-0.8660254037844387,0.6631226582407952,-0.7485107481711012,0.2406779661016949,0.9365079365079365,295.0,262.0,189.0,163.0,244.75,199.125,199.66666666666666,305.0
SP,2017-05-22/2017-05-28,5,305,305,1000000,50000,21,0.49999999999999994,-0.8660254037844387,0.5680647467311558,-0.8229838658936564,-0.16666666666666663,0.3090128755364807,366.0,295.0,233.0,58.0,289.0,224.5,218.83333333333334,135.0
SP,2017-05-29/2017-06-04,5,135,135,1000000,50000,22,0.49999999999999994,-0.8660254037844387,0.46472317204376906,-0.8854560256532096,-0.5573770491803278,-0.4847328244274809,305.0,366.0,262.0,231.0,307.0,255.375,227.66666666666666,175.0
SP,2017-05-29/2017-06-04,6,175,175,1000000,50000,22,1.2246467991473532e-16,-1.0,0.46472317204376906,-0.8854560256532096,0.2962962962962963,-0.4067796610169492,135.0,305.0,295.0,162.0,275.25,243.375,220.0,319.0
SP,2017-06-05/2017-06-11,6,319,319,1000000,50000,23,1.2246467991473532e-16,-1.0,0.35460488704253584,-0.9350162426854147,0.822857142857143,-0.12841530054644812,175.0,135.0,366.0,189.0,245.25,245.0,214.5,284.0
SP,2017-06-12/2017-06-18,6,284,284,1000000,50000,24,1.2246467991473532e-16,-1.0,0.23931566428755768,-0.970941817426052,-0.10971786833855801,-0.06885245901639347,319.0,175.0,305.0,233.0,233.5,261.25,227.5,275.0
SP,2017-06-19/2017-06-25,6,275,275,1000000,50000,25,1.2246467991473532e-16,-1.0,0.12053668025532308,-0.992708874098054,-0.03169014084507038,1.0370370370370372,284.0,319.0,135.0,262.0,228.25,267.625,246.33333333333334,231.0
SP,2017-06-26/2017-07-02,6,231,231,1000000,50000,26,1.2246467991473532e-16,-1.0,-3.216245299353273e-16,-1.0,-0.16000000000000003,0.32000000000000006,275.0,284.0,175.0,295.0,263.25,269.25,250.0,71.0
SP,2017-06-26/2017-07-02,7,71,71,1000000,50000,26,-0.4999999999999997,-0.8660254037844388,-3.216245299353273e-16,-1.0,-0.6926406926406927,-0.7774294670846396,231.0,275.0,319.0,366.0,277.25,261.25,255.75,311.0
SP,2017-07-03/2017-07-09,7,311,311,1000000,50000,27,-0.4999999999999997,-0.8660254037844388,-0.12053668025532283,-0.992708874098054,3.380281690140845,0.09507042253521125,71.0,231.0,284.0,305.0,215.25,224.375,245.91666666666666,367.0
SP,2017-07-10/2017-07-16,7,367,367,1000000,50000,28,-0.4999999999999997,-0.8660254037844388,-0.23931566428755743,-0.9709418174260521,0.180064308681672,0.3345454545454545,311.0,71.0,275.0,135.0,222.0,225.125,252.41666666666666,382.0
SP,2017-07-17/2017-07-23,7,382,382,1000000,50000,29,-0.4999999999999997,-0.8660254037844388,-0.3546048870425356,-0.9350162426854148,0.04087193460490468,0.6536796536796536,367.0,311.0,231.0,175.0,245.0,254.125,261.1666666666667,354.0
SP,2017-07-24/2017-07-30,7,354,354,1000000,50000,30,-0.4999999999999997,-0.8660254037844388,-0.46472317204376806,-0.8854560256532101,-0.0732984293193717,3.985915492957746,382.0,367.0,71.0,319.0,282.75,280.0,268.4166666666667,58.0
SP,2017-07-31/2017-08-06,7,58,58,1000000,50000,31,-0.4999999999999997,-0.8660254037844388,-0.5680647467311556,-0.8229838658936565,-0.8361581920903955,-0.8135048231511254,354.0,382.0,311.0,284.0,353.5,284.375,267.4166666666667,311.0
SP,2017-07-31/2017-08-06,8,311,311,1000000,50000,31,-0.8660254037844384,-0.5000000000000004,-0.5680647467311556,-0.8229838658936565,4.362068965517241,-0.15258855585831066,58.0,354.0,367.0,275.0,290.25,256.125,246.83333333333334,348.0
SP,2017-08-07/2017-08-13,8,348,348,1000000,50000,32,-0.8660254037844384,-0.5000000000000004,-0.663122658240795,-0.7485107481711013,0.11897106109324751,-0.08900523560209428,311.0,58.0,382.0,231.0,276.25,260.625,261.5,433.0
SP,2017-08-14/2017-08-20,8,433,433,1000000,50000,33,-0.8660254037844384,-0.5000000000000004,-0.7485107481711011,-0.6631226582407952,0.24425287356321834,0.2231638418079096,348.0,311.0,354.0,71.0,267.75,275.25,275.9166666666667,346.0
SP,2017-08-21/2017-08-27,8,346,346,1000000,50000,34,-0.8660254037844384,-0.5000000000000004,-0.8229838658936564,-0.5680647467311559,-0.2009237875288684,4.9655172413793105,433.0,348.0,58.0,311.0,287.5,320.5,285.4166666666667,227.0
SP,2017-08-28/2017-09-03,8,227,227,1000000,50000,35,-0.8660254037844384,-0.5000000000000004,-0.8854560256532096,-0.4647231720437691,-0.3439306358381503,-0.270096463022508,346.0,433.0,311.0,367.0,359.5,324.875,290.5833333333333,145.0
SP,2017-08-28/2017-09-03,9,145,145,1000000,50000,35,-1.0,-1.8369701987210297e-16,-0.8854560256532096,-0.4647231720437691,-0.3612334801762115,-0.5833333333333333,227.0,346.0,348.0,382.0,338.5,307.375,286.5833333333333,334.0
SP,2017-09-04/2017-09-10,9,334,334,1000000,50000,36,-1.0,-1.8369701987210297e-16,-0.9350162426854147,-0.3546048870425359,1.3034482758620691,-0.22863741339491916,145.0,227.0,433.0,354.0,287.75,277.75,279.4166666666667,400.0
SP,2017-09-11/2017-09-17,9,400,400,1000000,50000,37,-1.0,-1.8369701987210297e-16,-0.970941817426052,-0.23931566428755774,0.19760479041916157,0.1560693641618498,334.0,145.0,346.0,58.0,263.0,275.25,301.3333333333333,387.0
SP,2017-09-18/2017-09-24,9,387,387,1000000,50000,38,-1.0,-1.8369701987210297e-16,-0.992708874098054,-0.12053668025532357,-0.03249999999999997,0.7048458149779735,400.0,334.0,227.0,311.0,276.5,318.0,308.75,309.0
SP,2017-09-25/2017-10-01,9,309,309,1000000,50000,39,-1.0,-1.8369701987210297e-16,-1.0,-1.8369701987210297e-16,-0.20155038759689925,1.1310344827586207,387.0,400.0,145.0,348.0,316.5,327.5,310.4166666666667,50.0
SP,2017-09-25/2017-10-01,10,50,50,1000000,50000,39,-0.8660254037844386,0.5000000000000001,-1.0,-1.8369701987210297e-16,-0.8381877022653722,-0.8502994011976048,309.0,387.0,334.0,433.0,357.5,322.625,304.3333333333333,379.0
SP,2017-10-02/2017-10-08,10,379,379,1000000,50000,40,-0.8660254037844386,0.5000000000000001,-0.992708874098054,0.1205366802553232,6.58,-0.05249999999999999,50.0,309.0,400.0,346.0,286.5,274.75,279.0,370.0
SP,2017-10-09/2017-10-15,10,370,370,1000000,50000,41,-0.8660254037844386,0.5000000000000001,-0.9709418174260521,0.23931566428755738,-0.0237467018469657,-0.043927648578811374,379.0,50.0,387.0,227.0,281.25,278.875,305.75,438.0
SP,2017-10-16/2017-10-22,10,438,438,1000000,50000,42,-0.8660254037844386,0.5000000000000001,-0.9350162426854148,0.35460488704253557,0.18378378378378368,0.41747572815533984,370.0,379.0,309.0,145.0,277.0,296.75,310.6666666666667,367.0
SP,2017-10-23/2017-10-29,10,367,367,1000000,50000,43,-0.8660254037844386,0.5000000000000001,-0.8854560256532101,0.464723172043768,-0.16210045662100458,6.34,438.0,370.0,50.0,334.0,309.25,333.375,318.1666666666667,119.0
SP,2017-10-30/2017-11-05,10,119,119,1000000,50000,44,-0.8660254037844386,0.5000000000000001,-0.822983865893657,0.5680647467311548,-0.6757493188010899,-0.6860158311345647,367.0,438.0,379.0,400.0,388.5,337.5,312.6666666666667,238.0
SP,2017-10-30/2017-11-05,11,238,238,1000000,50000,44,-0.5000000000000004,0.8660254037844384,-0.822983865893657,0.5680647467311548,1.0,-0.3567567567567568,119.0,367.0,370.0,387.0,323.5,302.375,293.75,486.0
SP,2017-11-06/2017-11-12,11,486,486,1000000,50000,45,-0.5000000000000004,0.8660254037844384,-0.7485107481711011,0.6631226582407952,1.042016806722689,0.1095890410958904,238.0,119.0,438.0,309.0,290.5,283.75,294.6666666666667,529.0
SP,2017-11-13/2017-11-19,11,529,529,1000000,50000,46,-0.5000000000000004,0.8660254037844384,-0.6631226582407955,0.7485107481711007,0.08847736625514413,0.4414168937329701,486.0,238.0,367.0,50.0,302.5,305.875,323.0833333333333,1108.0
SP,2017-11-20/2017-11-26,11,1108,1108,1000000,50000,47,-0.5000000000000004,0.8660254037844384,-0.5680647467311559,0.8229838658936564,1.0945179584120983,8.3109243697479,529.0,486.0,119.0,379.0,343.0,365.75,339.3333333333333,537.0
SP,2017-11-27/2017-12-03,11,537,537,1000000,50000,48,-0.5000000000000004,0.8660254037844384,-0.4647231720437684,0.88545602565321,-0.5153429602888087,1.2563025210084033,1108.0,529.0,238.0,370.0,590.25,456.875,398.3333333333333,297.0
SP,2017-11-27/2017-12-03,12,297,297,1000000,50000,48,-2.4492935982947064e-16,1.0,-0.4647231720437684,0.88545602565321,-0.44692737430167595,-0.38888888888888884,537.0,1108.0,486.0,438.0,665.0,477.75,410.8333333333333,668.0
SP,2017-12-04/2017-12-10,12,668,668,1000000,50000,49,-2.4492935982947064e-16,1.0,-0.35460488704253595,0.9350162426854147,1.2491582491582491,0.26275992438563334,297.0,537.0,529.0,367.0,617.75,460.125,409.8333333333333,569.0
SP,2017-12-11/2017-12-17,12,569,569,1000000,50000,50,-2.4492935982947064e-16,1.0,-0.2393156642875578,0.970941817426052,-0.14820359281437123,-0.4864620938628159,668.0,297.0,1108.0,119.0,652.5,497.75,461.3333333333333,395.0
SP,2017-12-18/2017-12-24,12,395,395,1000000,50000,51,-2.4492935982947064e-16,1.0,-0.12053668025532363,0.992708874098054,-0.30579964850615116,-0.26443202979515834,569.0,668.0,537.0,238.0,517.75,554.0,477.1666666666667,366.0
SP,2017-12-25/2017-12-31,12,366,366,1000000,50000,52,-2.4492935982947064e-16,1.0,6.432490598706546e-16,1.0,-0.07341772151898729,0.23232323232323226,395.0,569.0,297.0,486.0,482.25,573.625,479.25,548.0
SP,2018-01-01/2018-01-07,1,548,548,1000000,50000,1,0.49999999999999994,0.8660254037844387,0.12053668025532305,0.992708874098054,0.49726775956284164,-0.17964071856287422,366.0,395.0,668.0,529.0,499.5,558.625,473.25,714.0
SP,2018-01-08/2018-01-14,1,714,714,1000000,50000,2,0.49999999999999994,0.8660254037844387,0.23931566428755774,0.970941817426052,0.302919708029197,0.25483304042179267,548.0,366.0,569.0,1108.0,469.5,561.0,488.3333333333333,738.0
SP,2018-01-15/2018-01-21,1,738,738,1000000,50000,3,0.49999999999999994,0.8660254037844387,0.3546048870425356,0.9350162426854148,0.03361344537815136,0.8683544303797468,714.0,548.0,395.0,537.0,505.75,511.75,537.9166666666666,667.0
SP,2018-01-22/2018-01-28,1,667,667,1000000,50000,4,0.49999999999999994,0.8660254037844387,0.4647231720437685,0.8854560256532099,-0.09620596205962062,0.8224043715846994,738.0,714.0,366.0,297.0,591.5,536.875,579.5833333333334,308.0
SP,2018-01-29/2018-02-04,1,308,308,1000000,50000,5,0.49999999999999994,0.8660254037844387,0.5680647467311558,0.8229838658936564,-0.5382308845577211,-0.43795620437956206,667.0,738.0,548.0,668.0,666.75,583.125,594.6666666666666,319.0
SP,2018-01-29/2018-02-04,2,319,319,1000000,50000,5,0.8660254037844386,0.5000000000000001,0.5680647467311558,0.8229838658936564,0.03571428571428581,-0.5532212885154062,308.0,667.0,714.0,569.0,606.75,538.125,576.25,628.0
SP,2018-02-05/2018-02-11,2,628,628,1000000,50000,6,0.8660254037844386,0.5000000000000001,0.6631226582407952,0.7485107481711011,0.9686520376175549,-0.14905149051490518,319.0,308.0,738.0,395.0,508.0,506.875,510.5,699.0
SP,2018-02-12/2018-02-18,2,699,699,1000000,50000,7,0.8660254037844386,0.5000000000000001,0.7485107481711011,0.6631226582407953,0.11305732484076425,0.04797601199400292,628.0,319.0,667.0,366.0,480.5,536.0,518.0833333333334,660.0
SP,2018-02-19/2018-02-25,2,660,660,1000000,50000,8,0.8660254037844386,0.5000000000000001,0.8229838658936564,0.5680647467311559,-0.05579399141630903,1.1428571428571428,699.0,628.0,308.0,548.0,488.5,577.625,551.5833333333334,326.0
SP,2018-02-26/2018-03-04,2,326,326,1000000,50000,9,0.8660254037844386,0.5000000000000001,0.8854560256532099,0.4647231720437686,-0.5060606060606061,0.021943573667711602,660.0,699.0,319.0,714.0,576.5,591.625,550.9166666666666,379.0
SP,2018-02-26/2018-03-04,3,379,379,1000000,50000,9,1.0,6.123233995736766e-17,0.8854560256532099,0.4647231720437686,0.16257668711656437,-0.39649681528662417,326.0,660.0,628.0,738.0,578.25,543.125,530.6666666666666,628.0
SP,2018-03-05/2018-03-11,3,628,628,1000000,50000,10,1.0,6.123233995736766e-17,0.9350162426854148,0.35460488704253557,0.6569920844327177,-0.10157367668097284,379.0,326.0,699.0,667.0,516.0,498.25,529.3333333333334,659.0
SP,2018-03-12/2018-03-18,3,659,659,1000000,50000,11,1.0,6.123233995736766e-17,0.970941817426052,0.23931566428755804,0.0493630573248407,-0.0015151515151514694,628.0,379.0,660.0,308.0,498.25,493.375,551.1666666666666,769.0
SP,2018-03-19/2018-03-25,3,769,769,1000000,50000,12,1.0,6.123233995736766e-17,0.992708874098054,0.120536680255323,0.16691957511380884,1.3588957055214723,659.0,628.0,326.0,319.0,498.0,537.25,560.4166666666666,536.0
SP,2018-03-26/2018-04-01,3,536,536,1000000,50000,13,1.0,6.123233995736766e-17,1.0,-1.6081226496766364e-16,-0.3029908972691807,0.4142480211081794,769.0,659.0,379.0,628.0,608.75,593.5,565.0,93.0
SP,2018-03-26/2018-04-01,4,93,93,1000000,50000,13,0.8660254037844387,-0.4999999999999998,1.0,-1.6081226496766364e-16,-0.8264925373134329,-0.8519108280254777,536.0,769.0,628.0,699.0,648.0,582.0,548.1666666666666,730.0
SP,2018-04-02/2018-04-08,4,730,730,1000000,50000,14,0.8660254037844387,-0.4999999999999998,0.992708874098054,-0.12053668025532288,6.849462365591398,0.10773899848254942,93.0,536.0,659.0,660.0,514.25,506.25,500.3333333333333,678.0
SP,2018-04-09/2018-04-15,4,678,678,1000000,50000,15,0.8660254037844387,-0.4999999999999998,0.9709418174260521,-0.2393156642875575,-0.07123287671232881,-0.11833550065019505,730.0,93.0,769.0,326.0,532.0,515.0,535.5,680.0
SP,2018-04-16/2018-04-22,4,680,680,1000000,50000,16,0.8660254037844387,-0.4999999999999998,0.9350162426854148,-0.35460488704253545,0.002949852507374562,0.26865671641791056,678.0,730.0,536.0,379.0,509.25,559.0,565.4166666666666,718.0
SP,2018-04-23/2018-04-29,4,718,718,1000000,50000,17,0.8660254037844387,-0.4999999999999998,0.8854560256532099,-0.4647231720437685,0.055882352941176494,6.720430107526882,680.0,678.0,93.0,628.0,545.25,596.625,569.75,103.0
SP,2018-04-30/2018-05-06,4,103,103,1000000,50000,18,0.8660254037844387,-0.4999999999999998,0.8229838658936565,-0.5680647467311557,-0.8565459610027855,-0.8589041095890411,718.0,680.0,730.0,659.0,701.5,607.875,571.3333333333334,653.0
SP,2018-04-30/2018-05-06,5,653,653,1000000,50000,18,0.49999999999999994,-0.8660254037844387,0.8229838658936565,-0.5680647467311557,5.339805825242719,-0.03687315634218291,103.0,718.0,678.0,769.0,544.75,538.375,524.9166666666666,800.0
SP,2018-05-07/2018-05-13,5,800,800,1000000,50000,19,0.49999999999999994,-0.8660254037844387,0.7485107481711013,-0.663122658240795,0.22511485451761093,0.17647058823529416,653.0,103.0,680.0,536.0,538.5,523.875,552.1666666666666,900.0
SP,2018-05-14/2018-05-20,5,900,900,1000000,50000,20,0.49999999999999994,-0.8660254037844387,0.6631226582407952,-0.7485107481711012,0.125,0.2534818941504178,800.0,653.0,718.0,93.0,568.5,556.875,587.25,532.0
SP,2018-05-21/2018-05-27,5,532,532,1000000,50000,21,0.49999999999999994,-0.8660254037844387,0.5680647467311558,-0.8229838658936564,-0.40888888888888886,4.165048543689321,900.0,800.0,103.0,730.0,614.0,657.75,609.9166666666666,253.0
SP,2018-05-28/2018-06-03,5,253,253,1000000,50000,22,0.49999999999999994,-0.8660254037844387,0.46472317204376906,-0.8854560256532096,-0.5244360902255639,-0.6125574272588055,532.0,900.0,653.0,678.0,721.25,633.0,599.3333333333334,237.0
SP,2018-05-28/2018-06-03,6,237,237,1000000,50000,22,1.2246467991473532e-16,-1.0,0.46472317204376906,-0.8854560256532096,-0.06324110671936756,-0.70375,253.0,532.0,800.0,680.0,621.25,579.875,556.3333333333334,647.0
SP,2018-06-04/2018-06-10,6,647,647,1000000,50000,23,1.2246467991473532e-16,-1.0,0.35460488704253584,-0.9350162426854147,1.7299578059071732,-0.2811111111111111,237.0,253.0,900.0,718.0,480.5,524.5,531.4166666666666,656.0
SP,2018-06-11/2018-06-17,6,656,656,1000000,50000,24,1.2246467991473532e-16,-1.0,0.23931566428755768,-0.970941817426052,0.01391035548686248,0.23308270676691722,647.0,237.0,532.0,103.0,417.25,515.625,577.5833333333334,661.0
SP,2018-06-18/2018-06-24,6,661,661,1000000,50000,25,1.2246467991473532e-16,-1.0,0.12053668025532308,-0.992708874098054,0.007621951219512146,1.6126482213438735,656.0,647.0,253.0,653.0,448.25,584.75,571.4166666666666,534.0
SP,2018-06-25/2018-07-01,6,534,534,1000000,50000,26,1.2246467991473532e-16,-1.0,-3.216245299353273e-16,-1.0,-0.19213313161875945,1.2531645569620253,661.0,656.0,237.0,800.0,550.25,585.75,570.0,80.0
SP,2018-06-25/2018-07-01,7,80,80,1000000,50000,26,-0.4999999999999997,-0.8660254037844388,-3.216245299353273e-16,-1.0,-0.850187265917603,-0.8763523956723338,534.0,661.0,647.0,900.0,624.5,552.5,557.8333333333334,571.0
SP,2018-07-02/2018-07-08,7,571,571,1000000,50000,27,-0.4999999999999997,-0.8660254037844388,-0.12053668025532283,-0.992708874098054,6.1375,-0.12957317073170727,80.0,534.0,656.0,532.0,482.75,450.0,504.6666666666667,351.0
SP,2018-07-09/2018-07-15,7,351,351,1000000,50000,28,-0.4999999999999997,-0.8660254037844388,-0.23931566428755743,-0.9709418174260521,-0.38528896672504376,-0.46898638426626327,571.0,80.0,661.0,253.0,461.5,454.875,543.6666666666666,680.0
SP,2018-07-16/2018-07-22,7,680,680,1000000,50000,29,-0.4999999999999997,-0.8660254037844388,-0.3546048870425356,-0.9350162426854148,0.9373219373219372,0.27340823970037453,351.0,571.0,534.0,237.0,384.0,467.125,518.5,720.0
SP,2018-07-23/2018-07-29,7,720,720,1000000,50000,30,-0.4999999999999997,-0.8660254037844388,-0.46472317204376806,-0.8854560256532101,0.05882352941176472,8.0,680.0,351.0,80.0,647.0,420.5,522.5,508.5,310.0
SP,2018-07-30/2018-08-05,7,310,310,1000000,50000,31,-0.4999999999999997,-0.8660254037844388,-0.5680647467311556,-0.8229838658936565,-0.5694444444444444,-0.45709281961471104,720.0,680.0,571.0,656.0,580.5,531.625,493.5,648.0
SP,2018-07-30/2018-08-05,8,648,648,1000000,50000,31,-0.8660254037844384,-0.5000000000000004,-0.5680647467311556,-0.8229838658936565,1.0903225806451613,0.8461538461538463,310.0,720.0,351.0,661.0,515.25,488.375,475.0,881.0
SP,2018-08-06/2018-08-12,8,881,881,1000000,50000,32,-0.8660254037844384,-0.5000000000000004,-0.663122658240795,-0.7485107481711013,0.35956790123456783,0.2955882352941177,648.0,310.0,680.0,534.0,589.5,486.75,507.9166666666667,900.0
SP,2018-08-13/2018-08-19,8,900,900,1000000,50000,33,-0.8660254037844384,-0.5000000000000004,-0.7485107481711011,-0.6631226582407952,0.02156640181611813,0.25,881.0,648.0,720.0,80.0,639.75,530.125,561.5833333333334,634.0
SP,2018-08-20/2018-08-26,8,634,634,1000000,50000,34,-0.8660254037844384,-0.5000000000000004,-0.8229838658936564,-0.5680647467311559,-0.29555555555555557,1.0451612903225804,900.0,881.0,310.0,571.0,684.75,632.625,582.6666666666666,101.0
TO,2017-01-23/2017-01-29,1,2,2,1000000,50000,4,0.49999999999999994,0.8660254037844387,0.4647231720437685,0.8854560256532099,0.0,0.0,,,,,,,,3.0
TO,2017-02-13/2017-02-19,2,3,3,1000000,50000,7,0.8660254037844386,0.5000000000000001,0.7485107481711011,0.6631226582407953,0.5,0.0,2.0,,,,,,,1.0
TO,2017-02-20/2017-02-26,2,1,1,1000000,50000,8,0.8660254037844386,0.5000000000000001,0.8229838658936564,0.5680647467311559,-0.6666666666666667,0.0,3.0,2.0,,,2.5,2.5,2.5,3.0
TO,2017-02-27/2017-03-05,2,3,3,1000000,50000,9,0.8660254037844386,0.5000000000000001,0.8854560256532099,0.4647231720437686,2.0,0.0,1.0,3.0,,,2.0,2.0,2.0,1.0
TO,2017-02-27/2017-03-05,3,1,1,1000000,50000,9,1.0,6.123233995736766e-17,0.8854560256532099,0.4647231720437686,-0.6666666666666667,-0.5,3.0,1.0,2.0,,2.25,2.25,2.25,2.0
TO,2017-03-06/2017-03-12,3,2,2,1000000,50000,10,1.0,6.123233995736766e-17,0.9350162426854148,0.35460488704253557,1.0,-0.33333333333333337,1.0,3.0,3.0,,2.0,2.0,2.0,2.0
TO,2017-03-20/2017-03-26,3,2,2,1000000,50000,12,1.0,6.123233995736766e-17,0.992708874098054,0.120536680255323,0.0,1.0,2.0,1.0,1.0,,1.75,2.0,2.0,2.0
TO,2017-03-27/2017-04-02,3,2,2,1000000,50000,13,1.0,6.123233995736766e-17,1.0,-1.6081226496766364e-16,0.0,-0.33333333333333337,2.0,2.0,3.0,,2.0,2.0,2.0,2.0
TO,2017-03-27/2017-04-02,4,2,2,1000000,50000,13,0.8660254037844387,-0.4999999999999998,1.0,-1.6081226496766364e-16,0.0,1.0,2.0,2.0,1.0,2.0,1.75,2.0,2.0,3.0
TO,2017-04-10/2017-04-16,4,3,3,1000000,50000,15,0.8660254037844387,-0.4999999999999998,0.9709418174260521,-0.2393156642875575,0.5,0.5,2.0,2.0,2.0,3.0,2.0,2.0,2.0,4.0
TO,2017-04-17/2017-04-23,4,4,4,1000000,50000,16,0.8660254037844387,-0.4999999999999998,0.9350162426854148,-0.35460488704253545,0.33333333333333326,1.0,3.0,2.0,2.0,1.0,2.25,2.0,2.1,4.0
TO,2017-04-24/2017-04-30,4,4,4,1000000,50000,17,0.8660254037844387,-0.4999999999999998,0.8854560256532099,-0.4647231720437685,0.0,1.0,4.0,3.0,2.0,3.0,2.75,2.375,2.272727272727273,6.0
TO,2017-05-01/2017-05-07,5,6,6,1000000,50000,18,0.49999999999999994,-0.8660254037844387,0.8229838658936565,-0.5680647467311557,0.5,2.0,4.0,4.0,2.0,1.0,3.25,2.5,2.4166666666666665,5.0
TO,2017-05-08/2017-05-14,5,5,5,1000000,50000,19,0.49999999999999994,-0.8660254037844387,0.7485107481711013,-0.663122658240795,-0.16666666666666663,0.6666666666666667,6.0,4.0,3.0,2.0,4.25,3.125,2.75,4.0
TO,2017-05-15/2017-05-21,5,4,4,1000000,50000,20,0.49999999999999994,-0.8660254037844387,0.6631226582407952,-0.7485107481711012,-0.19999999999999996,0.0,5.0,6.0,4.0,2.0,4.75,3.5,2.9166666666666665,1.0
TO,2017-05-22/2017-05-28,5,1,1,1000000,50000,21,0.49999999999999994,-0.8660254037844387,0.5680647467311558,-0.8229838658936564,-0.75,-0.75,4.0,5.0,4.0,2.0,4.75,3.75,3.1666666666666665,1.0
TO,2017-05-29/2017-06-04,5,1,1,1000000,50000,22,0.49999999999999994,-0.8660254037844387,0.46472317204376906,-0.8854560256532096,0.0,-0.8333333333333334,1.0,4.0,6.0,2.0,4.0,3.625,3.0,2.0
TO,2017-06-05/2017-06-11,6,2,2,1000000,50000,23,1.2246467991473532e-16,-1.0,0.35460488704253584,-0.9350162426854147,1.0,-0.6,1.0,1.0,5.0,3.0,2.75,3.5,3.0,3.0
TO,2017-06-12/2017-06-18,6,3,3,1000000,50000,24,1.2246467991473532e-16,-1.0,0.23931566428755768,-0.970941817426052,0.5,-0.25,2.0,1.0,4.0,4.0,2.0,3.375,3.0,1.0
TO,2017-06-19/2017-06-25,6,1,1,1000000,50000,25,1.2246467991473532e-16,-1.0,0.12053668025532308,-0.992708874098054,-0.6666666666666667,0.0,3.0,2.0,1.0,4.0,1.75,3.25,3.0833333333333335,2.0
TO,2017-06-26/2017-07-02,6,2,2,1000000,50000,26,1.2246467991473532e-16,-1.0,-3.216245299353273e-16,-1.0,1.0,1.0,1.0,3.0,1.0,6.0,1.75,2.875,3.0,1.0
TO,2017-07-10/2017-07-16,7,1,1,1000000,50000,28,-0.4999999999999997,-0.8660254037844388,-0.23931566428755743,-0.9709418174260521,-0.5,-0.5,2.0,1.0,2.0,5.0,2.0,2.375,3.0,5.0
TO,2017-08-07/2017-08-13,8,5,5,1000000,50000,32,-0.8660254037844384,-0.5000000000000004,-0.663122658240795,-0.7485107481711013,4.0,0.6666666666666667,1.0,2.0,3.0,4.0,1.75,1.875,2.8333333333333335,5.0
TO,2017-08-14/2017-08-20,8,5,5,1000000,50000,33,-0.8660254037844384,-0.5000000000000004,-0.7485107481711011,-0.6631226582407952,0.0,4.0,5.0,1.0,1.0,1.0,2.25,2.0,2.9166666666666665,4.0
TO,2017-08-21/2017-08-27,8,4,4,1000000,50000,34,-0.8660254037844384,-0.5000000000000004,-0.8229838658936564,-0.5680647467311559,-0.19999999999999996,1.0,5.0,5.0,2.0,1.0,3.25,2.5,3.0,1.0
TO,2017-08-28/2017-09-03,8,1,1,1000000,50000,35,-0.8660254037844384,-0.5000000000000004,-0.8854560256532096,-0.4647231720437691,-0.75,0.0,4.0,5.0,1.0,2.0,3.75,2.875,2.8333333333333335,3.0
TO,2017-09-04/2017-09-10,9,3,3,1000000,50000,36,-1.0,-1.8369701987210297e-16,-0.9350162426854147,-0.3546048870425359,2.0,-0.4,1.0,4.0,5.0,3.0,3.75,2.75,2.5,4.0
TO,2017-09-11/2017-09-17,9,4,4,1000000,50000,37,-1.0,-1.8369701987210297e-16,-0.970941817426052,-0.23931566428755774,0.33333333333333326,-0.19999999999999996,3.0,1.0,5.0,1.0,3.25,2.75,2.4166666666666665,3.0
TO,2017-09-18/2017-09-24,9,3,3,1000000,50000,38,-1.0,-1.8369701987210297e-16,-0.992708874098054,-0.12053668025532357,-0.25,-0.25,4.0,3.0,4.0,2.0,3.0,3.125,2.6666666666666665,6.0
TO,2017-09-25/2017-10-01,9,6,6,1000000,50000,39,-1.0,-1.8369701987210297e-16,-1.0,-1.8369701987210297e-16,1.0,5.0,3.0,4.0,1.0,1.0,2.75,3.25,2.8333333333333335,3.0
TO,2017-10-02/2017-10-08,10,3,3,1000000,50000,40,-0.8660254037844386,0.5000000000000001,-0.992708874098054,0.1205366802553232,-0.5,0.0,6.0,3.0,3.0,5.0,4.0,3.875,3.1666666666666665,3.0
TO,2017-10-09/2017-10-15,10,3,3,1000000,50000,41,-0.8660254037844386,0.5000000000000001,-0.9709418174260521,0.23931566428755738,0.0,-0.25,3.0,6.0,4.0,5.0,4.0,3.625,3.1666666666666665,3.0
TO,2017-10-16/2017-10-22,10,3,3,1000000,50000,42,-0.8660254037844386,0.5000000000000001,-0.9350162426854148,0.35460488704253557,0.0,0.0,3.0,3.0,3.0,4.0,3.75,3.375,3.3333333333333335,3.0
TO,2017-10-23/2017-10-29,10,3,3,1000000,50000,43,-0.8660254037844386,0.5000000000000001,-0.8854560256532101,0.464723172043768,0.0,-0.5,3.0,3.0,6.0,1.0,3.75,3.25,3.4166666666666665,1.0
TO,2017-10-30/2017-11-05,10,1,1,1000000,50000,44,-0.8660254037844386,0.5000000000000001,-0.822983865893657,0.5680647467311548,-0.6666666666666667,-0.6666666666666667,3.0,3.0,3.0,3.0,3.0,3.5,3.5833333333333335,8.0
TO,2017-11-13/2017-11-19,11,8,8,1000000,50000,46,-0.5000000000000004,0.8660254037844384,-0.6631226582407955,0.7485107481711007,7.0,1.6666666666666665,1.0,3.0,3.0,4.0,2.5,3.25,3.25,5.0
TO,2017-11-20/2017-11-26,11,5,5,1000000,50000,47,-0.5000000000000004,0.8660254037844384,-0.5680647467311559,0.8229838658936564,-0.375,0.6666666666666667,8.0,1.0,3.0,3.0,3.75,3.75,3.5,4.0
TO,2017-11-27/2017-12-03,11,4,4,1000000,50000,48,-0.5000000000000004,0.8660254037844384,-0.4647231720437684,0.88545602565321,-0.19999999999999996,0.33333333333333326,5.0,8.0,3.0,6.0,4.25,4.0,3.5833333333333335,1.0
TO,2017-11-27/2017-12-03,12,1,1,1000000,50000,48,-2.4492935982947064e-16,1.0,-0.4647231720437684,0.88545602565321,-0.75,0.0,4.0,5.0,1.0,3.0,4.5,3.75,3.8333333333333335,4.0
TO,2017-12-04/2017-12-10,12,4,4,1000000,50000,49,-2.4492935982947064e-16,1.0,-0.35460488704253595,0.9350162426854147,3.0,-0.5,1.0,4.0,8.0,3.0,4.5,3.5,3.6666666666666665,4.0
TO,2017-12-11/2017-12-17,12,4,4,1000000,50000,50,-2.4492935982947064e-16,1.0,-0.2393156642875578,0.970941817426052,0.0,-0.19999999999999996,4.0,1.0,5.0,3.0,3.5,3.625,3.6666666666666665,1.0
TO,2017-12-18/2017-12-24,12,1,1,1000000,50000,51,-2.4492935982947064e-16,1.0,-0.12053668025532363,0.992708874098054,-0.75,-0.75,4.0,4.0,4.0,3.0,3.25,3.75,3.75,4.0
TO,2017-12-25/2017-12-31,12,4,4,1000000,50000,52,-2.4492935982947064e-16,1.0,6.432490598706546e-16,1.0,3.0,3.0,1.0,4.0,1.0,1.0,2.5,3.5,3.3333333333333335,5.0
TO,2018-01-01/2018-01-07,1,5,5,1000000,50000,1,0.49999999999999994,0.8660254037844387,0.12053668025532305,0.992708874098054,0.25,0.25,4.0,1.0,4.0,8.0,3.25,3.875,3.4166666666666665,4.0
TO,2018-01-08/2018-01-14,1,4,4,1000000,50000,2,0.49999999999999994,0.8660254037844387,0.23931566428755774,0.970941817426052,-0.19999999999999996,0.0,5.0,4.0,4.0,5.0,3.5,3.5,3.5833333333333335,4.0
TO,2018-01-15/2018-01-21,1,4,4,1000000,50000,3,0.49999999999999994,0.8660254037844387,0.3546048870425356,0.9350162426854148,0.0,3.0,4.0,5.0,1.0,4.0,3.5,3.375,3.6666666666666665,3.0
TO,2018-01-29/2018-02-04,1,3,3,1000000,50000,5,0.49999999999999994,0.8660254037844387,0.5680647467311558,0.8229838658936564,-0.25,-0.25,4.0,4.0,4.0,1.0,4.25,3.375,3.75,3.0
TO,2018-01-29/2018-02-04,2,3,3,1000000,50000,5,0.8660254037844386,0.5000000000000001,0.5680647467311558,0.8229838658936564,0.0,-0.4,3.0,4.0,5.0,4.0,4.0,3.625,3.9166666666666665,4.0
TO,2018-02-05/2018-02-11,2,4,4,1000000,50000,6,0.8660254037844386,0.5000000000000001,0.6631226582407952,0.7485107481711011,0.33333333333333326,0.0,3.0,3.0,4.0,4.0,3.5,3.5,3.5,3.0
TO,2018-02-12/2018-02-18,2,3,3,1000000,50000,7,0.8660254037844386,0.5000000000000001,0.7485107481711011,0.6631226582407953,-0.25,-0.25,4.0,3.0,4.0,1.0,3.5,3.5,3.4166666666666665,5.0
TO,2018-02-19/2018-02-25,2,5,5,1000000,50000,8,0.8660254037844386,0.5000000000000001,0.8229838658936564,0.5680647467311559,0.6666666666666667,0.6666666666666667,3.0,4.0,3.0,4.0,3.25,3.75,3.3333333333333335,5.0
TO,2018-02-26/2018-03-04,2,5,5,1000000,50000,9,0.8660254037844386,0.5000000000000001,0.8854560256532099,0.4647231720437686,0.0,0.6666666666666667,5.0,3.0,3.0,5.0,3.75,3.875,3.6666666666666665,3.0
TO,2018-02-26/2018-03-04,3,3,3,1000000,50000,9,1.0,6.123233995736766e-17,0.8854560256532099,0.4647231720437686,-0.4,-0.25,5.0,5.0,4.0,4.0,4.25,3.875,3.75,6.0
TO,2018-03-05/2018-03-11,3,6,6,1000000,50000,10,1.0,6.123233995736766e-17,0.9350162426854148,0.35460488704253557,1.0,1.0,3.0,5.0,3.0,4.0,4.0,3.75,3.6666666666666665,3.0
TO,2018-03-12/2018-03-18,3,3,3,1000000,50000,11,1.0,6.123233995736766e-17,0.970941817426052,0.23931566428755804,-0.5,-0.4,6.0,3.0,5.0,3.0,4.75,4.0,4.083333333333333,5.0
TO,2018-03-19/2018-03-25,3,5,5,1000000,50000,12,1.0,6.123233995736766e-17,0.992708874098054,0.120536680255323,0.6666666666666667,0.0,3.0,6.0,5.0,3.0,4.25,4.0,4.0,3.0
TO,2018-03-26/2018-04-01,3,3,3,1000000,50000,13,1.0,6.123233995736766e-17,1.0,-1.6081226496766364e-16,-0.4,0.0,5.0,3.0,3.0,4.0,4.25,4.25,4.0,7.0
TO,2018-04-02/2018-04-08,4,7,7,1000000,50000,14,0.8660254037844387,-0.4999999999999998,0.992708874098054,-0.12053668025532288,1.3333333333333335,0.16666666666666674,3.0,5.0,6.0,3.0,4.25,4.125,3.9166666666666665,4.0
TO,2018-04-09/2018-04-15,4,4,4,1000000,50000,15,0.8660254037844387,-0.4999999999999998,0.9709418174260521,-0.2393156642875575,-0.4285714285714286,0.33333333333333326,7.0,3.0,3.0,5.0,4.5,4.625,4.166666666666667,3.0
TO,2018-04-16/2018-04-22,4,3,3,1000000,50000,16,0.8660254037844387,-0.4999999999999998,0.9350162426854148,-0.35460488704253545,-0.25,-0.4,4.0,7.0,5.0,5.0,4.75,4.5,4.25,5.0
TO,2018-04-23/2018-04-29,4,5,5,1000000,50000,17,0.8660254037844387,-0.4999999999999998,0.8854560256532099,-0.4647231720437685,0.6666666666666667,0.6666666666666667,3.0,4.0,3.0,3.0,4.25,4.25,4.25,4.0
TO,2018-04-30/2018-05-06,5,4,4,1000000,50000,18,0.49999999999999994,-0.8660254037844387,0.8229838658936565,-0.5680647467311557,-0.19999999999999996,-0.4285714285714286,5.0,3.0,7.0,6.0,4.75,4.5,4.333333333333333,6.0
TO,2018-05-07/2018-05-13,5,6,6,1000000,50000,19,0.49999999999999994,-0.8660254037844387,0.7485107481711013,-0.663122658240795,0.5,0.5,4.0,5.0,4.0,3.0,4.0,4.25,4.416666666666667,4.0
TO,2018-05-14/2018-05-20,5,4,4,1000000,50000,20,0.49999999999999994,-0.8660254037844387,0.6631226582407952,-0.7485107481711012,-0.33333333333333337,0.33333333333333326,6.0,4.0,3.0,5.0,4.5,4.625,4.5,2.0
TO,2018-05-28/2018-06-03,5,2,2,1000000,50000,22,0.49999999999999994,-0.8660254037844387,0.46472317204376906,-0.8854560256532096,-0.5,-0.6,4.0,6.0,5.0,3.0,4.75,4.5,4.416666666666667,1.0
TO,2018-05-28/2018-06-03,6,1,1,1000000,50000,22,1.2246467991473532e-16,-1.0,0.46472317204376906,-0.8854560256532096,-0.5,-0.75,2.0,4.0,4.0,7.0,4.0,4.375,4.333333333333333,5.0
TO,2018-06-04/2018-06-10,6,5,5,1000000,50000,23,1.2246467991473532e-16,-1.0,0.35460488704253584,-0.9350162426854147,4.0,-0.16666666666666663,1.0,2.0,6.0,4.0,3.25,3.625,3.9166666666666665,5.0
TO,2018-06-11/2018-06-17,6,5,5,1000000,50000,24,1.2246467991473532e-16,-1.0,0.23931566428755768,-0.970941817426052,0.0,0.25,5.0,1.0,4.0,3.0,3.0,3.75,4.083333333333333,4.0
TO,2018-06-18/2018-06-24,6,4,4,1000000,50000,25,1.2246467991473532e-16,-1.0,0.12053668025532308,-0.992708874098054,-0.19999999999999996,1.0,5.0,5.0,2.0,5.0,3.25,4.0,4.083333333333333,3.0
TO,2018-06-25/2018-07-01,6,3,3,1000000,50000,26,1.2246467991473532e-16,-1.0,-3.216245299353273e-16,-1.0,-0.25,2.0,4.0,5.0,1.0,4.0,3.75,3.875,4.166666666666667,1.0
TO,2018-06-25/2018-07-01,7,1,1,1000000,50000,26,-0.4999999999999997,-0.8660254037844388,-3.216245299353273e-16,-1.0,-0.6666666666666667,-0.8,3.0,4.0,5.0,6.0,4.25,3.75,3.8333333333333335,2.0
TO,2018-07-02/2018-07-08,7,2,2,1000000,50000,27,-0.4999999999999997,-0.8660254037844388,-0.12053668025532283,-0.992708874098054,1.0,-0.6,1.0,3.0,5.0,4.0,3.25,3.125,3.5833333333333335,5.0
TO,2018-07-09/2018-07-15,7,5,5,1000000,50000,28,-0.4999999999999997,-0.8660254037844388,-0.23931566428755743,-0.9709418174260521,1.5,0.25,2.0,1.0,4.0,2.0,2.5,2.875,3.5,5.0
TO,2018-07-16/2018-07-22,7,5,5,1000000,50000,29,-0.4999999999999997,-0.8660254037844388,-0.3546048870425356,-0.9350162426854148,0.0,0.6666666666666667,5.0,2.0,3.0,1.0,2.75,3.25,3.5,6.0
TO,2018-07-23/2018-07-29,7,6,6,1000000,50000,30,-0.4999999999999997,-0.8660254037844388,-0.46472317204376806,-0.8854560256532101,0.19999999999999996,5.0,5.0,5.0,1.0,5.0,3.25,3.75,3.5833333333333335,3.0
TO,2018-07-30/2018-08-05,7,3,3,1000000,50000,31,-0.4999999999999997,-0.8660254037844388,-0.5680647467311556,-0.8229838658936565,-0.5,0.5,6.0,5.0,2.0,5.0,4.5,3.875,3.5833333333333335,4.0
TO,2018-07-30/2018-08-05,8,4,4,1000000,50000,31,-0.8660254037844384,-0.5000000000000004,-0.5680647467311556,-0.8229838658936565,0.33333333333333326,-0.19999999999999996,3.0,6.0,5.0,4.0,4.75,3.625,3.5,7.0
TO,2018-08-06/2018-08-12,8,7,7,1000000,50000,32,-0.8660254037844384,-0.5000000000000004,-0.663122658240795,-0.7485107481711013,0.75,0.3999999999999999,4.0,3.0,5.0,3.0,4.5,3.625,3.6666666666666665,2.0
